ATER,MBRX,TECX,HOLO,MNPR,DRUG,SEZL,DAVE,LUNR,APLT,DNTH,PI,BBW,EML,JANX,CWST,GEHC,ESGR,AVA,FSI,CHWY,ACLS,AITR,ALCY,AQU,ATMV,AY,CBRG,CLRC,CSLM,DUET,ENV,ESHA,FORL,GDST,IPXX,IROH,IVCP,LATG,MARX,MNTN,NVAC,PLAO,RENE,RFAC,SKGR,SVII,TGAA,THCP,TLGY,VMCA,YOTA
-0.042979986,0.028138488,0.013888875,-0.097765365,0.081081067,-0.091897787,-0.009345741,-0.025522073,-0.050847411,-0.013736316,0.13624458,-0.040930194,-0.003921575,0.033088203,-0.065335775,-0.032829461,-0.003404506,-0.018767703,0.007489611,-0.016129017,-0.065771866,-0.030468273,0.000986122,0,0.007483712,0,-0.014097798,0.00183819,0.002700332,0,0,-0.023987148,-0.000878117,0,0,0.001926734,0,0,0,0.001409717,0,0,0,0,0,0.000923382,-0.000368841,0.005434821,0,0,0,0.00384615
-0.020958082,-0.042105224,0.013698617,-0.040247655,0.022500038,0.023952145,-0.04716981,-0.013095198,-0.058035765,0.055710321,0.002305898,-0.016488853,-0.009186395,0.024466244,0.018446561,-0.009279635,0.006043872,0.001978643,-0.003303935,0.010928951,-0.00718389,-0.039612975,0.002955733,0.002780377,-0.001857053,0,-0.000953311,0.001834904,0,0,0,0.00206531,0,0,-0.001385073,-0.004326931,0,0,0,0.000469274,0,0,0.000899301,0.000911511,0,0.00092253,0,0.000450375,0,0,0,-0.001915661
-0.027522947,-0.076923132,-0.006756804,-0.100000012,0.036674722,-0.005847948,-0.029702988,0,0.090047425,-0.406332448,-0.013036816,-0.007519731,-0.003532006,-0.036039944,-0.017159138,-0.001355689,0.000653037,-0.008661008,0.000276197,-0.028108132,-0.014471744,0.014638807,0,0,0,0,0,0.002747228,0,0,0,-0.004946448,0,0,0,0.002414348,0,-0.001839881,0,-0.000938108,0,0,0,0,0,0,-0.00092253,-0.00090043,-0.000978496,0,0,0.002879053
-0.003144614,-0.144047614,-0.01360543,-0.129032274,0.011792498,0.105882319,-0.046428563,0.077201489,-0.004347822,0.00444444,0.031080076,0.053285316,-0.00708905,0.018918922,0.046556695,0.026533402,0.009658025,0.001607519,0.00883733,0.006674063,0.012726394,0.026648556,9.82E-05,0,0,0.000933728,0.008587801,-0.001643804,-0.000897687,0.000918207,-0.002727248,0.062344702,0.00195317,0.007604555,0,0.001926734,0,-0.00092168,0,0.000938989,0,0.010752678,0.001796901,0,0,0,0.001846764,0.009463681,0,0.000902548,0,0
0.006309161,0.001390886,-0.020689581,0.222222292,0.027972002,0.06329785,-0.098983431,-0.008958558,0.004366808,0.017699098,0.120572673,-0.00849058,-0.017402918,-0.000884194,0.014828531,0.002885283,-0.009048564,-0.034506768,-0.008759915,0,0.022232918,-0.006778538,0.000883982,-0.000382418,0.0065116,0,-0.001419053,-0.001097703,-0.002695394,0,0,-0.000779897,0.001949269,-0.002830253,0,-0.000961469,0,0,0,0,0.002749746,0,0,0.000910768,0,0,0.000921592,-0.00892852,0,0,0,0
-0.028213176,0.038888883,0.021126683,-0.08080813,0.004535143,-0.019509713,-0.02078387,0.097175098,0.230434775,0.165217444,-0.193006046,-0.005827848,0.017711144,-0.00221244,0.016438384,-0.001678247,-0.006391932,-7.22E-05,-0.003313972,-0.001104958,-0.05721036,-0.033874321,0,0.001434753,0,0,-0.014211328,0,0,0,-0.000911598,-0.01209754,-0.002918262,0.000946095,-0.004160807,0.000962394,0,0,0,0,-0.001736751,0,0,0.000909939,0,0,0.000920831,0,0.000979454,0.00360685,0,0
-0.064516163,-0.0508022,-0.020689581,-0.018315019,-0.006771949,-0.045918383,0.030927849,-0.031925893,-0.155476972,-0.08955224,-0.015833298,-0.024763725,0.00044624,0.037694031,-0.061096163,0.009005764,0.001050306,-0.009974737,-0.016902206,-0.009955756,0.004513548,-0.010854601,0,0.002865304,0.015711653,0,-0.02450746,0,0,0,0,0.008690472,0,-0.002835514,0,0,0,0,0,-0.000938108,-9.15E-05,0,0,-0.000909112,0.000931988,0.000921592,-0.000919984,0.005405357,0.001956899,0,0,0
0.017241363,0,-0.007042302,-0.055970151,-0.011363679,0.032620315,0.074117661,0.038297939,0.071129636,0.02459014,0.010160871,-0.021099039,-0.010704718,0.047008564,-0.028708153,0.018921861,-0.001049204,-0.011389337,0.005918802,-0.005586587,-0.044433413,-0.006096472,0.000490688,-0.002857117,0,0.001865625,0,0.000915772,0.005405357,0,0,-0.015468982,0,0.001895688,0,-0.000769175,0,0.001844973,0,0.004694854,0.000915772,0,-0.002062759,0.000909939,0,0,0.000460416,-0.004480304,0,0,0,0.004784707
-0.016949137,-0.07042247,-0.049645399,-0.011857678,-0.048275872,0.009839489,0.136363622,0.048155666,0.011718739,0,0.026823109,0.024436051,-0.025698814,0.01428573,-0.045320203,-0.023359028,-0.015754194,-0.013588334,-0.049873882,-0.016853917,-0.019331188,0.04828246,-0.000490448,0.000955041,0,0.00093112,-0.015763532,0.000457467,-0.000896078,0,0.002737202,-0.007557623,0.000975632,0,0,-0.004041553,0,0,0,-0.003738314,0.002744715,0,0,0,0,0,0.001380611,0,-0.001953077,0.000898493,0,0.00380952
0.006896566,-0.060606091,0,-0.075999985,0.057971076,0.025641001,0.171084301,0.017595339,0,-0.019999981,-0.038367369,0.114006112,0.009717681,-0.020120724,-0.020639816,0.004544334,-0.029611861,-0.006438576,0.00058981,-0.028571401,0.011720794,0.005934959,0.000981377,0,-0.018198345,0,-0.034534467,0.003200718,0.004484322,0,0.000909939,-0.01683367,0,0.000946095,0,0.002415422,0,-0.002762406,0.00362647,0.000938108,-0.002737202,-0.011524833,0,0,0,0,0,0,0,0,0,0
-0.013698658,-0.109677449,0,-0.047619063,-0.121004611,-0.047500014,0.301646097,0.147934677,-0.007722001,0.016326515,-0.023769078,0.03151425,0.008249327,0,-0.028450949,0.001904806,0.010584146,0.004822541,-0.013262622,-0.011764764,0.015271244,0.044291192,0,0.00095422,0.00648746,0.000930254,0.00777603,0,-0.000892878,0,0,-0.002038367,0,0,0,-0.001445816,0,0,0,0.000937229,0.003659649,0,0,0,0,-0.000920744,-0.000919139,0.000900111,0,0,0.000893676,0
0.031250013,-0.009057963,-0.007462679,-0.077272762,-0.046753203,0.016272976,0.165349402,0.029288735,0.015564188,0.020080302,0.039130418,0.022035338,-0.000454556,0.012730984,0.003253767,0.004752779,0.008025082,0.019722456,0.005376353,0,0.003630689,0.047505382,0.000980415,0,0,0,-0.004629637,0,0,0,0,0.036151971,0.000974681,0,0,0.000965273,0,0.001846764,0,-0.000468175,0,0,0,0.000909112,0,0,-0.000459992,0,0.000978403,0.002692974,0.006250058,0.003795063
0.013468041,-0.082266942,-0.01503758,0.083743883,-0.035422374,-0.00826448,-0.001356463,0.2,0.07279696,0.082677182,0.372384927,0.045932673,0.014097293,0.006893758,0.044324308,0.011707728,0.007151515,0.028607145,0.011586435,0.059523826,0.014987029,0.047402047,0,0.000953311,-0.005985229,0,0.007751918,0,-0.002680941,0,0,0.010841696,-0.000973732,0,0,0,0,0,0.002710089,0.000468395,0,0,0,0.000908286,0.004655511,0,0.000460204,0,0,0.002506703,0,0
0.019933595,-0.089641413,0.015267161,-0.027272745,0.002824856,0,-0.093181206,0.138888835,-0.010714276,-0.018181801,0.059756071,0.035749891,-0.032735407,-0.017317773,-0.008281566,0.000935058,-0.012995729,-0.006220027,0.006167374,0.005617972,0.010692515,0.010516369,0,0.009523846,-0.000463188,0,-0.001538497,0,0.039426572,0.004587174,0,0.002730097,0.001949269,0.002835514,0.005570981,0,0,0,-0.000900921,-0.000936351,0,0,0,0,0,0.018894002,0.000919984,0,0,0,0,-0.006805251
0.019543916,0.109409285,0,-0.042056058,0.033802852,0,-0.06321152,0.046995892,-0.046931364,0.0037037,0.028768701,-0.019805837,0.002781616,0.018442655,-0.021920672,-0.008057863,-0.028776913,0.000539546,-0.025102068,0.022346414,-0.020151114,0.005598211,-0.000979454,-0.00849058,0,0,-0.019003541,0,-0.035344895,0.001826526,0,-0.009140362,0.002918355,-0.001884967,0,0,0,0.000921592,0,0.000937229,-0.004557902,0,0,0,0,0,0,0,0,-0.002500436,0.001774579,0.006851879
-0.05750801,-0.03747539,-0.00751879,-0.053658555,0.008174379,-0.005208328,0.063639202,-0.048295475,-0.026515215,0.077490788,-0.001677784,-0.004217757,0.022191469,0.015291716,0.026680897,-0.001177373,0.018448632,-0.003810885,0.016167577,-0.005464476,0.021593833,-0.027121569,0,0.004757392,-0.001853522,0,0.007853383,-0.001185095,0,0.000911511,-0.004545472,0.017860644,-0.003879725,0,0,0,0,0,0,0.002808964,0,0,0,0,0,0,-0.000459569,0,0,0,0,0.001890402
0.020339025,-0.004098369,0.030303001,0.005154659,-0.016216201,-0.000523522,0.044497999,-0.1208955,0,-0.003424654,0.001680604,-0.006107123,-0.008593421,-0.009116114,-0.030145527,0.009429551,0.003842442,-0.015662768,-0.004714197,-0.016483566,-0.024660375,-0.036827851,0.000980415,0,0.000928438,0.000929389,-0.005714317,0,-0.003574617,-0.005464432,0,0.011762449,0,0.000944309,0,0,0,0.01012897,0,-0.000747,0,0.011659203,0,0,0,-0.014020867,0,-0.000899301,0.00097754,0,0,0
-0.003322216,0.008230469,0.007352993,0.153846154,-0.010989066,-0.002095373,0.157167496,0.202037372,0.18677044,0.030927805,0.073825596,0.019028723,0.023266434,-0.003199997,0.020364473,0.009107879,0.016814705,-0.002749771,0.012729435,-0.011173174,0.005159979,0.023840392,0,-0.003787875,0,0,0.012016795,0,0.001793763,0.004120886,-0.000913263,0.029540675,0.005842207,0,0.001385073,0.000964342,0,0,0.000901734,0.001681985,0,0,0.001168373,0,-0.002780327,0.000917452,0,0.000900111,0,0,0,0
0.0333333,0.028571425,-0.160583957,-0.079999966,0.047222245,0.128608991,-0.030845812,-0.012429447,0.114754147,-0.00999999,0.013541579,-0.030149762,0.011145787,-0.016452642,-0.037815188,0.000925733,-0.005108864,0.010367674,-0.002046176,0.045197765,-0.057494813,-0.007513722,-0.000979454,0.000475205,0,0,0.00361382,0,0,-0.00136802,0,-0.032395409,-0.00484029,0.000943328,0,0.000963413,0,0,0,-0.000932857,0,-0.011524833,0.003590661,0.000907375,0,0,0.000459781,0,0,0,0,0
-0.04193552,0,0.09565215,-0.028985525,-0.108753339,0.004651158,-0.024897265,-0.009725405,0.111764666,0.053872082,-0.023638186,-0.027476914,-0.00661374,0.003263971,-0.065502122,-0.013410447,-0.00864864,-0.028855223,-0.003807881,0.0108108,-0.029411814,-0.025185522,0.000980415,0.001425211,0,0.000928438,-0.013374497,-0.000638858,-0.000895276,0,0,-0.022383814,0,-0.000942439,0.00138307,0.000962394,0,0,0,-0.002801096,0,0,0.00089439,0.000181311,0,0.006416104,0,0,0.000976585,0,-0.00885743,0.000943328
0.043771084,0.025793673,0.0079365,-0.039801051,0.104166712,-0.004629625,0.158199475,0.053148475,-0.023809501,-0.003194961,0.09052628,0.04145181,0.013315545,-0.017893474,-0.008177645,0.015584742,0.013495063,0.003484554,0.014407577,0,0.004489334,0.004921179,0,0.001897577,0,0.00185533,0.02659021,-0.003652965,0,0,-0.000914011,0.019569472,0.005836617,0,-0.000920744,-0.000961469,0,0,0,-0.003745315,0.001831456,0,0.000893676,-0.000181278,0,-0.004553665,0.000919139,0.003597119,0,0,0.004468292,0
0.12903223,-0.019342341,0.007874008,-0.051813474,-0.018867906,0.004651158,-0.036363602,0.207350564,0.013550122,-0.032051253,-0.025096456,0.00049508,-0.004818248,-0.004140803,-0.020023567,0.006576667,-0.005917886,-0.001157485,-0.01130433,0.005347588,-0.003910598,0.00711602,0,-0.000946991,0,0,-0.0253936,0.001833223,0,0,0,0.004606558,0,0,0,0.000962394,0,0,0,-0.000939871,0.000914098,0,0,0,0,0.006404363,-0.000918295,0,0,0,0,0.003770025
-0.017142807,0.023668568,0.015625048,-0.071038213,-0.021978066,-0.046296361,-0.084669812,0.004089057,-0.021390354,-0.003311255,0.027227684,0.027906973,-0.009683069,0.00540545,0.044471142,-0.012379576,-0.006764984,0.009681867,-0.030196387,-0.010638288,-0.050476703,-0.01078862,0,-0.001895778,0.00185533,0,-0.031266304,0.003659649,0,0.000913263,0.002927684,-0.024073334,0,0.000943328,0,0.00048078,0,0,0,0,0,0.008968644,0,0.000906639,0,0,0,-0.004480304,0,0.002685742,0.005338116,0
-0.008720991,-0.013487417,0.0076923,-0.111764683,-0.073033706,-0.009708729,0.00489561,0.039366467,-0.010929016,0.043189407,0.10024096,0.015788961,-0.025777774,0.006203458,0.021864274,0.015668505,0.116469078,0.00451685,-0.006045972,0,0.011813281,-0.002918507,0.000979454,0,0,0,0.014523962,0.007292609,0,0,0.001642004,0.023296762,-0.003868468,0,0,0,0,0,0,0.001881421,0,0.021333313,0,0,0,-0.004545472,0.00183819,0,-0.001951264,0,0,0.004694854
0.014662743,0.015624915,0.00763358,10.9205295,-0.060606076,-0.014705869,0.038717906,-0.043099687,-0.033149141,-0.1082803,0.060008797,0.015069627,-0.006386833,-0.001233074,-0.007882848,-0.002856816,-0.001586106,0.003759358,-0.007299321,0.048387114,-0.011675357,0.012863951,0.000978403,0.002849068,0.000925947,0.000925947,-0.004772012,-0.004524904,0,0,0,-0.011861468,0.000970896,0.001885057,0,0.001441648,0,0,0,0,0,0,0.001785755,0.003623185,0,0.013698683,0.001834904,0,0,0,-0.000884976,0
0.052023143,-0.051923041,-0.015151501,0.594444444,0.054838736,-0.054726376,0.045174078,-0.085077296,0.079999992,-0.032142827,-0.041322313,-0.007376293,0.016069718,0,0.044267806,0.000229162,0.002810653,-0.012300823,0.007965752,-0.020512862,-0.020673383,-0.070271542,-0.000977446,-0.001893983,-0.000925091,0,-0.019712351,0,0,0.001824772,0,-0.002904192,0.001939816,-0.002351888,0,0,0,0,0,0,0.000913263,0,-0.000891286,0,0,0,-0.000915772,-0.00135008,0,0,0.00088576,0
0.186813242,0.04868158,0.0153846,-0.257839721,0.070336398,0.005263153,0.027869634,0.027846815,0.32010577,0.025830233,0.031896541,0.035086101,0.019430652,0.00370371,0.025000054,0.022914757,-0.008774083,0.019554667,0.007902684,0.015706854,0.049457159,0.025112472,-0.000195681,0,0,-0.000925091,0.002173963,-0.00363636,0,-0.001821449,0,0.015922324,-0.00193606,0,0,-0.000959715,0,0,0,-0.000938899,0,0,0,-0.002707557,0,0.013513479,0,0,0,0,-0.002654844,0.019626172
-0.041666681,0,-0.015151501,-0.198122051,-0.054285731,-0.005235597,0.079963224,0.013546235,0.062124335,0.014388476,-0.029657518,-0.010814271,0.000443273,-0.015580122,-0.086956588,-0.001008024,0.022498179,0.025305387,0.006634536,0.010309268,0.007471326,-0.023938717,0,0,0.001851806,0,0.029826422,-0.00091243,0.000896078,0,-0.000910681,0.01337922,0.000969862,0.00141446,0.000921592,0.003842456,0,0,0,0.000939781,0,0,0,0,0,0,0.001833223,-0.000450664,0.001466309,0,0.002661911,0
-0.057971059,-0.013539708,0,0.377049138,-0.003021145,0.015789459,-0.028723372,-0.013365187,-0.028301904,-0.03546096,0.005596258,-0.05383556,-0.030128503,-0.012911265,-0.078977916,-0.016145335,-0.010340274,-0.036096567,-0.032055113,-0.030612276,-0.04620658,-0.032455864,0.000685063,0,0,0,-0.023170118,0.008036557,0,-0.003649632,0,-0.052244444,-0.001937937,-0.000941641,0,-0.003827748,0,0,0,-0.000938899,0.006386833,0,-0.000892081,-0.000724016,0,-0.028444417,-0.001829868,0,0.000488054,0,-0.001769952,0
0.097435946,0,-0.007692361,-0.042091811,0.021212101,0.012953418,0.072289137,0.054668561,-0.033009723,-0.014705868,0.017123271,0.002815816,0.010507147,0.021097046,0.139974799,0.047977198,0.010448313,0.020255276,-0.000928585,0.005263153,0.043062276,0.019011407,0.000488915,0.000948788,0,0,0.003234576,0,0,0,0,0.013930363,0.000970896,0.001885057,0,0.000960637,0,0,0,0,0,0,0.000892878,0.001630194,0,0.018298244,0,-0.000901734,-0.001951264,0.001785755,-0.001773006,0
0.102803737,-0.019607825,0.015503923,0.375943168,0.00890214,0.002557542,-0.00919307,0.043578018,0.345381483,0.399253696,0.005471345,0.033501153,0.02576852,0.02727272,0.05088496,0.009134449,0.029577962,0.03833221,0.044299887,0.010471194,0.001146706,-0.011111081,0.00097754,-0.000947889,0,0,0.034390079,-0.00253668,0,0.002747228,0,0.016682992,0,-0.001881511,0,-0.000959715,0,0,0.004504436,0,0.000906639,0,0.002676158,0.001808273,0,0,0.000916611,0,0,0.000891201,0,0
-0.055084731,-0.004000008,-0.015267221,1.140645083,0.008823521,-0.005102036,0.026391727,0.147252764,0.09253737,0.434666697,0.008790331,-0.037942622,0.006170092,-0.008045083,-0.007368389,-0.010452599,0.004554472,-0.01351306,-0.004153052,0,-0.037800681,-0.02079493,-0.000488292,0,0,0,0.00207797,-0.00018164,0,0,0,0.004440146,-0.000969954,0.001885057,0,0.000960637,0,-0.006381098,0,0,0,0,0,-0.002707557,0.00185869,0,-0.000915772,0,0.002932619,0,0,0
-0.044843072,0.004016072,0.007751992,-0.752712459,0.950437297,-0.041025662,0.023302529,-0.077394652,0.501366054,-0.013011184,-0.009543549,-0.014704471,0.010950504,-0.02027575,0.056203575,-0.01219648,0.004301357,0.025807582,0.011021714,-0.025906712,-0.017857098,-0.041702305,0,0.000948788,0,0,-0.00881286,0,0,0,0.011850512,-0.042667643,-0.003883491,-0.001881511,0.000920831,0.001919338,0.000999024,0,-0.002690559,0,-0.001811549,0,0,0,0,0,0.000458306,0,0.001656939,0,0,0
-0.037558692,0.001999974,0,-0.055454027,-0.147982099,-0.002673794,-0.089320757,-0.060215979,-0.151956334,-0.033898273,0.004189295,-0.003261532,-0.020797207,0.009105932,0.319277138,-0.000330711,-0.016321288,0.019169904,0.011490961,0,-0.027878732,-0.023143632,0.000488531,-0.000947889,-0.000924147,0.001851806,-0.009937266,0.000181673,0,0,-0.011711722,-0.020076289,0,0.000942529,0.001839969,-0.000957785,-0.000499013,0.004587174,0.00449642,0.003759395,-0.006352146,0,0,0,0.00185533,0,0,0.002707557,-0.001167664,-0.000890407,0,0
-0.095121963,0.02794411,-0.007692361,-0.289677429,0.964912313,0.029490588,-0.175253313,-0.015466128,-0.111587982,0.091617891,0.001251593,-0.006147696,0.012831814,0.00902384,0.111872091,0.006065318,0.031301435,-0.001046829,-0.009903878,0.037234071,0.002493704,0.019484058,0,0.001897577,0,0,-0.030110918,0,0,0.000913263,0,0.001638968,0.005847901,0,0.000918207,0,0.000499263,0.003652965,0,0,0.01278542,0,0,0,0,-0.010781661,0.000916191,-0.000900025,0,0,0.002664275,0
0.010781693,0.04854376,-0.007751931,-0.399636699,0.160714305,-0.020833314,0.11552541,0.058348258,0.158212616,0.024999977,0.018333356,0.019555014,0.019659274,-0.001626053,0.073921968,0.012386246,0.016316754,0.010073627,-0.003824686,0.0205128,0.000621905,-0.0161507,0,-0.000946991,0,0.000924236,0.004357294,0,0.002685742,0.002737202,0,0.083452687,0,0,-0.000917365,0,-0.000998027,-0.004549608,0,0,0,0,-0.002669015,0,0,-0.000908286,-0.001098406,-0.001801843,-0.00146131,0,0,-0.014665431
0.010666688,0.090740673,0.015625048,0.815431207,0.038461538,-0.010638288,0.130506084,-0.009329912,-0.346193964,-0.076654982,0.04255315,0.020158504,0.018851779,-0.002442975,-0.037603519,-0.012018196,0.017402078,-0.008567596,-0.018606056,-0.007537681,0.03169672,0.009484732,0,0.000947889,0,0,-0.027657278,0,0,0.00191082,0,-0.033415149,0.001938029,0,0.001836502,0.000958703,0.000999024,0,0,-0.002809053,0.019837715,-0.020887709,0.002676158,0.000904998,0,-0.009090944,-0.000274925,0.00722021,0,0.000891201,0,0
0.055408964,0.045840426,0,-0.214166641,-0.103703675,-0.005376339,0.200000032,0.087328722,0.069377982,0.052830136,0.000784947,0.000767404,0.003364168,-0.011020427,2.294701904,-0.00230136,0.020966606,0.010599564,0.016551286,0.012658216,0.038554179,-0.008582569,0.000195298,0,0.000925002,0.000923382,0.004461792,0,0,0,0,-0.00566408,0.00096714,0,0,0,-0.000998027,0.000914098,0,0,0,0,0,0.000452004,0,-0.005504538,0.001833223,-0.003584226,0.002926803,0,0.002657195,0.023255814
-0.02500005,-0.009740231,0.0153846,0.071049806,-0.173553745,-0.021081099,-0.09309159,0.030708689,-0.123042479,0.32616491,-0.054901946,-0.014569196,0.002095525,0.00742882,-0.063417061,-0.008677514,0.005404237,0.024784497,-0.008584876,0.00999999,-0.017981408,0.008930229,-0.00019526,-0.001893983,0,0,-0.011660244,0,0,-0.000998972,0.000911511,0.001374969,-0.004830936,-0.000941641,0,-0.000957785,-0.002997072,0,0.002685742,0,-0.011494263,0,0,-0.001355571,0,0.026752764,-0.000914934,0,-0.001945477,0,0,0
0.166666743,0.03114753,-0.00757575,-0.038613876,-0.169999981,-0.006074013,-0.107598513,0.00038198,0.02551022,-0.037837866,0.026970938,0.062348058,0.001254734,0.022122119,0.038308827,-0.001662067,-0.018705632,0.003715824,-0.008659328,0.00495049,0.041937334,0.017611966,0,0.000948788,0.000924236,0.004612564,0.008988756,0,0,0,0,0.01078853,0.005825191,0.000942529,0,0.000958703,0,0,0,0,0.001788864,0,0.0026691,0,0,0.003593887,0.002747228,0,0,0,0,0
0.04615384,-0.028616862,0.015267161,-0.071060779,0.079518052,-0.022222202,-0.03691847,-0.128675096,-0.029850796,-0.007022432,0.04040404,0.031404507,0,-0.026452899,-0.014675545,0.011209791,0.015775662,-0.014385895,0.003313271,-0.019704415,0.022108918,0.031951704,0.00039069,0.000473944,0,-0.003673091,-0.007795067,0.000908286,0,0,0,-0.008926821,-0.002895727,0,0,0.000478938,0,0,0,0,-0.006249973,0,-0.001774663,0.000904998,0,-0.006266759,-0.001826439,0,0,0,0,0
-0.084033657,0.126022949,-0.01503758,-0.140798197,0.104910667,-0.028409064,0.148681563,-0.040315517,-0.088888887,-0.024045272,-0.011262171,-0.012161587,-0.003341684,-0.006998768,-0.106146376,0.012292863,0.000107875,-0.023458848,0.004803358,-0.012562802,-0.017748286,-0.013244976,0.000585666,0.00142107,0,0.003686632,-0.019079695,0,0,-0.000909112,0.001821535,0.007636565,0.003872213,0.000941641,-0.000916611,0.000478709,0.000501013,0,0,0,0,0,0.003555552,0.003616633,0.009259206,0.000900836,0.001829781,0.000899301,0.001949269,0.002671477,0.000883412,0
0.006880782,-0.020348834,-0.00763358,-0.140645181,0.07070715,-0.064327492,0.015046273,0.643835645,-0.005628468,-0.105797103,-0.0267085,0.002336468,0.000838162,0.043117702,0.014785287,0.001301042,-0.009921339,-0.019906286,0.000896289,0.00763358,-0.019198095,-0.028937502,0.003902435,0,0,-0.003673091,-0.002860368,0,0,0,0,-0.00038866,-0.001928593,0.000470378,0,0,0,0,0,0.000938989,-0.000449247,0,-0.002657195,-0.002702764,0,-0.002700246,0,0,0,0.00088812,0,0
0.070615006,-0.00593473,0.030769201,0.013513537,-0.094339619,-0.018749982,0.056062349,-0.121666643,-0.075471713,0.047001614,0.008474539,0.009324017,-0.014656553,-0.058823512,-0.027058324,0.008229585,0.014050767,-0.013356759,-0.004776115,0.010101,-0.006332792,0.016156497,0.00097184,-0.001797545,-0.000923382,0.004608224,0.026964963,0,0,-0.00081891,-0.003545414,0.003110417,-0.00028988,-0.000470156,0,-0.00095696,-0.000500763,0,-0.003571425,-0.000938108,-0.004044951,0,0.00088812,0,0,0,-0.001826439,-0.001796986,-0.001945477,0,-0.000882633,0
0.023404271,0,-0.022388038,-0.096296296,-0.047916669,0.070063625,0.179053392,0.173307953,0.044897915,0.024767778,0.013205279,0.022472897,0.022524384,0.021114865,-0.034704043,0.01192139,-0.004726045,0.040612732,0.02039593,0,0.013904969,0.047875614,-0.003883491,0.000853074,0.000924236,0,0.013966481,-0.003629847,0,0,0,0.026550442,0,0,0.003669721,0,0.001002027,0,0.002688148,0.000938989,0,0,0.000887247,-0.000451682,0,-0.000902548,0.001829781,0.000900111,0.001949269,0,-0.000883328,0
0.039501026,0.005970161,0,-0.111475397,-0.10612694,-0.071428576,-0.073107408,-0.029649556,0.068359358,0.046827787,-0.007503971,0.00773173,0.004571929,0.004135665,-0.019699562,-0.010082833,0.013058483,-0.008516374,0.0023515,-0.045000017,0.011428615,-0.056646664,0.002046775,0.000473405,0,0,0.015978012,0,0,0,0,0.02491976,0.003189329,0.006585108,0,0,-0.002001952,0,0,0,0,0,-0.000886461,0,-0.000917365,-0.000903277,-0.001826439,0,0,-0.000887332,0.001768303,0
-0.015999973,-0.062314531,-0.00763358,-0.083025829,0.116279045,-0.038461503,-0.114934951,-0.065277735,0.087751378,-0.08513704,-0.001989624,0.005689687,0.008688419,-0.002471226,0.004019087,0.005896892,-0.009268166,0.014507486,0.012903298,0,0.031073402,0.005093376,0.002820765,0,0,0,-0.034164916,0,0.002678548,0.000819582,0,0.022103532,-0.000963413,-0.003738314,0.001828195,0.000957876,0.001002936,-0.009132368,0,0,0,0,0.001774579,0,0,-0.00090418,-0.000914934,-0.000899301,-0.000972692,-0.00088812,-0.014121787,0
-0.040650427,-0.11234183,-0.015384661,-0.016096564,-0.094298209,0.046666702,0.095627896,0.044279281,-0.02352939,-0.05205046,0.002791056,0.002228652,0.005742465,0.034269197,-0.028521375,0.000532968,-0.012688175,-0.002133382,-0.00289526,-0.020942389,-0.014794546,-0.005245412,-0.002909863,0,0,-0.002752269,-0.012352573,0,0,0,0,-0.005226183,-0.001928593,-0.001407072,0,-0.00095696,0,0,0.002681027,0.002814234,0.000992751,0,0,0,0,-0.000904998,0.000915772,0,0,0.000888909,0.012533603,0
-0.182203379,-0.001782508,0.007812493,0.370143107,-0.089588405,-0.070063701,-0.009169654,-0.038702352,-0.089500858,0.016638919,0.165009928,-0.029421783,0.019575837,0.020758502,0.028070983,0.010546477,-0.036375478,-0.000567821,-0.00522649,0.010695177,0.000556186,-0.028956992,0.000972785,-0.001419725,0,0,0.005116552,0,0,0,0,-0.013405827,-0.000966206,-0.000469715,0.00091243,-0.000478847,0,0.124423906,0,0,0,0.000888909,-0.001771435,0.002259428,0,0.000905818,-0.000914934,0,0.002921103,0.00088812,0,0
-0.12435235,-0.042857123,-0.015503862,-0.010447716,-0.0598404,-0.109589097,0.028106311,0.042628848,-0.041587862,-0.047463168,-0.082935101,0.097902649,0.160800018,0.018380963,-0.053857661,-0.003900514,-0.001695316,0.00558168,-0.015177953,0.005291,-0.041689828,-0.004970096,0,0.002843577,0,0,-0.001696871,0,0,0.000364028,0.000821077,-0.014873257,0,0.001879653,0.010938914,0.000479076,0,-0.103278709,0,0,0,0.00088812,0.002661911,0,0,0,0,0,0,0,0,0
0.047337286,-0.076492551,0.023622088,-0.030165911,-0.079207911,0,-0.030505114,-0.028109076,0.082840155,0.034364227,0.043915086,-0.01356445,0.032391406,0.095238074,0.044479753,0.016721366,0.012226897,-0.006115789,0.005927592,0.03157898,0.008700674,-0.004624919,-0.00097184,0,0,0.001839969,-0.003965988,0.024134823,0,0,-0.001823196,-0.002050338,-0.00096714,-0.001876126,0,0,0,0.000914098,0,0,0.00531963,0,-0.001769952,0.001803382,0,0,0,0,0.000485448,0,0.000884109,0
0.053672299,0.111111124,-0.007692361,-0.166407528,0.029185802,-0.016153776,0.017709745,-0.028045548,-0.03096532,-0.009966768,-0.060606021,-0.0030106,-0.034379133,-0.016479706,-0.016223051,0.004059534,0.013421283,-0.018058973,-0.010017683,-0.030612276,-0.031627329,0.024161309,0.000194538,0,0.001846764,0,-0.017064803,0,0,0,0.006392753,0.016996635,0.001936153,0,-0.010730427,0,0.001002027,-0.013698596,0,-0.000935386,0,0,-0.001773006,0,0,0.004524904,0.004578772,0,0,0,8.84E-05,-0.015454552
-0.112600526,-0.047272768,-0.023255792,-0.076492511,0.135820948,-0.046129799,0.077715871,-0.002103988,0.031954811,0.050335602,0.003415566,-0.01844448,0.00069134,0.017468866,-0.004637988,0.007878936,0.001876152,-0.003439853,0.000297683,-0.015789459,-0.009501179,0.008619949,0.00155619,-0.000945201,0,0.000918207,-0.001157434,-0.000978184,0,0.00145532,0,-0.001285577,0.00386473,0.001879653,0,0.001436815,-0.000300231,0,0,0.000936262,0.000896882,0,0.00088812,0,0,-0.006756825,-0.000455799,0,0,0,-8.84E-05,0.014773763
-0.129909404,-0.196564861,0.015873001,0.07878791,0.007884355,0.06803274,0.010973459,0.055120421,0.020947223,0.102236397,0.024962172,0.027521454,0.008290147,0.068675509,0.012943308,0.002880053,0.001211727,0.03301324,0.00297526,0.005347588,0.063549127,0.017182403,0.000194198,0.000946095,0,0,0.001158775,-0.003916737,0,0.000908286,0,0.038065459,-0.000962486,0.000938108,0.000820329,0,0,0,0,-0.002806336,0,0,0,-0.001800135,0,-0.000453439,0.000456007,0,0,0,0,-0.012738798
-0.055555464,0.04988123,-0.023437478,-0.058052476,-0.087353334,-0.056024525,0.017832246,0.055952126,0.111507582,-0.010869607,0.030996315,0.019825189,-0.01164783,0.020327896,0.018400138,0.012205153,0.003410689,0.003606036,0.002669836,0.021276576,-0.102592994,0.011939493,0,-0.000472601,0,0.000917452,0.00925925,0,0,0,-0.002722385,0.013994702,-0.001926826,-0.001874457,0,0.000478251,-0.000200341,0.000462974,0,0.002814234,-0.002688148,0,-0.002661995,0.000901734,0,0.002722299,-0.000911598,0,0,0.000887247,0,-0.019354842
11.24264611,11.9072396,0.023999977,-0.033797232,-0.014285701,0,0.142748367,0.087591179,0.027287332,-0.010988983,0.14316392,0.010473694,-0.002079704,-0.000964032,-0.008030106,-0.016111095,-0.016118351,-0.035799004,-0.003846186,-0.020833314,0.043969897,-0.015381878,-0.001941792,0.000472824,0,0,0.041857771,0,0,0,0,-0.009958132,-0.002895727,0.004694854,0,0,0.000400667,-0.000462759,0,-0.002806336,0.002695394,0,0.0026691,0,0,0.000904998,0.00091243,0,0,-0.000886461,0,0.011278184
-0.069069076,-0.079754589,-0.046874956,-0.074074045,0.028985479,-0.016260147,0.056525766,-0.01615704,-0.039062499,0,-0.029743292,0.005025515,0.013546349,0.040527447,-0.025297243,-0.00731204,-0.01615964,0.011145333,0.002079106,-0.026595719,-0.072202208,-0.027605188,0,-0.000945201,0,0.003666358,0.003852487,0,0,0.00317603,0.000909939,0.00847015,0.00677635,-0.000934601,0.003369823,0,-0.001902098,0,0,0.001876216,0.000896078,0,0,0.000900836,-0.007346182,-0.00090418,-0.000911598,0,0,0,0,0.021375422
-0.070967676,-0.108571461,0.032786853,-0.111111111,0.036619751,-0.066115736,0.097791798,0.029560336,0.159349594,-0.011851841,0.017102313,-0.010938367,0.015421482,0.034621416,0.008045715,-0.002904853,0.00894881,0.010920951,-0.001185564,0.005464476,-0.010376125,-0.01378368,0,0.000946095,0,-0.001369807,0,-0.015192058,0,-0.003165974,0,-0.016972899,0,0,0,0.000956045,0.001002936,0,0,0,0,0,0,0,0,-0.001357497,0.00091243,0.001800221,0,0.000887247,0,-0.014558676
-0.013888958,0.183760719,0,-0.064999962,0.001358662,0.035398196,0.063218391,-0.028957063,-0.035063113,0.026986481,-0.029187819,0.006556615,0.003374971,0.021810562,-0.023686972,0.027780649,0.013921611,0.029666529,0.029080104,0.032608664,0.025556971,0.041003335,0,0,0,0,-0.003289444,0.019419214,0,0.002268568,-0.001818223,0.026343886,0,0.002899919,0,-0.000477566,0.000501013,-0.000925947,0.000891201,0,-0.000895276,0,0.001774579,0.000900111,0,0.004077941,0.000911511,0.005390788,-0.000485212,0,0,0
-0.028168988,0.066786983,0.015873001,0.029411723,-0.075983711,0.025641104,-0.086594618,-0.061410167,-0.091569783,-0.007299228,-0.019607855,0.007769624,0.004709092,-0.003216392,-0.007120165,0.000911156,0.00664385,0.009419946,0.009803926,-0.010526306,0.016613434,-0.008446738,0,0,0,0,0.016501608,-0.000356121,0,-0.000452704,0,0.004335761,-0.004807619,0,0,0,-0.000500763,0,0,-0.000936351,0.000896078,0,0,-0.000899301,0,-0.002707557,0.000910768,0,0,0.00177309,0,0
-0.09057971,-0.040609099,0,-0.038961039,-0.002936855,0.14999995,-0.192093693,-0.030694653,0.064000015,-0.069117684,-0.009333356,0.001168086,-0.007700082,-0.034027569,0.00106234,-0.01638518,-0.015179901,-0.013644036,-0.009137627,0.010638288,0.011313659,0.007801316,0,0,0,0.001828944,0.010281414,0,0.001157657,0,0.001821535,-0.01070625,0,-0.001958764,0,-0.000477794,0.001002027,0.001853611,0,0,-0.000895276,0,-0.001771435,-0.000900025,0,0.00180991,-0.001819791,0,0.000970896,0.001769868,0.003533566,-0.001846676
-0.02390436,-0.038800752,0,-0.137837848,-0.057437389,0,-0.041019674,-0.002222273,-0.04511281,0.006319109,-0.101951509,-0.040603619,-0.017206486,-0.007591861,-0.048288664,-0.022724926,-0.015860585,-0.02547957,0.010086411,0.026315827,-0.020509628,-0.037458841,0,-0.001890312,0,0,-0.009105521,0,-0.000266856,-0.002717367,-0.000909112,-0.003141915,0,0,0,0,0,-0.000925091,0.001780985,0,0,0,0,0.000900836,0.004162731,-0.000903277,0,0,0.000969862,-0.000883328,0.000880302,0.013876005
-0.077551042,-0.036697214,0.015625048,0.216300931,0.003124997,-0.072463786,0.142377021,0.04398669,-0.058267699,-0.025117716,-0.017234956,-0.00210795,-0.012701646,-0.02509179,0.013102906,-0.007996655,0.010441473,0.000703097,-0.011126944,0.035897401,0.000634532,-0.010353141,0,0.001420397,0,0,-0.024324366,0,0.00044485,0.002724771,0,-0.000700419,0,0,0,-0.000478022,0.003503488,0,0.000444455,0,0.000896078,0,0,0.000900111,0,0,0.000911511,0,0.003875965,0,0,0
0.092920371,0.009523846,0.0076923,-0.051546393,-0.006230524,0.015624985,-0.129446382,0.007200012,-0.046822777,-0.046698866,-0.057186429,-0.044605179,-0.025730173,-0.011299454,-0.025866776,-0.004454796,-0.012018417,-0.007326383,-0.001154095,0.103960416,0.038680957,-0.024285434,0,0.00236412,-0.00092168,-0.002282028,0.012742463,0,0.003112481,0.003623185,0,-0.000876104,0.004830844,0.00934583,0.00299537,0.001434753,-0.000797947,0,0.000444257,0,0,0,0,0.000899301,0,-0.00180836,0,0,0.001930546,0.000884109,0.001759055,0
0.028340054,-0.018867996,-0.030534382,-0.084239091,-0.056426352,-0.1,0.043932422,-0.002382848,-0.031578918,-0.023648626,0.014557243,0.033931505,-0.000713792,0.020952376,-0.007909677,0.006712095,0.005798114,-0.00893076,-0.000577714,0.013452902,0.040903548,0.007466961,0,0,0,0,0.002735188,0,0,0,0,0.022448242,-0.00384615,-0.008333347,0.00180991,0.000955041,-0.000399387,0,0,0.005623193,0,0,0.002661911,0,0,0.001811636,0.000910768,-0.004468207,0,0.001766825,-0.000877983,-0.029197052
0.078740177,-0.028846082,-0.007874008,-0.023738849,-0.001661088,0.034188105,0.062978205,0.008492561,-0.072463786,-0.020761308,-0.060183349,0.024839584,0.027857167,0.02891792,0.099943116,0.012382324,-0.008590507,-0.004352553,0.024277462,-0.013274324,-0.01348971,-0.004941055,0.000972785,0,0,0,0.009819984,0,0.00177309,0.000902548,0,0.002058301,0,0.002801096,-0.00180664,0,-0.000299541,0,-0.00088812,0,0,0,-0.001681421,0.000898493,0,0.001808273,0.000909939,0,0,-0.000881854,0.00439369,-0.008458661
0.113138665,0.035643529,0,-0.012158101,-0.016638998,0.057851183,0.003322335,-0.052631579,-0.007812493,-0.015901003,0.022900802,0.005136432,-0.005212006,-0.033242683,0.036241203,0.011080886,-0.008778892,-0.002151552,-0.003668094,-0.013452902,0.044589775,0.039915969,-0.00097184,0,0.00092253,0,0.026472165,0,0,-0.002705116,0,0.020369779,0,0,0,0,0,0,0.000888909,0,0,0,0.000797786,0.001795288,0,-0.001805009,0,0,0.002890148,0,0,0
-0.154098372,-0.005736178,-0.0079365,-0.055384592,0.082910366,-0.046874956,-0.052152404,0.007777744,-0.015748017,-0.012567355,-0.053897226,-0.016608066,-0.006287056,0.023132222,0.114664009,-0.000827149,-0.017828422,-0.018585149,-0.040498449,-0.040909159,-0.009675588,-0.034527108,0,0.000943328,0,0,-0.020526284,0,0.001769868,0.001808273,-0.00272973,-0.023318225,-0.002895727,0.005586631,0.000452499,0.00095422,0,0.002777753,0.00088812,0,0,0,0.00088576,0,0,0,0.000454556,0.004488262,0,0.000882633,-0.000874911,0.006161098
-0.003875965,-0.082692278,0.015999985,-0.084690564,0.203124952,0.032786853,-0.015866032,0.006063981,0.047999954,-0.029090881,0.091148114,0.013640733,-0.010544855,-0.001527627,0.120573761,0.005587758,0.033024941,-0.0066611,0.007674094,0,0.065517317,0.028343194,0,0,0.000921592,0.000914847,0.032778006,0,-0.00167845,0.001805095,0,0.013740969,0.004356251,0.001851806,-0.000452294,0.001906621,0,-0.002770058,0,0,0.000895276,0,0.001769868,0.000896078,0,0.001808273,0,0,0.000960637,0,0,0
-0.073929893,-0.029979062,0,0.035587188,0.014285732,0.0079365,-0.036385136,-0.051506879,-0.030534323,-0.033707921,0.039759028,-0.038929775,-0.012433406,-0.01560594,0.053000031,-0.01996298,-0.021879609,-0.008215414,-0.004100744,0,-0.048543769,-0.032463948,0.00194557,0,0,0.001828195,-0.051508835,0,0,0,0,-0.029142684,0,0.000184829,0.002714908,0,0.001997952,0.000925947,0.002661911,0,0.001788864,0,0,0,0,-0.000902548,0.000908699,0.001787351,-0.000959715,0,0,0
-0.067226924,-0.036092462,-0.007874008,-0.151202734,-0.033290622,-0.031496033,0.000920914,0.011842861,-0.043307046,-0.019379827,-0.023947429,-0.012335417,-0.007913645,-0.007460301,-0.015004765,0.004199932,-0.001738543,-0.006088716,-0.004705878,-0.014217997,-0.060657581,-0.002676597,-0.000970896,0.000942529,0,0,-0.044980785,0.001780985,0.012299791,0.002702679,0,-0.013263496,-0.002409602,-0.000184795,0,0,0,0,0,-0.002795875,-0.001517875,0.102040778,-0.000883328,0,0.003224395,0,0,0.000892081,0.009606185,0.000881854,0,0
-0.009009,-0.040358706,0,-0.040485829,-0.035761586,-0.073170758,-0.076982066,0.012988919,0.037037001,0.017786592,-0.044717097,0.024388181,-0.00290065,-0.018477925,-0.025260342,-0.013906335,-0.002902589,0.005021917,-0.02157209,-0.009615376,-0.000603514,-9.59E-05,0.00097184,0,0.005524901,0.003649632,-0.014933959,0,-0.0034965,0.000898493,0,0.093031451,0,0,-0.001805009,0.000285376,0.001994064,0,0,0,0.005097037,-0.013687607,0.000884109,0,0,0,0.001361724,0,0.001902902,-0.001762155,0,0
-0.040909159,0,-0.031746002,-0.054852367,-0.100274725,0,0.069280646,-0.044666734,-0.005952328,-0.062135955,-0.033139986,-0.010709309,-0.006545466,-0.062539916,-0.051236403,-0.0197222,-0.008034407,-0.019491105,0.018725428,-0.014563093,-0.001207642,-0.024923298,0,0,0,0,0.030320727,-0.000888909,-0.006140324,-0.000897687,0,0.006472517,0.002898525,0,0,0.00066593,0,0,-0.002654844,0,0,-0.07673466,0.000883412,0.000895276,0,0.001806726,0,0,0,0,0.001313515,0
0.004739332,0.057009333,0.016393427,0.316964308,0.035114506,0.035087686,-0.08716595,0.006194663,0.05988018,-0.018633572,0.012424979,0.016570951,0.008052753,0.000340375,0.018557119,-0.00086527,-0.002582477,0.002277016,0.018677767,0.019704415,-0.02539299,-0.034113264,0.000970896,-0.000470821,0,0,0.032823991,0,0,0,0,0.000321551,0,0.000924236,0,0,-0.002985048,-0.000462545,0.002661911,0,0,0,0,0.000447237,0.000918207,-0.000450867,-0.00045332,0.000891201,0,0,-0.003060848,0
-0.033018838,0.027851442,-0.032258098,-0.054237301,-0.056047213,-0.050847411,-0.048851046,-0.02345351,-0.020715656,-0.075949298,-0.016081218,-0.047182192,0.023602019,0.007145321,-0.00327533,0.011475561,-0.005649092,0.027983159,0.020954634,-0.004830913,0.001860966,-0.035216276,0,-0.001413037,0,0,0.007671199,0,0,0.000628928,0,0.017839932,0,-0.000923382,0,0,0.001995958,0,-0.001769952,-0.002803713,0,0.000884109,0,-0.000447037,0,0.00045107,-0.001360489,0,-0.001899288,0,0.001754426,0
0.03902447,-0.075268795,0,-0.053763442,-0.012499988,0,-0.117752357,0.087361145,-0.007692301,0.006849254,-0.000430117,0.033958021,0.021638833,0.049662138,0.003902289,0.00706407,-0.002130433,0.008594316,0.007696597,-0.009708729,-0.027863766,0.022892691,-0.000969954,0.000943328,0.000915772,0,0.006525331,0,0.001765265,0,0,-0.025580336,-0.002890148,0,0.001808273,0.000950501,0.000996039,-0.000462759,0,0,0,0,0,0,0,-0.000901734,0.000908286,-0.002671392,0,0,0,0.000471042
0.032863817,0.069767372,0.008333392,-0.030303002,0.028480985,0,0.132860027,0.155991097,0.065891504,0.011337912,0.00774528,0.028352904,0.017013948,0.030254221,0.018412391,0.014241726,0.022891713,0.008973349,0.00650646,-0.004901956,-0.00636939,0.002887776,0.000291287,0,0.000914847,0,0.07563477,0,0.002643148,-0.000179569,0,0.013936163,0.00386473,0.000924236,-0.001805009,-0.000949599,0,0.000925947,0.00177309,0,0,0,0,0.001788864,0,0,0.000907375,0,0,0.002647814,0,0
0.031818151,-0.054347827,-0.016528975,-0.082031264,0.010769257,-0.026785689,-0.022381379,0.024838809,-0.009090944,-0.033632308,-0.089666967,-0.02239648,0.016046408,-0.00031235,-0.031538765,-0.004610735,0.005565902,0.005653168,0.005902166,0.113300504,-0.032692322,0.014808746,-0.000291202,0.000942529,0.000914098,0,0.025113009,0,0,-0.000449045,0,-0.004474969,0.000962394,0,0,0.000950501,-0.000995048,-0.000925091,0.000884976,0.004686053,0.014234862,0,0,0,0,0.001805095,0,0,0,0,0,-0.000941641
0.008810564,-0.009655131,0,0.072340458,-0.044140023,0,-0.037362585,-0.009088776,-0.003669721,-0.018561467,-0.015478421,0.286494073,-0.015792988,0.003749967,-0.023024282,-0.007053355,-0.0088792,-0.005312908,-0.005867535,0,0.019218022,0.013376568,0,0,0.000913263,0,-0.021558086,0,0,0,0,0.001123771,0,0,0,-0.000474845,-0.000996039,0,0,0,-0.004385898,0,0,0.000446439,0.002752357,0,0,0,0,0,0,0
0.008733616,0.074744666,0.016806774,-0.007936538,0.047770653,0.009174303,0.12233638,0.028222031,0.001841663,0.011820376,0.024297296,-0.029829632,0.017070672,0.005915394,0.006157132,-0.045165417,0.003374065,-0.006513025,-0.000843243,-0.030973422,0.029908975,0.030599976,0.000970896,0.000941641,0.003649632,0,0.001502288,0,0,0.000898493,0,-0.003367529,0,0,0.000904094,0,0,0,0,0,0,0,0,-0.00044624,-0.000914934,-9.01E-05,-0.000906553,0,0,0,0,0
0.017316001,0.082073457,-0.016528975,-0.02,-0.012158043,-0.01363635,-0.073402301,0.103385186,0.012867678,0.007009283,0.018604633,0.043337043,0.021148007,-0.024450662,0.183372073,0.008438843,0.031308032,0.015574127,0.004782053,-0.013698617,-0.004419173,0.017368532,0,0.000940755,0,0.000909112,-0.002499962,0,0,0.000897601,0.003649632,0.010297657,-0.00288459,0.003601155,-0.00180664,0,0.001994064,-0.000925947,0,0.004664197,0,0,0,0.000892878,0,-0.000810868,0,0.002678548,-0.000951497,0,0,0.005655082
-0.034042522,0.001995958,0,0.03265303,0.015384601,-0.110599134,-0.073728481,-0.092039848,-0.08166974,0.025522073,-0.025114121,0.01225791,-0.008547016,0.008566004,0.016405102,-0.004624512,-0.142792942,-0.008265355,0.007278788,-0.013888875,-0.049461044,-0.012684805,0,0,-0.008181832,0.000908286,-0.019047672,-0.003558716,0,-0.000896796,0,-0.011466813,0,-0.002668165,0,-0.00047498,-0.001990095,0,0,-0.002321316,-0.009691683,0,0,0,0.001831456,0,0.002722299,0.005342869,0,0,0,0
0.046255515,0.00796812,0.025210127,0.003952584,-0.015151501,0.077720197,-0.019356104,0.026712375,0.019762827,0.004524882,0.055269334,-0.029614764,-0.016578249,0.005976679,0.020877169,-0.002433642,0.026495335,0.008885274,0.01834352,-0.028169098,0.004002696,-0.017581141,0,0,0,0,0.068983158,0,-0.00439369,0,0,0.000322224,0.000964342,0,0,0.0001901,0.001196419,0,0,0.003257315,0,0,0,0,0.003656304,-0.000721404,-0.001809996,0,-0.004761923,0.000880302,0,0
0.014736878,0.017786592,0.008196713,0.003937023,0.015384601,0.005769271,0.041490383,-0.024238384,0,0.020270304,0.065690169,0.032781533,0.013823326,-0.031894949,0.072864784,0.015191869,-0.005494509,0.022392891,0.004093928,0.01449274,0.059136171,0.048574263,0,0.005639047,0.009165938,-0.000907462,0.023900574,0,0,0,0,0.020937337,0,0,0,0,-0.000199149,-0.001853522,-0.000884194,0,0,0,0.000882633,0,-0.003642984,0.00162431,0,-0.003542955,0.004784707,0.002638499,0,-0.000937229
-0.01244812,-0.02524274,-0.008130073,-0.101960799,0.101515165,-0.053537279,-0.023786493,0.028714637,0.07945743,0.050772629,0.074552228,0.009390847,-0.003990653,0.004199001,0.037642135,0.000764606,0.021071558,-0.002604249,0.013862417,0.007142907,-0.001882041,0.045105004,0.000969862,-0.002803713,0,0,-0.000466864,-0.015178578,0,0,0,-0.006783409,0,0,0.00180991,0.000760257,0.000996039,0,0,0,0,0,0,0,0,-0.001351382,0.001813278,0,0,-0.001666671,0.00175127,0
0.029411735,0.00398406,0.016393427,-0.074235759,0.089408542,0.030303001,0.002971504,0.031014655,0,0.008403353,-0.072868187,0.01302491,-0.039399008,0.014152478,-0.039981479,0.029032918,0.004152533,0.003447925,0.002144821,-0.02600476,0.004399729,0.017765845,0,-0.001874457,0,0,0.028024306,0.015231208,0.000882633,-0.000897687,0,0.007465077,0,0.00092253,0,-0.000949599,0,0,0,-0.005565813,0,0,0.000881854,0,0,0.003157406,-0.000904998,0,0,0.00079086,0,0.011257025
0.036734658,0.009920673,0.008064508,-0.099056618,-0.037878812,0.03921565,-0.133912748,0.123764465,0.03411132,0.004166663,0.005016757,0.015918636,-0.010079976,-0.110053953,-0.01109501,0.01134917,0.02042603,-0.009307474,0.009898313,-0.019417458,-0.030663316,-0.019042614,0,0.000469494,-0.000908286,0,-0.027260353,0.001964664,0,0,0,-0.010562856,-0.002890148,0.001843272,0,0,0,0.00278549,0,0,0,0,0.000880993,0,0,-0.002697818,-0.000905818,0,0,0.001316891,0,-0.011131715
0.094488194,-0.07662089,0.007999992,0.015706766,-0.015748017,0.053773626,0.020296539,-0.029063107,0.017361094,-0.022821604,-0.009567448,-0.013017468,0.004915776,0.039558112,-0.099674814,0.002831718,-0.003929752,0.014782584,-0.003708593,-0.00495049,-0.003227901,0.00170758,0,-0.001407733,-0.005454584,0.000908286,0.011676787,-0.001960812,0.000881854,0,0,0.015933716,0.000966114,-0.000919984,0,-0.000950592,-0.000995048,0,0,0.005596965,0.0026691,0.000883412,0,-0.000446041,0,0.000901734,0.000906639,0.003555552,0,-0.000438414,0,0
0.039568394,0.017021363,-0.0079365,-0.087628809,-0.051999982,-0.01074303,0.756593504,0.045490379,0.035836183,-0.019108312,0.047039096,-0.032240329,0.02620545,-0.000685652,-0.061946909,0.012131311,0.01997291,0.015264157,0.015421377,0.054726316,0.06217617,0.014175506,0,0.001879653,0,0,0.027008356,0,-0.000881077,0,0,0.038739101,0.003861,-0.000920744,0,0,0.000996039,0,0,0,-0.000887332,0.018534867,0,0.001338719,0,0.000900836,-0.000905818,0,-0.000952403,0.001754426,0,0.008442791
-0.034602124,-0.004184096,-0.015999985,-0.039548064,-0.054852368,-0.04072405,0.065529988,-0.075343756,-0.049423424,-0.049783555,-0.025671856,0.011230984,-0.030643565,-0.007547146,-0.058144023,0.007542916,0.008098612,0.009184199,0.006022507,-0.023584884,-0.058536589,0.006634819,0,-0.003752342,0,0,0.031692511,0,0,0,0,0.01675967,0,0,0.002710089,9.51E-05,0,0,0.00353982,0,0.00088812,-0.003466201,0,0,0,0,0.001359959,0,0.000953311,0.000875677,0,0
0.107526866,-0.018907594,0.09756101,0.176470588,0.004464317,0.037735928,-0.06735132,-0.002444468,0.051993101,0.009111609,0.070811002,-0.002807743,0.020723575,-0.023505022,0.021872517,-0.010665582,-0.028417299,-0.010719946,-0.004164494,0.024154567,0.042746167,-0.016082273,0.000969014,0.002354103,0,0,-0.006100274,-0.000714447,0,-0.000898493,0.001818223,-0.023611471,0,0,0,0.000190263,0,0,0,0,-0.001774663,0.086956522,0,0,0.003656304,-0.003600357,-0.000452704,0,-0.000952403,0,0,0.003720927
-0.061488616,0.03854386,-0.044444518,0.614999962,-0.035555522,-0.027272701,-0.096030732,0.00265463,-0.060955577,0.047404074,0.074202241,0.051557939,0.030282212,-0.003185846,-0.041608357,0.012024422,-0.006293992,0.021279383,-0.000261326,-0.014150931,0.045341585,0.001697056,0,-0.000469715,0,0,-0.035510718,-0.009830175,0.004409188,0.000899301,0,0.01125472,-0.001923029,0.000921592,-0.000900921,-0.000285295,0,0.002777753,0.000881854,0.005565902,0.001777818,-0.078560028,0,0,0,0.003613366,0.000996348,0.00088576,0,0,0,0.018535664
0.075861994,0.014433025,0.06201557,-0.325077407,-0.08141324,0.014018678,0.017563709,0.012220006,-0.085964875,-0.05172409,-0.008947745,0.040521228,0.012358014,0.018821047,-0.008975168,-0.000204821,0.01726288,-6.41E-05,-0.00130717,-0.019138739,-0.030303044,0.007044145,0,0.000939781,0.000914098,-0.000453731,0.016363664,0.010649822,0,0.000898493,0,0.005715219,0,0,0,0,0.001492477,0,0,0.01199263,-0.000887332,-0.017190481,0.000880302,0,0,-9.00E-05,-9.04E-05,0,0,0,0,0
-0.038461503,0.02235775,0.014598526,-0.123853163,0.033444784,-0.023041562,-0.04329055,0.005030181,0.01919384,-0.03409093,-0.052004352,-0.030079457,-0.011877226,0.010456578,0.000631819,0.00010247,-0.007325187,-0.009681314,0.006282666,0.068292736,0.039828409,0.005578159,0,0.000281715,0,0.000453937,0.036225378,0.003750653,0,0,0,-0.008523997,0.003853561,-0.001841575,0,0.000951497,-0.001490252,0.001846764,0.001762071,0,0,-0.000883328,0.000879528,0,0.005464519,-0.00531101,9.04E-05,0,0.004766463,-0.001749821,0.000874146,0
0,0.009940301,0,0.083769652,-0.012944972,0.037735928,-0.026480425,-0.002402381,-0.032015081,-0.014117634,-0.02361908,0.022345341,0.005676129,0.022076557,-0.008629759,0.009526739,0.006764273,0.003496007,-0.001560811,-0.018264822,-0.054802501,-0.002993716,0,0.002534537,0,0,-0.023306039,0,0,0,0,0.02277518,0,0.002767503,0.000901734,0.000475205,0.000995048,-0.00092168,0,-0.017320012,0,0.002652496,0.000878755,0.000891201,0,0.006968295,-9.04E-05,0,-0.003795063,0,0.001746765,0
-0.063333352,-0.025590574,0,-0.07487928,0.016393427,-0.0090909,0.108653359,-0.063816982,0.009727664,0.002386576,-0.006632855,-0.02185694,-0.015936303,-0.060411713,0.018896035,0.017351588,-0.001343765,-0.019322549,-0.00156335,-0.018604743,0.014962578,0.017309892,0,-0.000936351,0,0,-0.000441817,0.041370121,0,-0.00269306,0,-0.000884789,-0.003838768,0.000919984,0.002702679,-0.00047498,-0.000994058,-0.00092253,0,0,0,0.002645479,0.001755883,0,0,0.000269638,0.000904998,0,0.000952403,0,0,-0.017288406
-0.056939449,0.002020248,-0.007194295,-0.049608296,-0.014516077,0.119266047,0.03356697,-0.030868219,-0.013487509,0.009523801,-0.034956772,-0.011025264,-0.002024274,0.023347687,-0.052094184,-0.014462443,0.002324189,0.015131,-0.000521933,-0.004739332,0.025798529,-0.026043927,0,0.000937229,0.004566228,0,0.005747089,-0.036309286,0.004389749,0,-0.001814923,-0.001918779,0.001926734,0.00183819,-0.001796986,0.000950501,0,0,0,0,0,0.083553194,-0.000876444,0,0,-0.005390873,0.001356183,0,0,0,-0.00087186,0.009259206
0.022641487,0.024193525,0.01449274,-0.043956105,0.006546638,-0.073770517,-0.11256029,-0.016589251,-0.011718739,-0.014150931,-0.061864081,0.033325362,-0.006085203,0.020007009,-0.00307767,0.000607279,-0.016109344,-0.002268176,-0.019321093,0.023809616,-0.019161772,0.01238969,0.000968076,-0.000936351,0,0,0.017582401,-0.021276576,0,0.002700332,0,-0.022034981,0,-0.000917365,0,0.000949689,0,0.001846764,0,0.011131715,0,-0.074675333,0,0,0,0.000722708,0.001354433,0,0,0,0.00087262,0
-0.0221402,0.013779562,0.007142907,-0.022988484,0.008130035,-0.000884997,0.002865957,-0.019343244,-0.019762827,-0.033492792,-0.055531402,-0.027923592,-0.000340144,-0.025808672,-0.051378128,-0.010215456,-0.016001003,-0.015199223,-0.022630518,0.013953474,-0.007325942,-0.038034862,0,0.001405843,-0.00363636,0.000907375,-0.014686832,0.008605097,0,0,0.004545472,0.035989793,0,0.001836502,0,0,0,0,0,-0.00917426,0.00088812,0.009649177,-0.000877129,0,0,0.000180525,-0.000901734,0,0.002854399,0.006485571,0,-0.013761433
-0.003773581,-0.042718498,0.070922031,-0.029411765,0.014516154,-0.023029145,0.014435416,-0.032798173,0.034274209,0.009900981,0.035829066,-0.012997818,0.032323946,-0.002472614,0.054625719,0.019313298,0.006554855,0.024469817,0.001906829,-0.013761454,0.019065158,0.019311739,-0.00193428,-0.002339782,0,0.001813278,0.026742684,0,0,0.000897601,0,0.008465832,0,0.000916611,0,-0.001897486,0.000497524,0,0,0,0,0.040833997,0.000877899,-0.000890407,0,-0.000902548,0,0,0.002846274,0.000522428,0.001743636,0
-0.018939465,-0.070993898,-0.019867582,0.048484802,-0.01430845,0.144152233,-0.000866766,0.022290787,-0.001949362,0.017156905,-0.027937879,-0.046782914,0.062293981,-0.02691219,0.04165747,-0.003208017,-0.013775811,0.01078386,-0.008972214,0.004651158,0.02051902,0.035557143,0.001938029,0.001407162,0,0,-0.051665286,0.01185451,0,0.000896882,0,-0.009263271,0.001923121,0,0,0.002851686,0.000497276,0,0,0.001851806,0,0,0,0.000980364,0,0.000903363,0.000902548,0,0.001892191,0,-0.003481285,0
-0.023166002,-0.034934465,-0.006756804,-0.109826572,0,-0.088748012,0.139386913,0.033170965,-0.019531232,0.004819272,0.010948895,0.014635327,-0.007136194,0.047671084,0.007194248,-0.013275668,-0.003809563,-0.015414001,-0.011248281,0.032407375,0.271437031,-0.021156702,0.00096714,0,0,-0.002714908,0.004502494,0,-0.000874063,0,0,-0.007012356,-0.000959715,0,0,0,0,0.000921592,0,-0.005545237,-0.001774663,0,-0.000877129,0.002582164,0,0.000902548,0,0,0.002832836,0,0,0.013953453
0.023715393,0.049773707,-0.02040809,-0.103896069,-0.011290274,0,0.030076079,0.065783571,0.00398406,0.055155879,-0.065884436,0.015792145,-0.139062524,-0.032650243,0.059033644,0.011619604,0.001529672,0.018339963,0.006104256,-0.004484301,0.001860508,0.006997971,0,0,0,0,0.003585833,0,0.001749738,0.001792156,0,-0.025452454,0.000960637,0,0,0,0.000993964,0,-0.001758971,0,0,0,0.000877899,-0.00088812,0,-0.000901734,0.000901734,0,-0.005649667,0,0.002620064,0
0.015444093,0.028017267,0.02777775,0.050724623,-0.00326264,0.052173968,-0.012196598,-0.050768902,-0.005952328,-0.027272701,0.043961344,0.001774962,-0.017422851,-0.027648131,0.061297365,0.013501223,-0.007254674,-0.005367887,0.019856626,-0.031531501,-0.015320419,-0.010468002,0,-0.000468395,0,0,-0.01831174,0,0,0,0,-0.011020467,0,0,0.001800221,0,0.000993071,0,0.006167374,0.003438634,0.000888909,0,0.000438607,0,0,0.002707557,0,0.005309687,0.006628759,-0.008703171,0,0.008256895
0.038022776,-0.037735813,-0.006756804,0.034482759,0.260229074,-0.008264455,-0.031179845,-0.158455459,-0.01397209,0,0.012956908,0.01509135,0.025858913,0.03360413,0.027663543,-0.01660203,-0.010897416,-0.010538475,-0.009194163,0.013953474,0.049505007,-0.008445168,0,0,0,0,0,0,0.000873382,0.00089439,0,-0.003968892,0.001919338,0.000915772,0,0,-0.000992086,-0.012891289,0,0,0.00088812,0,-0.000438414,0.000888909,0,0.000540101,0.000900836,0,0.000940755,0,0,-0.008189277
-0.014652001,-0.013071883,-0.027210859,0.319999949,-0.001298669,-0.025000075,0.030767242,-0.078059051,-0.008097158,-0.014018789,-0.006852427,-0.018237624,-0.030608584,-0.002500882,-0.117497256,-0.014557166,0.004795789,-0.017202384,-0.005458536,-0.009174303,-0.00134774,-0.002241348,0.000966114,0.000937229,0.003649632,0,0.000909939,0,0.003490398,0.002681027,0,-0.000919503,0.000957876,-0.000914934,0,0,0,0.013992501,0,0,-0.001774663,0,0,0,0,-0.002338973,0,0,0,0,0,0
-0.007434937,0.079470119,0.013986001,-0.156565586,0.046814061,-0.042735004,0.122268027,0.080091513,-0.038775521,0.046208574,0.037258485,0.016921062,0.01337298,-0.005372479,-0.036067601,0.008719721,-0.007223911,-0.004663273,-0.013995564,0.0185185,0.016644213,0.142330813,0,-0.000468175,0,0,0.000909112,0,0,-0.002673858,0,0,-0.001913828,0,-0.001796986,0,0.000496536,0,-0.00612957,-0.003889953,0,0,0.000877213,0.00088812,0,0.005410231,0,0.000880302,0,0.003511849,0,0.009174347
-0.007490629,-0.087934528,0.0068966,0.047904144,0.155279499,-0.035714252,0.040507449,-0.02807197,-0.046709186,0.019252557,-0.07184031,-0.006812502,-0.015762474,0.016924714,-0.089373536,-0.018915901,0.000519762,0.00095684,-0.011132801,-0.00454545,0.055309734,0.001494552,0,0.000468395,-0.004545472,0,-0.000908286,0.001242561,-0.000869585,0,0.000904998,-0.010277739,0,0,0,0.000947889,-0.000496289,0,0,0.000464911,0,0,-0.000876444,0,0,-0.004484237,0,0,-0.001879742,0.000437455,0,0
-0.041509483,-0.031390104,0.04109585,-0.062857165,-0.127957044,0.037037,-0.083957203,0.025068069,0,0.037777795,-0.038222701,-0.090020647,-0.025325896,-0.017705383,0.036863106,-0.011506174,-0.008571476,-0.012097084,-0.013791103,-0.05022837,-0.046121609,-0.018535977,-0.000965181,0.000936262,0,0,0.001363668,0,0,0.000446838,0,-0.003874768,0,0.000457886,0,0,0.000993071,0.003035878,0,0,-0.000888909,0,0.000438607,0,0,-0.000900921,0,0.000879528,0,-0.000437264,-0.001742117,0
-0.027559029,-0.002314868,-0.026315765,-0.054878027,-0.044389602,-0.013392844,-0.077408112,-0.029771371,-0.022271695,0.094218426,0.066567323,-0.009539109,0.020252223,0.003965415,-0.017663016,0.00629193,-0.007335572,-0.00373693,-0.000285449,0,-0.00307691,0.017925719,0.000966114,0,0,0,-0.000453937,0,0.000435171,0,0.000904094,-0.031274287,0,-0.000915353,0.004500467,0.000946901,0,-0.002109489,0,0,0,0,0,0,0,0.000901734,0.00027005,0,0,0.001749738,0.00087262,-0.004545472
-0.028340054,-0.004640367,0.006756697,-0.045161278,0.051612854,-0.022624412,-0.08820544,-0.039999975,-0.054669653,-0.007827781,0.115975773,0.000471493,-0.020973834,-0.00754043,-0.030889814,-0.009378924,-0.01372395,-0.004152819,-0.002854653,-0.004807688,0.007495594,0.008490581,0,0.000467738,0,0.000907375,-0.001362429,0,-0.000434982,0.002233191,0.004516729,-0.026341141,0,-0.000458096,0,0.000946095,0,0,0,0,0,-0.047579275,-0.003945645,0,0,0,-0.000269977,0.000878755,0,-0.003493447,0,0
-0.012500087,0.006993056,0.006711457,-0.067567567,0.098159537,0,-0.016655163,0.085045647,0.002409579,0.039447693,0.050083506,0.023830314,-0.001530184,-0.023154826,0.016888655,0.021880937,0.016457096,0.015436342,-0.006011998,0.019323654,-0.018818394,0.064624327,-0.000965181,0,0,0,0.001364288,0,0,-0.001782572,0,0.002804388,0,0.000916611,0,-0.001890312,-0.000496043,0.000919139,0.001762071,0,0.002580096,0,0,0.000887247,-0.002717367,0,0,0,0,0,0.000871776,0
-0.037974649,0.006944382,-0.020000034,0.01449274,0.02122911,0.012037047,0.072688802,-0.04865866,-0.031249914,-0.001897486,0.0715421,0.015122645,-0.018773937,-0.010000017,-0.008888914,-0.002264785,0.013426308,-0.018480549,-0.0034563,-0.04265399,0.037020514,0.03360911,0,0.000467519,0,0,-0.001816572,0,0,0,0,-0.002796545,0,-0.000915772,0.011648756,0,-0.000992579,0,0,0,-8.88E-05,0,0,0,0.000908286,0,0.000900111,0,-0.001412462,0.001752889,0,-0.008219192
-0.017543843,-0.048275872,-0.027210859,-0.057142871,0.028446309,-0.039341354,0.069210554,0.029306094,-0.037220865,-0.03992396,-0.035608276,-0.02843448,-0.014837995,-0.008978667,-0.008732569,-0.005571615,-0.00649435,0.005061412,-0.011560628,-0.024752452,-0.047741962,-0.017214564,-0.000966206,0.004672915,0,0,-0.002274761,0,0.000870342,0,0,-0.011217425,0.000287565,0,0,-0.000473496,0,0.000918207,0,0,-0.001774894,0,0,0,0,0,0,-0.000877983,-0.000471397,0,-0.001742117,0.007366476
-0.040178533,-0.048309134,0.020979057,-0.106060579,-0.085106305,-0.019047602,-0.009352721,0.016116097,-0.0360825,-0.043564408,-0.02846153,0.007599996,0.009908839,-0.040770099,-0.045714242,0.02293006,0.013858089,0.037131634,-0.000584809,-0.071065982,0.030261974,-0.005117793,0.00096714,-0.0065116,0,0,0.001367933,-0.007180244,0,0,0,0.031364717,-0.000287483,-0.006416104,0,0.00047372,-0.000496688,0,0,0.002788079,0.004623048,0,0.005281727,-0.000886461,0,0.002252218,-0.000449651,0.000878755,-0.000377421,0,0.001657945,0.000914098
-0.069767483,0.010152274,-0.027397233,-0.199152571,-0.038372082,0.009708729,0.029192528,0.008987479,-0.016042765,-0.068322967,-0.015043589,-0.026267045,-0.000784947,-0.05194804,0.007984024,0.009128731,0.00928425,0.016476745,-0.003803425,-0.027322443,0.138535726,0.019055134,0,0.003745315,0.004566228,0,0.000910768,0.008035728,0.004347843,0,0.001798602,-0.000808787,0,0.007380067,0,0.000946901,0,0,0,0,-0.005309772,0,0,0.000887247,0.000907375,-0.000449448,0.000449853,0.000877899,-0.00056621,0,0,0
0.034999967,-0.050251268,-0.014084605,0.026455027,-0.186215279,0.009615376,0.030295741,0.000262042,-0.005434777,-0.011111153,0.039389127,-0.003465343,-0.015318123,0.061436261,-0.002475304,-0.011659424,0.014948331,-0.003184612,-0.006754759,-0.028089861,-0.018097779,-0.03291852,0,0,0,0,0.000454969,0.00797167,-0.005194841,0,0,0.007770755,-0.002876384,0,0,-0.000946005,0,0.003669721,0,0,0.0026691,0,0,-0.001773006,0.000906639,0.000899301,0,-0.000877129,0,0,-0.006010998,0.002739702
0.004830913,-0.010582001,-0.916666664,-0.001030951,0.025260041,0,-0.050374918,0.034311193,0,0.022471997,-0.012761018,0.015887098,0.023933003,0.010950359,0.016377168,-0.001322128,-0.003398845,-0.008114784,-0.003548165,0,-0.001176498,0.012204002,0.000386445,0.000932768,0,0,-0.003183251,0,0,0.000892878,0,0.001927694,0.001923121,0,0,0.000946901,0,0,0,0,0,0,0.020140065,0.001776155,0,-0.001796986,0,0.000877899,0,0,0.002629249,-0.005464432
0.019230752,-0.034759389,10.50000047,0.104231194,0.157970965,-0.028571403,-0.02023192,-0.047860297,-0.013661254,0.0175824,-0.000391705,-0.003624462,0.00467475,-0.061508709,0.055175835,0.018635457,-0.004041931,-0.000934095,0.023145364,0.017341024,0.058107636,-0.015180102,0.000579444,-0.000931899,0,0,0.000456215,0,0,0,-0.00269306,0.006573671,0,-0.001831544,0,0,0,0,0,0,0,0.007887831,-0.012875504,0,0,0.002700332,0,0,-0.01416436,0.001312283,0,-0.000915772
0.004717089,-0.026315732,-0.008074541,-0.117757033,0.026282859,0.055882394,0.026441684,-0.046010628,-0.011080322,-0.041036728,-0.050156766,0.016908116,-0.01318341,-0.025968716,-0.040490513,-0.00699787,-0.000507304,-0.016732228,-0.013921101,0.04545457,0.112801444,0.041079781,0,0,0,0,0,0,0,0,0,0.00175216,0,0.001834904,0,0,0.002982081,0,0,0,0,0,0,0,0,-0.000897687,0.000899301,-0.000877129,0,0.000436882,0.004458094,0.004582969
-0.018779436,-0.018492192,-0.002504694,-0.007415222,-0.090243877,-0.02599814,0.005888167,-0.147476977,-0.02521006,0.0045045,-0.022689738,0.011857401,-0.000785873,0.052052539,-0.040270121,-0.008960026,-0.010277853,-0.003344336,-0.00352938,-0.038043506,-0.028342794,-0.014097517,0,0,0,0,0.004559981,0,0,0.002676158,0,-0.006042313,0.003838768,0.002747228,-0.00620015,0.002838286,-0.002973214,0,0.001759055,0,0,0,-0.005217428,-0.000886461,0,-0.001527421,0.000898493,0.000877899,0.014176314,0,0,0.00091243
0.255980913,0.020289835,0.035153764,-0.140875103,-0.004021476,0.03431841,0.072317077,-0.022563785,0.017241363,0.031390104,0.051920621,0.004255279,-0.003539133,0.000402262,0.013567862,0.013713922,0.010512817,0.006941426,0.014462746,0.028248628,-0.003088543,0.001796364,-0.000965181,0,0,0,-0.000907874,0,0,0,0.001800221,-0.001279764,-0.00191209,0,0,0,0.000993964,0,0,0.010194593,0,0,0,0.000887247,0.000905818,0,-0.001795373,-0.004385898,0,0,-0.002697775,0
0.070476169,0,-0.001212884,0.019875757,-0.017496587,0,0.003298088,0.013716957,-0.067796614,0.015217429,0.038523238,0.021968778,-0.002762419,0.02412539,0.038423382,-0.005711992,-0.011418441,-0.001241422,0.006982883,-0.038461566,-0.062306352,0.019868056,0.000289788,0,0,0,-0.002726009,0,0,0,0,0.002562868,-0.001915661,0,0,0,-0.000992977,0,0,0,0,0,-0.00043699,-0.000443273,0,0.000899868,0,0,0,0,-0.005410146,-0.000911598
-0.096085404,-0.019886345,-0.034608362,0.125456727,0.015068446,-0.032258142,0.008274719,-0.006930663,0.057575776,-0.012847953,0.115533299,-0.009887115,-0.003165806,0.046721656,-0.004058204,-0.026506802,-0.021303851,0.035263325,-0.011846283,0.017142841,-0.066079268,-0.010549265,9.66E-05,0,0,0,-0.001822365,0,0,-0.0008897,0,-0.023326395,0.000959715,0.000913263,0,0,0,0,0,-0.011926529,0,0,0,0.002217346,0,-0.000269735,0.000359686,0.039647559,0.00302225,0,0,0
0.086614186,0.034782575,-0.003773551,-0.035714278,-0.028340087,0.047619118,-0.000674509,-0.003323376,0.106017159,-0.05639918,-0.090058895,0.022290887,-0.010718557,-0.002250543,-0.058005798,0.002795365,0.000917908,0.014598063,-0.007017593,0.022471956,-0.022405648,0.003767139,-0.000386296,0,0,0.000906639,-0.001369269,-0.000878755,0.003481285,0.000890492,0,0.016194959,0,0,0,0,0,0.000914098,0,0,0,0,0.001311709,-0.001769952,0.003619906,0.002697818,0.000539421,-0.021610179,0,0.000873382,0.004562208,0.003649632
-0.005434821,0.016806774,-0.009469733,0.066217751,-0.023611056,-0.027272701,0.014737288,0.017005676,-0.054404095,0.0068966,0.006851934,0.007499386,0.00521666,0.013157909,-0.020356215,0.011666294,0.011921866,0.007412036,-0.002355654,0.0164835,-0.030961015,0.003753001,0,0.000932768,0,0,0.006855646,-0.005276998,0,0,0,0.017385735,0,0,0,-0.000943418,0,0,0,0,-0.002661995,0,0,0,0,-0.000896796,0,-0.012559589,0,0,0,-0.000909112
-0.027322336,-0.038567521,0.003824119,-0.157894737,0.024182019,-0.018691681,-0.002993311,-0.001311505,-0.016438405,0.029680391,-0.046502889,0.010821361,-0.023552901,-0.046011193,0.036363676,-0.000612282,-0.002330403,0.018671874,-0.003541994,0.021621601,0.036514487,0.000423263,0.000966114,0.001863976,0,0,-0.002269684,0,0,0,0,-0.002056979,0,0,0,0.001888527,0,0.000913263,0.001755883,0,0.003558716,0,0.001746765,0,0,0,0,0.00789475,-0.005178937,0.00087262,0.001746765,0.004549608
-0.04868918,-0.041547272,0.021587311,0.022500038,0.025000043,0,-0.008006241,0.049901527,0.022284168,0.077605296,0.119349735,0.016150993,0.010629609,0.036950634,-0.011278214,0.021750202,-0.009213588,0.001122923,-0.005627922,-0.042328065,-0.007205777,0.012834126,0,-0.000930254,0,0,0.000454969,0,0,0,0,0.002853977,0,0,0,0,0,0.00091243,0,0,-0.001950298,0,-0.00087186,0.000886545,0.000901734,0.001346444,0,-0.016536082,0,0,-0.004359214,0
0.027559029,-0.027802671,-0.009322596,-0.015892434,0.004065004,-0.023809502,0.067593306,0.081613529,0.029972723,0.030864216,0.013460895,-0.009987207,-0.03155335,-0.023255774,0.056020255,0.002298654,0.006810796,-0.02634212,0.00983026,-0.01657457,0.000403235,0.051730087,0,0,0,0,0.000454763,0,0,0,0,-0.015335988,0,0,0,-0.000942439,0,0.000911511,0,0,0,0,0,0.00088576,0,-0.00044824,0.001796901,0.013274302,0.003312901,0,0.003502624,0
-0.011494242,0.042435427,-0.006900857,-0.203726746,-0.049932509,-0.024390221,-0.139227161,0.002890965,0.037037065,0.04590809,0.001048542,-0.001353271,0.017961583,0.006144387,-0.002640437,0.013460948,0.029530331,-0.004919107,0.01209439,0.033707901,0.02378074,0.026214794,-0.000965181,0,0,0,0.002272693,0,0,0.0026691,0,-0.009312749,0.003835087,0,0,0.000943328,9.93E-05,0.000910768,0,0.00278549,0,0,0,0.000442488,0,0.000448441,0.000269082,0,0,0,0.00087262,0
0.034883781,0.165191718,0.038534467,0.037441537,0.022727251,-0.040000021,0.002439582,0.047564185,0.068877545,0.026717624,0.011522344,0.031167215,0.039392657,0.053816787,0.017569183,9.84E-05,0.010108707,0.009354828,0.040221428,0.062500004,0.042125973,-0.067410635,0.000966114,0.00046556,0,0.001811636,-0.002721064,0,0,0,0,-0.00081036,0,0.001824772,0,0,0,0,0,0.005555506,0,0,-0.00043631,0,0,0.00044824,-0.002062204,-0.013100404,0.000943328,-0.001743719,-0.00087186,-0.000452909
0.033707832,0.101265785,0.030413624,-0.075187969,-0.011111101,0.003125022,0.065709437,0.025041273,0,0.031598527,-0.000690319,0.011229852,0.007501008,0.049619663,0.046121117,0.013182453,0.004253144,0.017854406,0.010086877,0.033248049,0.002266769,0.028844144,0.000675673,0.00139603,0,0.000904094,0.002728489,0,0,0.000887247,0,-0.000973258,0,-0.001821449,0,0,0.002882445,0,0,0,0.001065916,0,0.006547343,0.001326793,0,-0.000896078,0.002695394,-0.001769952,-0.005654992,0.001746765,-0.004363018,-0.001359256
0.01449274,-0.028505764,-0.017119298,0.039024352,-0.002808986,0.059190012,-0.022036998,0.034630897,0.033412856,0.070270244,0.001727089,0.040285945,0.004702152,-0.010697014,-0.01718287,0.022041017,-0.001121031,-0.008709643,-0.007212159,-0.054455453,0.010930984,-0.005849202,-0.000675217,-0.000929389,0.001818223,0,-0.001360489,0,0,0,0,0.0040591,0,0,0,0,0,0,0,0.003683238,-0.000887332,0,0,0,0,0,-0.00179207,0,-0.000947889,-0.00087186,0.004382138,-0.000907462
0.139285754,0.005679169,0.032432488,-0.051643182,0.040845066,0.225490219,0.066549876,0.081473776,0.039260988,-0.052188542,-0.017241379,0.021009579,0.019110756,0.063829784,0.066942714,0.001139988,0.030552399,0.030628862,0.030455438,0.026178048,0.027964206,-0.003381349,0.001930546,0.000930254,0,-0.00180664,0.000908286,-0.004420883,0,-0.000886461,0,-0.004527794,0.000955041,-0.00091243,0,0.000942529,0,0,0.000876444,0,0,0,0,0,0,0,0,0,-0.001897486,0,0.00087262,0.000908286
-0.021943627,0.043529398,0.008144234,-0.033003269,-0.039242215,-0.056000042,-0.014778309,-0.009836848,-0.066666709,0.007104789,-0.028771919,-0.047550209,-0.017221541,-0.021311463,-0.053255739,0.013095511,-0.002057093,0.000476939,0.011388236,0.040816287,-0.027203482,-0.085702586,-0.004816974,0,0,0.002262409,-0.000453731,0,0,0,0.003593887,0.000974619,-0.000954129,0.000913263,0,0.000470821,0,0.000909939,0.000875677,-0.000917365,-0.00088812,0,-0.00433653,0,0,0.000896882,0.000897601,0,0,0,-0.00087186,0.000907375
-0.076923006,0.039458894,-0.055972263,-0.093856686,0.014084494,-0.076271117,-0.06299998,-0.093772689,-0.035714197,-0.072310378,-0.041184949,0.021195872,0.00545169,-0.033165821,-0.01958553,-0.003559431,-0.01806715,-0.017548607,0.002412873,-0.068627445,-0.034302762,-0.004824173,0.002904137,0,0,-0.000451478,0.000907787,-0.00088812,0,0,0,-0.00113599,0,0,0,0.000470599,-0.000495551,0,0,0,0.002666643,0,0.0008711,-0.000883328,0.004504436,0,0,-0.000886461,0,0,0.00087262,0.004533109
0.013888875,-0.063991338,0.00855742,0.013182707,-0.062499975,0.06422012,-0.009960915,0.002673756,0.039506133,-0.022813756,0.000753525,-0.01984105,-0.020913982,-0.048856543,0.037862976,-0.001786001,-0.006668324,-0.014768749,-0.016849454,0.036842133,-0.015057892,-0.045715545,0.000965273,0,0,0.000903363,0.000453525,0,0,0,0.001790466,0.000812335,0.001432606,0,0,-0.001881511,0,0,0,0,-0.002659551,0,0.001740684,0.000884109,-0.004484237,0.001792156,-0.000896796,0.000443581,0,0,0,0
0.071917819,-0.063731192,0.008484811,-0.133829043,-0.059259273,-0.08620692,0.023595655,0.024800008,0,-0.009727571,0.05271083,0.058802951,0.028876563,0.060109274,0.068039411,0.014408125,0.009820996,0.009049503,0.026115423,0.010152274,-0.017248159,0.069943769,0,0,-0.002722385,0,0.006346387,0,0,0.002661911,0,0.000487055,0.001430648,-0.00091243,0,0.001885057,-0.001487391,-0.004545472,0,0,0,0,0,0,0.002702679,-0.001699468,0,0.008425745,-0.001901184,0,0,0
-0.022364271,-0.118811887,-0.012019162,0.255364828,0.007874046,0.047169881,0.024923909,-0.00390324,0.009501179,0.0510805,0.000715324,-0.110082621,0.006535951,0.028865984,-0.048197883,-0.018473801,-0.005047441,0.021810731,0.007423085,-0.010050242,-0.007977617,-0.003871147,-0.000964342,0.000929389,0,0,-0.005405443,-0.004444461,0,0,0,0.003407417,0.00380952,0,0,0.000940755,0.003972191,0.004566228,-0.000874911,0,0,0,-0.002606489,-0.000883328,0,0.000806364,-0.001795373,0.006068623,0.001904806,0,0,-0.003158831
-0.022875796,-0.016853917,0.034063227,-0.223931618,0,0.126126112,-0.042698916,-0.076018807,-0.014117634,-0.020560773,-0.005360959,-0.055534924,0.00534757,-0.024716091,-0.000440261,-0.002459114,-0.013981654,-0.013165369,0.022631595,0.010152274,-0.028950591,-0.078823928,0,0,-0.00545946,0.000902548,-0.001358727,0,0.000867323,0,0,0.002102216,-0.004743851,0,0,0.001879653,0,0,0,0,0,0,0.004355417,0,0,0,0,0,-0.001901184,0,0,0.003168841
-0.033444784,-0.022857121,0,0.167400933,0.023437515,-0.031999969,-0.014311234,-0.023748945,0.033412856,-0.007633581,0.009342444,0.044051138,-0.003039511,-0.012671261,-0.058149848,-0.035081109,0.00288613,0.013462041,0.011837341,0.010050242,0.047205023,-0.042903761,0,0.001856964,0,0,-0.000453439,0.004464303,0,0,0,-0.001613721,0,0,0,0,0,-0.002727248,0,0.000918207,0.000888909,0,0,0,0,0.000895276,0,-0.013025629,-0.000952403,0,0,0.006317662
0.027681633,0.029239738,0.037647023,-0.071698132,0.09923658,-0.008264455,0.031215993,0.041123719,0.018475733,0.00384615,0.031327845,0.004960088,0.015624994,0.028095715,0.028765281,0.001473927,0.00725728,0.03970027,0.000762939,0.044776077,-0.00988533,0.02752832,0.000965273,-0.001853522,0,0.001803382,0.000453644,0,0,0,0,0.002101197,0,0,0,0,-0.000791238,0,0,0,-0.00088812,0,-0.002601885,0.002652496,0,0,0.001798602,0.003542955,0,0.002617778,-0.004359214,0
-0.020202001,-0.048295476,0.027777766,-0.095528508,0.013888942,-0.041666725,-0.040596111,0.011126501,-0.056689344,-0.034482727,-0.003796987,0.021616936,0.004502846,-0.053643731,-0.052511964,0.004709609,0.019254696,-0.060693016,-0.010165126,-0.028571403,-0.025958526,-0.00453262,0.000964342,0,0,0,-0.001360489,0,0,0,0,0.001290352,0.000953311,0,0,0.001876216,0.000296902,-0.001823196,0.00175127,-0.000917365,0,0,0.00173917,0,0,0.00089439,-0.000897687,-0.005295628,0.001906621,0,0,-0.001793678
0.013745691,-0.056716365,-0.00717039,-0.047191022,-0.041095915,-0.025217326,-0.021768361,-0.055295692,-0.072115376,-0.011904751,0.008662508,-0.043419801,0.003361978,0.006417123,-0.010796563,0.002343729,0.007312595,-0.006632678,0.014890835,-0.009803912,0.017220176,-0.045776058,0.001926734,0.001392701,0,-0.001800135,0.003633057,0,0,-0.002654844,-0.007149234,-0.003866006,0.00761904,0,0,-0.001872702,-0.000494722,0,0.000874146,0,0,0,0.010416656,0,0,0,0.001796901,0.001774579,0,0,0.004465818,0
0.013559309,-0.003164554,-0.00444444,0.08018872,0,0.034790288,0.093386691,0.058823542,0.031088116,0.192771091,0.023016148,0.018348006,0.00967983,0.042862239,-0.015280162,0.008963349,0.023956391,-0.001846173,-0.008853997,0,-0.025392953,0.07660189,0,-0.000463617,0,0,0,0,0,0.001774579,0.008100824,0.002263897,0,0.000456631,0,-0.000938108,0.000494966,0,0,0.001836502,0,0,-0.007731972,0,0.000898493,-0.000446753,0,0,0,0,0.001656355,0
-0.036789262,-0.279365107,-0.008370514,-0.074235842,-0.010000025,-0.008620682,-0.119368883,-0.042629241,-0.050251268,-0.047138082,-0.059435877,-0.092723898,-0.023598867,-0.022758154,0.021182282,-0.01226339,-0.014533803,0.005702855,0.011230184,0,-0.038461551,-0.10708349,0.000961561,0,0,0.000901734,0.00180991,-0.000977749,0,-0.00088576,0,-0.000645384,-0.005671027,0,0,0.000938989,0.001484448,0,0,-0.003666358,0,0,0.00043291,0,0,0.000446952,-0.000448355,0,-0.000951497,0,0,0
-0.038194489,0.140969135,-0.034890311,-0.051886746,0.001443035,0.008695644,0.001038715,-0.043234732,-0.063492066,0.040636047,-0.018564814,-0.035842844,-0.038897236,-0.038234284,-0.06512303,0.030990303,0.000479627,0.002023,0.000504807,-0.009900981,-0.04043013,-0.057525243,-0.000960637,0.00185533,0.004117116,0,0.000451682,0,0,0.00177309,0,-0.000322901,0,0.00410772,0,0.000938108,0,0.003652965,0.001746765,0,0.002666643,0,0.000432723,0,0,-0.00089359,0.000448556,0,0.000952403,0,-0.003481285,0.00449238
-0.025270734,-0.069498006,-0.037317749,0.012437858,-0.121037485,-0.067241338,-0.043450046,-0.081819557,-0.056497189,0.020373576,0.031647903,-0.012056787,-0.020432237,-0.037585866,-0.039473654,-0.034420608,-0.023010615,-0.015661788,-0.047426869,-0.060000002,0.002241199,0.027743787,0.000961561,-0.000925947,0,0.000900836,-0.00722347,-0.005249579,0.000866571,-0.002566397,0.010714276,0.000161533,0.002851686,-0.000454556,0.001782487,0,-0.000494082,0.003639669,0,0,0,0,0.003460204,0,0.000897601,0.00089439,0,-0.001771435,-0.001902993,0,0.002620064,0.001788864
0.018518501,-0.087136942,0.024227717,-0.093366118,-0.031147551,-0.001848405,0.061694957,0.020601673,0.046407178,0.014974987,-0.004583959,0.018814443,-0.007621361,0.036425131,-0.008863766,0.001473058,0.000368086,0.005345104,0.010858047,0.010638288,0.021019647,-0.019216677,0,0,0,0,0.005002302,0.006261153,0,0,-0.011484109,0.000645905,0,0.000454763,0,-0.000937229,-0.000494327,0,0,0.005519818,0,0.013043445,-0.011206906,0,-0.001793678,0.000893676,0.000896882,0,0.003813152,0,0,0.002678548
0.018181801,0,-0.045535214,-0.07588075,-0.018612464,0,0.006641081,0.008010253,-0.018597946,0.016393427,-0.086078652,-0.012691613,-0.010913519,-0.01702903,-0.043631451,0.009805844,-0.02710002,-0.01471364,0.002357877,-0.042105224,-0.026719256,-0.041985445,-0.000960637,0.001853611,0,0.002250277,0.000452499,0,0.000865821,0,0.000893676,0,0,0.000909112,0,0,0.000989142,0,0,0.002744715,-0.001329733,0,0,0,0.000898493,0,0.000896078,0,-0.001899288,0,0,-0.000890407
0.089285716,-0.002272779,0.016109061,-0.043988297,-0.051724169,0,0.351179909,0.016528941,0.0612245,0.040322582,0.03643413,0.073228853,0.001634692,0.01363807,0.034003988,0.008545322,0.037559913,0.005176451,-0.005750063,0.043956001,0.066606728,0.118328803,0,0,0,0,0,0,0,0.004347421,0,0.000645427,0.004739354,0,0,0.000469054,0.00197633,-0.00362647,0,-0.001824859,0.000443863,0,0,0.000881854,0,-0.000803556,0,0.006211153,0,0,0,0
0.131147574,0.029612783,-0.016463443,-0.055214745,-0.196363622,0.032407375,0.093051678,-0.045340803,-0.005494566,-0.037209268,0.028421849,0.010362649,0.018359806,-0.002545443,-0.017265033,-0.006162135,0.013119556,0.00280897,0,0.021052675,0.004641295,-0.020552126,0,0,0,0,0,0.002666643,-0.000865072,0.001766825,0,0.000322536,-0.003773581,0,0.0017794,-0.000468834,-0.001972432,0.004549608,0,0.004570402,0,0,0,0,0,0.000804202,0,0,0.001902902,0,0,0
-0.133333343,-0.004424775,0.013639258,-0.051948004,0.06561085,-0.013452902,0.016751111,0.002620371,0.02762435,-0.061191644,-0.03745457,0.005194797,0.019230828,0.051768139,0.020635746,-0.009106786,-0.012350105,-0.007158381,-0.007886415,0.082474146,-0.002939928,-0.011914323,0,-0.000925091,0,0,0.000452294,0,0,0.000881854,0,-0.001289667,0,0,-0.003552394,0,0.000988165,-0.002717367,0,0,-0.001774663,0.012875586,0.010462065,0,0,0,0,-0.004409188,0,0,0,0
0.040133741,0.044444402,-0.007951135,0.092465744,0.027600873,-0.045454609,0.068519775,0.140150305,-0.013440847,0.054888538,0,0.030610287,0.016902527,0.014558061,0.041256891,0.011145868,0.02185256,0.003761794,0.001854788,0,0.040016882,0.013767718,0.000961561,-0.000925947,-0.004100235,-0.003143228,0.000226002,0,0,0,0,0.000645697,-0.000946991,0,0,0.001500919,0.000493595,0,0,0,0.003466627,0,-0.003451248,0,0,-0.001517875,-0.000895276,0,0,0,0.0034844,-0.004456345
-0.035369742,0.06382983,-0.009864356,-0.087774284,-0.057851281,-0.038095203,-0.042144396,0.02521482,-0.021798409,-0.037398377,0.076690621,-0.00578598,0.010436743,-0.015715784,0.054053989,0.001450411,-0.008316466,0.00515301,-0.002380327,0.019047715,0.035236894,-0.021658107,0.000960637,0.001853611,0,0,-0.001129926,0,0,0,0.000892878,0.016292923,0,0,0,0.001311347,0,0,0.001743636,0.001819878,8.86E-05,0,0.004329021,0.001762071,0,0.00411343,-0.000896078,0,0,0,-0.000868075,0.00805731
0.016666651,-0.107999992,0.052303872,0,0.039473647,0.019801962,0.023526486,0.007546128,0.130919231,0,0.045964894,0.051277131,0.043993939,-0.000694153,0.033607228,0.01747608,0.021924066,-0.004194519,0.005567314,0.238317741,0.035993744,0.061241153,-0.000959715,0.000925002,0.006404363,0,0.001357411,0,0,-0.003524226,-0.000892081,-0.001587277,0,-0.000908286,0,-0.000935386,-0.000493351,0,0,-0.004541343,0,0,-0.004310361,0,0,-0.002582624,0.000896882,0,0,0,0,-0.008881028
-0.090163889,0.09417042,0.007100642,0.003436423,-0.016877622,0.038835031,-0.001371064,0.00416093,-0.024630519,-0.011824353,-0.03555852,-0.010640889,0.018321729,0.018756478,-0.004816974,-0.002467209,-0.005861665,0.0006552,0.007909286,0.06415088,0.023413929,-0.012823801,0,-0.000924147,0,0,0,0,0,0.001768303,0,-0.003974563,0.000947889,0,0,0.001872613,9.87E-05,0,0,0,0,0,0,-0.000879528,0,-0.000892878,0.001792156,0,-0.002848978,0,0,0.004480304
0.009008957,-0.016393427,-0.009988253,0.428082181,0.02145931,-0.046729037,0.049830446,0.044198852,0.073232313,0.005128241,-0.00313044,0.012931218,0.009715673,0.03239007,0.05082281,0.006849254,0.009315958,0.006547991,0.013340365,0.085106388,0.006273065,0.005369318,0,0.001850093,-0.00727272,0.002702679,-0.000451799,-0.008865198,0,-0.007060894,0,0.001755735,-0.000946991,0,0,0,0.000888439,0,0,0,0.00177152,-0.016949136,0,0.000880302,0,0.000893676,0,0,0.000952403,0,0,-0.000892081
0.017857126,0.070833263,-0.00949554,0.107913621,0.042016765,-0.009803912,-0.018309137,-0.019047551,0.334117665,0.001700638,0.011165377,-0.032529234,-0.012116898,-0.040620919,0.034546293,0.001606253,-0.019277883,-0.003996185,-0.005420828,-0.045751591,-0.022002214,-0.032130208,0,-0.000923382,0.010989,-0.001796986,0.001356183,0,0,0,0,0.000637363,0,0,-0.000891286,-0.001401812,0.000986122,0,0,0.004105846,-0.001768387,0,0,0.001759055,0.001795288,0.001785755,-0.00178895,0,0,0.004351627,0,0
0.042105308,-0.009727571,-0.026363123,0.136363665,0.040322542,0.019801962,0.022568802,0.035328951,-0.051146377,0.056027153,-0.015527911,0.044217478,0.035353589,0.025817557,-0.000445161,-0.003678892,0.006433177,-0.001119636,0.011419737,-0.020548007,0.016122996,0.028924884,0.000960637,0.002772707,0,0,0.003160257,0.006261153,0,0.002666643,0.001785755,0.000477748,-0.002843577,-0.000454556,0,0,-0.00098515,0,0,-0.002726009,0,0,0,-0.000877983,0,-0.001782572,0.003225829,0,-0.001902993,0,0,0.000892878
-0.010101,-0.049115912,0.058461585,0.321904773,0.06976747,0,-0.025979055,0.000781422,-0.011152405,-0.099678442,-0.031896243,-0.037484892,-0.016724789,-0.008389262,-0.015590217,-0.00350315,-0.001302091,0.006009443,-0.01488329,0.013986085,-0.028413301,-0.049909214,0,-0.003686632,0,0,0.000450055,-0.007111104,0,0.002659635,0,-0.00047752,0.002851686,0.000454763,0,-0.000467956,0,0.0090826,0,-0.003826949,0.00079715,0,0,0,0.007168452,0.001785755,0.00464452,0,0,-0.00259963,0,0.001784077
0.030612215,-0.012396682,0.058139532,-0.180115272,-0.068840601,-0.019417458,0.006530306,0.026548686,-0.015037669,0.030357157,0.024619782,0.03307458,0.018072298,0.052115092,0.038913968,0.017577183,0.0048595,0.010863876,0.013284765,0.034482725,0.014052444,0.039876229,0,0.000462457,0,0,-0.001349473,0,0,0,0.001782487,0.003184726,0,0.000909112,0,0,0,-0.007200713,0,0,0.000885054,0,-0.000865821,0.000878755,0,0,-0.005156522,0,0,0,-0.001737659,0.006233362
0.029702942,0.06694554,0.020329611,-0.105448137,0.019455235,0.34653468,-0.054326561,0.011156249,0.001908441,0.029462752,0.052296872,-0.007148519,0.004176848,-0.02315855,0.010235219,0.004481824,-0.003420629,-0.006031847,0.00514131,0.060000022,-0.033333381,-0.038697234,0,0.00323632,-0.004529003,0.000900111,0.0036036,0.006266759,0,-0.002652581,0,-0.003015851,0.000947889,0,0.000892081,0,-0.000986216,0,0.000870342,0,-0.000795811,0,-0.000866571,-0.000877983,0,0,-0.001787266,-0.002657195,0,-0.001737659,0,-0.002654844
-0.025641002,-0.03137252,0.01507812,-0.168958764,-0.083969389,-0.110294099,0.091089406,-0.062186547,-0.070476169,0.033670001,-0.038616572,0.01329233,-0.01490469,-0.007244031,-0.026298798,-0.015802236,-0.000946789,0.005021116,-0.021739092,0.050314416,0.001937278,0.009836012,0.000959715,-0.00276504,0.007279338,-0.000449651,-0.000897687,0,0,0,0.0017794,0.000636795,0.000473405,-0.000908286,0,0,9.87E-05,0,0,0,0.001769868,0,0,0.000878755,0,0.000891201,-0.000895276,0,0,0,0,-0.006211237
-0.055921078,0.016194316,0.00530506,-0.177304964,-0.058333375,-0.0909091,-0.015378779,-0.040641722,-0.043032794,0.021172658,-0.008382807,-0.007773586,-0.019352542,0.00298508,-0.021253025,0.008972465,-0.00568657,-0.002268193,0.003398721,0.013473077,0.110595462,-0.016774898,0,0.000184829,0,0,0.00134774,-0.005338031,0,0,0,-0.00063639,0.001893086,0.000454556,0,0,-9.87E-05,0,0,0,-0.002473488,0,0,-0.000877983,-0.008896746,0,0,0,0,0,0.003220249,-0.004464303
0.031358939,0.01195218,0.002638482,0.005747121,0.04867252,-0.05454551,0.026775377,0.03985508,0.032119934,-0.03030304,0.013385033,0.017872433,0.157516948,-0.009589914,0.009726313,-0.001123306,0.001787222,0.003317821,-0.006513809,0.008862621,-0.000696328,0.004219471,0.000958703,-0.000184795,0,0,-0.000897284,0,0,0,0,-0.00366183,-0.003306551,-0.000454349,0,-0.000936351,0.000987189,0.000906639,0,0.001554944,0.000708499,0,0,0,0,0.000445246,0,0,0,0,-0.001735096,0.001345322
0.010135125,0.003937004,0.010526356,0.185714313,0.008438912,0.019230752,0.020831764,0.007772637,0.031120252,0.042763196,0.002085487,0.010823831,0.034718004,0.005342232,0.052419359,0.010776886,0.008801116,-0.001837128,0.013375251,0.001464162,-0.005226534,-0.001370127,0,0.005545325,0,0,-0.020655635,0.006261153,0,0,0,0.002716494,0.000947889,0,0,0,0,0,0,0,-0.002920353,0,0,0,0.004488262,0.001335144,0,0,0,0,0,0.005821727
0.040133741,-0.03137252,0,-0.05542169,-0.008368292,0.023584997,-0.039345231,0.015691494,0.046277672,-0.07570978,-0.040929598,-0.032004787,0.003295405,-0.009299259,-0.041932764,-0.028833679,-0.000235754,-0.009754579,0.011387227,-0.029239807,-0.019614693,-0.07582549,0.000957876,-0.004595606,0,0.000449853,0.001375547,-0.002666643,0,0.00177309,0,0.00127493,0.002840884,0,0,0.000937229,-0.000986216,0,0.000869585,0.000456631,0.000266287,0,0.000433661,0,0,0.002666643,0,0,0,0,-0.001477379,-0.003561885
0.028938957,-0.024291475,-0.001562536,-0.107142875,0.029535939,0.003686588,0.026591359,-0.03482582,0.015384693,-0.027303809,0.007233301,0.013888855,0.004180334,0.006369445,-0.01199727,0.004677784,0.032429244,-0.008735541,0.00153525,-0.046686739,-0.030010724,-0.01019397,0,0,0,0,-0.000457886,0.002673773,0,0,0.005328549,0.000636592,0,0,0,0.002808964,0,0,0,0,0,0,0,0,-0.00089359,-0.000443273,0.003584226,0,0,0,0,0
-0.012499988,0.033194988,-0.046948337,-0.068571431,-0.004098357,0.092745704,0.028879713,-0.018719545,-0.034090966,0.024561465,0.004667833,0.001454755,-0.026464447,0.002664887,-0.017090221,-0.005131138,-0.002969756,-0.000125027,-0.004854334,0.036334917,-0.03646408,0.007299227,0,0.001846764,0,0,0.001832383,0,0,0.00353982,0,-0.000318124,0,0.000909112,0,0,-0.000987189,0,0,0,0.000887247,0,0.00130042,0.001757426,0.003130577,-0.000443385,0,0,0,0.001740684,0.004786798,0
0.107594907,-0.036144544,0.004926117,-0.092024526,-0.016460889,-0.042016865,-0.08362872,-0.049212023,-0.011764695,-0.023972661,-0.048606102,-0.051386064,-0.04337208,-0.011295686,-0.056051265,-0.010983705,-0.025203397,-0.004188012,-0.013863951,-0.024390221,0.001146815,-0.03732375,0,0,0,0,-0.000914516,0,0,0,-0.005300306,-0.00063639,0,0,0,-0.000466864,0.000494082,0,0,0,0.008865282,0,0.000865821,0.001754426,0.00133744,0.000887247,0.000446439,0,0,0,0,0
0.014285701,-0.016666749,-0.038126402,0.040540501,0.004184096,0.052631634,0.047998752,-0.029368954,0.0952381,0.01052639,0.046205842,0.099215233,-0.003831384,-0.006384426,0.014299568,0.017576047,0.000352643,0.000533593,-0.003384563,0.009374991,0.007254625,0.005980555,0,0.000645158,0,0,0,0.000888909,0,0,0,-0.000477672,0,0,0,0.000467082,0,0,0,0.005933413,0.000878755,0,0.000864989,-0.000875677,0,-0.001241129,0.00044624,0,0,0,-0.004763993,0
-0.014084494,0.004237284,-0.009060014,-0.035714253,0.020833313,0.029999911,0.004218437,0,0.052536225,-0.098090284,-0.001795373,0.040515415,-0.041025662,-0.000338188,0.087694196,-0.001708269,0.005051695,0.000878317,0.009143216,-0.003095972,0.060272942,0.000717504,0.00095696,-0.00101323,0,0,0.000915353,0,0,0,0,-0.00015926,-0.006609981,0,0,0,0.000493838,0,0,0.002722299,-0.005267815,0.024999996,0.000864324,0,0,-0.000532537,0.000446041,0,0,0,0.003046114,-0.011617441
-0.065714291,0.012658317,0,-0.033670082,-0.020408143,-0.033171433,0.050408832,0.014379854,-0.030981038,0.002887366,-0.008273365,0.007586749,-0.004344892,-0.005412715,-0.039762771,-0.00418293,0.019170068,0.003447538,-0.021485939,-0.006211174,0.081158402,0.039946754,0,-0.000553159,0,0,0.000914428,0,0,0,0,-0.001911724,0.004752779,-0.000908286,0,0,-0.000987189,0,-0.00086883,0,0,-0.023549258,-0.000863578,0.000438222,0.000890492,0,-0.000445842,0,0,-0.00086883,0,0
0.029051997,0.012499988,0,-0.083623617,0.645833288,0.046025059,0.065914417,0.035440069,0.012433338,-0.063339716,0.008705106,0.019433118,0.049681084,0.041156497,0.064516123,0.01584729,0.003096647,0.001749063,-0.004497306,0.007812455,0.023148174,-0.019107677,0.001911998,0.00092253,-0.006323369,0.000899301,0.00045684,0,0,-0.005291042,0,0.001117314,0,0,0,0,0,0.000452909,0,-0.004524904,-0.001765181,0.006029341,0.000864324,0.00043803,-0.0008897,0.001776155,0,0,0,-0.000869585,-0.002169164,0
-0.034175337,0,0.027999987,-0.091254753,-0.022784848,0.019999981,0.007034725,0.031089564,0.075438653,0.002049129,0.041352019,0.009721356,-0.011192849,0.027768653,0.07479045,0.015506004,-0.006288537,0.000467664,0.024182828,0.051162854,0.033613413,0.036951506,0,0,0,0,0.001369894,0,0,0,0,-0.001594424,-0.001892101,0,0,0,0.000395228,-0.000452704,0,0,-0.001768387,0.027397233,0,0.000875677,0.000890492,-0.001773006,0.00062444,0,0,0,-0.000869585,0
-0.024615361,-0.008230445,0.026681465,-0.016736485,0.085492272,-0.027450955,0.012773589,0.020746887,-0.066884228,-0.040899758,-0.087707151,0.003765044,-0.007761959,0.002225099,-0.002399499,0.003146437,-0.003106711,0.001308847,0.011157247,0.011799398,0.021575942,-0.042703555,-0.000954129,0,0,0,-0.003191961,0,0,0,0,-0.000638727,0,0,0,0.00084032,-0.000395072,0.000905818,0,0,0.002657195,-0.026666641,0,0,-0.001779315,0,0,0,0,0,0,0
0.003154571,-0.029045713,0.00974555,-0.068085044,-0.007159955,0.040322542,-0.022663056,0.034688312,-0.055944005,-0.008528776,-0.01627556,0.003965307,0.047587975,-0.037107518,-0.008618968,-0.015405887,0.00173132,0.000622509,-0.004105718,0.002915449,-0.018365427,0.009204896,0.000955041,0.001843272,0,0,0.000457467,0,0,0,0,0.001118563,0,0,0,0.000746373,0.000494082,0,0,0,0,0,0.001727155,0,0,0.001332095,0.000267474,0,0,0.001740684,0,0
0.009433953,0.055555606,0.018766777,-0.077625604,-0.052884567,-0.031007723,-0.008200035,0.003928798,0.38333327,0.688171988,0.000384772,0.034906027,-0.001244584,0.021080348,-0.023048917,-0.057809478,0.020048368,-0.008211554,-0.002834337,-0.002906974,-0.036482697,-0.019344496,0,0,0,0,0.002286202,-0.00088812,0,0.00177309,0,-0.002394278,-0.002843577,0,0,-0.00111868,-0.00079016,0,0,-0.002727248,-0.001766741,0.001712286,-0.001724177,0.000437455,0.001782487,0.000443469,0.000891201,0,0,-0.00086883,0,0
0.009345785,-0.004048579,0.042105223,0.148514829,0.142131963,-0.004800034,0.085321202,0.077745875,0.242302543,0.019108293,0.080769245,0.038731356,0.022741539,0.025483901,0.034354302,0.006662747,0.023607862,0.007025092,-0.009302341,-0.005830898,0.006472517,0.044869248,0.00047711,0,0,0,-0.001368644,0.004444461,0,0.00353982,0,0.002559998,0,0,0,0,0.002273472,0,0,0.002734707,0,0,0.001727155,0.000437181,0,-8.86E-05,0,0,0,0.000869585,0,0
0.015432084,-0.036585427,0.014141449,0.056034534,0.00888888,0.000803896,0.020293476,-0.002662808,-0.014008633,-0.037500024,-0.003558732,0.002879707,-0.003350612,0.003460167,0.004401785,-0.013829907,-0.003751975,-0.003363491,-0.000782441,0.005278559,-0.043408372,-0.009194976,-0.000476883,0,0,0,0.003654633,-0.004424796,0,0.004409188,0,0.001276761,0,0,0,0.000933292,0,0,0,0,0,0,-0.001724177,0,0,-0.0003547,0,0,0,0,0,0.000904094
-0.0638298,0.143459987,0.041832677,-0.05306127,-0.037444951,-0.04257026,0.003733174,-0.028883554,-0.122404364,-0.0025974,-0.06535714,0.030595537,-0.007335014,-0.016927869,0.00119517,0.002704564,0.006645973,0.001937459,0.008091818,0.026837809,0.004033642,0.012340804,0,-0.000643971,0,0,0.002275883,0.000888909,0,0,0,-0.00207206,0.003802278,0,-0.002673858,0,0.000986122,0,0,0.001818223,0.002212356,0,0,0,0,-0.001330323,0,0,0.002859932,0,0,0
-0.009740251,-0.007380067,0.158699794,-0.008620682,0.00915331,0.006711423,0.079019616,0.018995305,-0.048567855,0.055338506,0.064195655,0.022001258,-0.005541881,0.020726967,-0.033426115,0.000299688,0.014634704,0.000654913,-0.010098379,-0.025568158,-0.011717455,0.009849835,0,0.000184098,0.009090944,0,-0.000908286,0,0,0,0,-0.002236055,9.46E-05,0,0,0.000466122,0.000985244,0,0,0,0.002207556,0,0.001727155,0.000874146,0,0.001243334,0.000890492,0,0,0,0.003046114,0
-0.029508169,-0.104089206,0.212871283,0.047826146,0.172335659,-0.012500087,-0.017178101,-0.002943314,0.045811507,0.033929746,-0.0416517,0.006110473,-0.038699691,0.018431746,-0.014203426,-0.001198393,0.008675882,0.000467489,0.008108851,0.052478083,-0.00575881,-0.017382936,0,0.001104472,0,0,0.001363668,0,0,-0.004389832,0,0.000320161,0.003692881,0,0,0,-0.000984275,0.005429816,0,0,0,0,0.000862006,0.000873382,0,0.004967159,0,0,0,0,-0.003036863,-0.000903277
-0.011824353,0.01244812,-0.027891146,0.195020752,0.129593823,0.012658317,0.016443401,-0.016728174,-0.001251533,0.00357992,0.012364178,0.017659419,0.00225448,0.006441807,-0.026519116,-0.01749825,-0.005590842,0.001464178,-0.009081533,0.01939063,0.009539992,0.061916492,0,-0.000643557,0,0,-0.000907874,0,0,0.005290958,0,0.000640056,0.000943328,0,0,0.000931988,0,0,0.004347843,0,0,0,0,0,0,0.000882633,-0.000622773,0,-0.000950592,0,0,0
-0.00512816,0.127049154,0.070678813,-0.024305614,0.159246542,0.01666665,-0.021833818,0.052289219,0.10025059,-0.016646777,0.008142091,-0.020750146,0.052377864,-0.000914434,-0.007936485,0.001017693,-0.00540599,-0.00130654,0.013878047,-0.008152166,0.011137359,-0.006293385,0,0,0,0,0.000908699,0.00088812,0.004329021,0,0,0.001279415,0.001885057,0,0,0.0023278,0,0,0.000865821,0,0.000880993,0,0,0.00087262,0,-0.000352708,0,0,0.001712621,0,0,0
-0.010309268,0.032727242,-0.009803959,0.281138782,-0.004431346,-0.040983664,-0.013531466,-0.049928726,-0.083143458,0.027811309,0.005139478,0.015048553,0.049465616,-0.010067054,-0.017729723,0.011488382,0.020219596,0.001682008,0.000774762,-0.001369894,-0.02236309,-0.023470282,0,0,0,0,-0.002269684,0.001774579,0,0,0,0.000159692,-0.001881511,0,0,-0.001393436,0.003940883,0,0.002162597,0,0.000880302,0,0,0,0,0,0,0,0,0.002606406,0.003046114,0
-0.031250052,-0.017605618,-0.075907567,0.086111164,-0.246290787,-0.059829005,-0.040330557,0.001001024,-0.05962733,-0.012941136,0.018261505,-0.022399806,-0.049752666,-0.006163352,-0.020471061,-0.009749736,-0.02322856,-0.003358272,-0.002580606,-0.053497924,0.002389884,-0.029470638,0,0,0,0,0.000909939,0.00664303,0,0,0,-0.000479061,0,-0.001818223,0.006255644,0,0.000981377,0,0.000431602,0,-0.003518027,0,-0.000861264,-0.00087186,0,-0.000529333,0.005074349,0,0.002089695,0,0,0
-0.025089582,-0.096774188,0.070714269,-0.120204608,-0.045275595,0.015454509,-0.008185276,0.008500004,-0.029062122,0,0.003586814,0.005952636,0.000918517,0.005581405,-0.023595488,-0.002639002,-0.006872448,-0.002277654,-0.016041468,0.013043431,-0.018051794,-0.011497698,0.001431331,0,0,0.001796901,-0.001818223,0.004839446,0,-0.013157862,0,0,0,0,0,0.001860508,-0.000980415,0,0,0,0.00441308,0,0,0,0,0.000882633,0.00088576,0,-0.002843577,0,0,0
0.018382335,-0.023809501,-0.010006646,-0.232558122,-0.061855612,-0.024171845,-0.084806241,-0.010411551,-0.027210859,-0.062574559,-0.01858472,0.003381399,0.030590396,-0.028985523,0.016570711,0.010075288,-0.012741692,0.001313445,-0.008151395,-0.03576538,0.0052029,-0.009742477,0.001429285,0.000919984,0,0.000896882,-0.000455297,0,0,0,0,0.000639094,0,0.000728632,0,-0.000928526,0,0,0,0,0.000878755,0,0.000862006,0,0,0.001763625,0,0,0.002851686,0,0,0
0.018050524,-0.040650464,0.112533697,-0.060606091,0.0131868,0.06422012,0.045423955,0.078907857,0.065734236,-0.020979017,0.019665001,0.021951802,0.054912507,0.007303892,0.019243883,-0.003022701,0.017133967,0.009868748,0.004241777,-0.011869425,0.001380294,0.006726214,0,0,0,0.001792156,-0.000455591,0,0,0,0,-0.000638686,0.000942529,0.000182004,0,0.00185869,0.000981377,0,0.000862833,0.002722299,-0.005267815,0,0,0.00087262,-0.003558716,0,0,0,0,0,0.000433849,0.002712453
-0.021276576,0.063559365,-0.018473671,0.12903223,0.101952229,-0.025862045,0.055680679,-0.007894129,-0.034120703,0,-0.054285731,-0.001053383,-0.009285364,-0.031525852,-0.019324721,-0.014653835,-0.014876402,-0.008256998,-0.018479428,0.012012001,-0.034458993,-0.013362548,0.002854399,0.000919139,0,0,-0.000455799,-0.002626947,0,0,0,0.000639094,0,0,0,-0.001577013,0,0,0,0,0.003530447,0,0,0,0,0.001760604,0.001769868,0,0,0,-0.000433661,0.003065775
0.02898548,-0.00398406,-0.014501676,-0.075000015,0.051181148,-0.044247746,-0.008841445,0.041422899,0.004076051,0.063636335,0.057024179,0.025124917,0.012780482,0.022135427,0.017667016,0.00820516,0.006995391,-0.001372049,0.001882724,0.026706278,0.05353319,-0.004447164,0,0.000918207,-0.009009043,0,0.00182394,0,0,0,0,-0.000479045,0,0,-0.00088812,0.001579504,0.000980415,0,0.000862006,-0.001809996,0,0,-0.000861264,0.000871776,0,0.000878755,0,0,0,0.00259963,-0.002169164,0
0.010563371,0.019999981,-0.023794622,0.268339844,-0.04868918,-0.024074094,-0.038818809,-0.029662914,-0.036535857,0.002442058,0.003929997,0.022496529,-0.042344317,0.020382207,0.023814816,0.009460837,0.000882062,0.00234192,0.004295298,0.027456655,0.031504075,0.016751285,0.000948788,0.001192705,0,-0.000894475,0,0,0,0.001777818,0,0.000479275,0,0,0,-0.000927577,0,-0.000900025,0.000861346,0,0.001671069,0,0,0,0,0.002633866,-0.001766741,0,0,0,0.002608672,0
-0.024390222,-0.04705878,-0.005772941,-0.124809764,0.017716566,0.015180296,0.019841211,-0.044928175,0.015449457,-0.001218055,0.007829157,0.013559646,0.004685208,0.003121051,0.026521766,-0.002116363,-0.005728728,0.001526449,-0.005880813,0.001406435,-0.030541881,-0.008187715,-0.000947889,-0.001191285,0,0,-0.000455177,0.006145715,0,0,0,0.000159641,-0.001883192,0,0,0,-0.001958909,-0.0072072,0,-0.000906553,0,0,0,0.0008711,0,-0.001751354,0,0,0,0,0,0.000539421
0.026785732,0.004115222,0.011612923,-0.066086976,0.063829772,0.009345785,0.128090901,0.061590616,0.052558799,0.045121938,-0.028954792,0.016960093,0.020402125,0.018668398,0.049343455,0.020097006,0.008642646,0.005785611,0.010755621,0.004213513,-0.014227645,0.01862477,0,0,0,0,0.000455384,-0.006108176,0,0,0,0.000478908,0.001886746,0.001091909,0,-0.000928526,0,0,0,0.005444597,0,0,0,0.000870342,0.002678548,0.00131582,0.002654844,-0.003552394,0,-0.000864242,-0.001734562,0
0.064347806,-0.028688594,0.076211714,-0.011173174,-0.020000024,1.305555473,0.044951331,0.000685304,0.027595274,0.037339634,-0.075272716,0.012433728,0.02199373,-0.013439292,-0.004036342,0.011483972,0.006481423,-0.00386578,0.010375083,0.004195767,-0.022336756,0.038742816,0,0,0,0,0.000910353,-0.001755966,0,0,0,0.001755236,0.001883282,0.000727175,0,0,0.001668322,0,0,-0.003610105,0,0,0.000862006,0,0,0.00087606,0.00406006,0,0,0,0,0
-0.022875796,-0.016877622,0.005333342,0.065913354,-0.04452686,14.45783194,0.068572671,0.046108203,0.033248049,0.028121484,0.08297289,-0.022340522,0.02850756,-0.012074285,0.068693076,0.0168347,-0.009932369,0.000124212,0.008425479,0.011142117,0.014411242,-0.080875358,0,0.000642199,0,0,-0.000454763,0,0,0,0,-0.00127426,-0.000939871,0,0,0.00018586,0.000979742,0,0,0,-0.000790221,0,0.000861346,0,0,0,-0.004571031,0,0,0,0.002085158,0
0.003344478,0.038626676,0.043324527,-0.077738528,0.021359249,-0.251753755,0.012306242,0.077460159,0.035891085,-0.037746198,0.015613594,0.001629174,0.01902176,0.027890924,-0.063139964,0.016652261,-0.005401807,0.006270531,0.00600521,0.013774091,0.014553017,-0.009834337,0,-0.000641787,0,0,0.000454969,0,0,0,0,0.000797436,0,0,0,0,0,0,0,0.000905818,0,0,0,0,0,0.001312857,-0.000353291,0,0,0,0.001387185,0
-0.013333321,-0.024793463,0.014971716,-0.107279687,0.085551291,-0.246527731,0.076828434,-0.13345484,-0.002389427,-0.018760655,0.002145205,-0.016564698,0.006933289,0.047561019,0.008095558,0.006438177,0.006650393,-0.002375336,-0.016610418,-0.016304397,0.001366086,-0.019445903,0.000948788,0.000917452,0,0.000895276,-0.000454763,0,0,0,0,-0.000478068,0.000940755,0,0,0.000278783,0,0.00362976,0,0,0,0,0,0,0,-8.74E-05,0,0.003565059,-0.000947889,0,0,0
-0.016891876,0.095339048,0.04091292,-0.00214587,-0.03677759,1.175575918,0.030303054,-0.003739188,-0.013173725,0.038238693,0.03638953,-0.049878098,0.023570001,-0.02764845,0.004416732,-0.020978394,0.005725574,-0.002350134,0.002375301,-0.001104958,-0.009208747,-0.016313027,0.000947889,0,0,0,0.000909939,0,0,0,0,0.000159412,0.000939781,0,0,0.001857827,-0.00068513,0,0.003012035,0,0,0,0,0.000869585,0,0.000262283,0.000883412,0,0.005597724,0,0,0
0.003436423,0.032882026,-0.013368983,-0.038709742,-0.045454545,0.017157411,-0.141691078,0.026976253,-0.027912567,0.003348184,-0.023063687,0.040494715,-0.03880983,-0.017060751,0.009194541,0.000288256,-0.01686001,0.000402953,-0.001316462,-0.040376082,-0.047160033,-0.009321489,-0.000946991,0,0,0,-0.001363668,0,0,0,0,0.000318834,-0.000938899,0,0,-0.000463617,0.001958815,0,0,0,0,0,0,0,0,-8.74E-05,0.001765265,0,9.44E-05,0,0,0
0.010273963,-0.044943865,-0.015989163,-0.029082694,0,-0.01759686,-0.006770713,-0.021699337,0.071161009,-0.030033316,-0.016208566,-0.016025356,-0.012382312,0.001218055,0.045751584,-0.009221893,-0.005456631,0.003098277,0.016082273,0.103746367,0.014089573,-0.010940919,0,0,0,0.00089439,0,0,0,0,0,0.000637465,0,0,0,0,0,0,0.00042901,0,0,0,0,0.000434415,0,0.000786629,0.000440455,0,0,0,-0.000779206,0
-0.057627144,0,-0.049573203,-0.043778813,-0.118095216,-0.003709576,-0.010407452,-0.059537776,-0.059440587,0.028669724,-0.03510027,-0.004653214,0.00109024,-0.0161193,-0.019886349,0,-0.000223902,0.004756542,-0.002075813,0.028720662,-0.021731408,-0.003982308,0.000947889,0,0,0,0.00136553,0.001759055,0,0,0,0,0.000939781,0,0,0,0,0,0,0,0.001054489,0,0,0,0,0.000873382,0.001321034,0,0,0.001730061,0,0
-0.023381316,-0.003921565,0.05476683,-0.084337382,6.053995473,0.053191489,0.097386572,-0.00993043,-0.018587314,-0.005574157,0.037119524,-0.135979498,0.016063168,-0.002782076,0.030144954,-0.009501607,-0.004367783,-0.003473638,-0.002600064,0.003553284,-0.013474106,-0.001221686,0,0,0,0.000893676,-0.002272693,0,0,0,0,-0.001433352,0.000938989,0,0,0,0,0,0,0,-0.001053378,0,0,0.000434226,0,-0.00087262,0.000879528,0,0,0,-0.003552583,0
-0.012891289,0.013779562,0.064285716,-0.059210502,-0.481628892,-0.011313159,0.020460991,-0.028585741,0.008838345,-0.054932709,-0.008231977,0.044170386,-0.005626985,-0.034407897,0.001875792,-0.021045433,-0.005399363,0.003208125,-0.015119964,0.01163379,-0.005167936,-0.000444801,0,-0.000916611,0,0,0.000455504,0,0,0,0,0.000797436,-0.001876126,0,0,0,0.00097754,0,0,0,0,0,-0.000860605,0.002604143,0,0,-0.000878755,0,0,0,0.000869585,0
0.00373134,0.017475665,0.018585374,-0.057342702,0.053160047,-0.026563124,0.03737787,0.013680918,0.028786045,0.023724769,0.014796166,0.024564066,0.045270824,0.027287332,0.017786946,0.010198946,-0.028161026,-0.001199176,0.010852299,0.037500024,-0.005565919,0.00255872,0,0,0,0,-0.000455297,0,0,0,0,-0.000637465,0.001879653,0,0,-0.000278229,-0.001464784,0,0,0,0,0,0,0,0,0.000786011,0.000879528,0,0,0,0,0.005390788
0.018587342,0,0.038520033,-0.008902069,-0.090858152,-0.05499578,-0.020369365,-0.002037225,0.01216538,0.013904969,-0.013157924,-0.027379297,-0.01701469,-0.011250019,-0.00275941,0.013659358,-0.007680713,0.001724024,-0.013092433,-0.004819272,-0.004104429,0.021859671,-0.002840974,0,0,0,0.000911096,0,0,0.001774579,0,0.001116245,0,0,0,-0.000185655,0,0,0,0.00180991,0.001757426,0,0,-0.00043291,0,-0.001221742,0.00439369,0,0,0,-0.00086883,0
0.018248158,-0.030534323,0.001952216,-0.146706593,-0.095003029,0.052643245,0.061084934,0.018372065,-0.055288411,0.031999969,0.007567535,-0.041399994,0.022816651,-0.008533456,0.032097431,-0.010936458,0.022633991,-0.001137117,-0.002387905,-0.016949194,-0.00674411,-0.021066293,0.000949689,0,0,0.000892878,0.002275883,0,0,0,0,-0.00031858,-0.000938108,0,0,0.000928096,0.00244495,0,0,-0.000903277,0,0,0,0.000433098,0,0.000524292,0,0,0,0,0,0
