YOTA,MNTN,RENE,TGAA,PLAO,CLRC,RFAC,THCP,AITR,SVII,LATG,ATMV,GDST,ALCY,FORL,IPXX,TLGY,SKGR,DUET,ENV,FTEL,BMR,SEZL,INSG,SWIN,NVAC,IROH,CSLM,NOVV,DAVE,LUNR,DJT,IBIO,AQU,DRUG,ATER,MBRX,TECX,HOLO,IVCP,ESHA,MARX,CBRG,VMCA,AY
0.00384615,0,0,0.005434821,0,0.002700332,0,0,0.000986122,-0.000368841,0,0,0,0,0,0.001926734,0,0.000923382,0,-0.023987148,-0.219512206,-0.099999974,-0.009345741,-0.04347822,-0.096085404,0,0,0,0,-0.025522073,-0.050847411,-0.000573079,-0.02173911,0.007483712,-0.091897787,-0.042979986,0.028138488,0.013888875,-0.097765365,0,-0.000878117,0.001409717,0.00183819,0,-0.014097798
-0.001915661,0,0.000911511,0.000450375,0.000899301,0,0,0,0.002955733,0,0,0,-0.001385073,0.002780377,0,-0.004326931,0,0.00092253,0,0.00206531,0,0.043209909,-0.04716981,0,-0.007874008,0,0,0,0,-0.013095198,-0.058035765,-0.005160559,-0.022222201,-0.001857053,0.023952145,-0.020958082,-0.042105224,0.013698617,-0.040247655,0,0,0.000469274,0.001834904,0,-0.000953311
0.002879053,0,0,-0.00090043,0,0,0,-0.000978496,0,-0.00092253,0,0,0,0,0,0.002414348,0,0,0,-0.004946448,0.015624985,0.130177457,-0.029702988,-0.090909111,-0.0079365,0,0,0,0,0,0.090047425,-0.006916475,-0.02272734,0,-0.005847948,-0.027522947,-0.076923132,-0.006756804,-0.100000012,-0.001839881,0,-0.000938108,0.002747228,0,0
0,0,0,0.009463681,0.001796901,-0.000897687,0,0,9.82E-05,0.001846764,0,0.000933728,0,0,0.007604555,0.001926734,0.000902548,0,-0.002727248,0.062344702,0.015384693,-0.020942389,-0.046428563,0.100000024,0,0.010752678,0,0.000918207,0.006550202,0.077201489,-0.004347822,0.000580396,0.007751931,0,0.105882319,-0.003144614,-0.144047614,-0.01360543,-0.129032274,-0.00092168,0.00195317,0.000938989,-0.001643804,0,0.008587801
0,0.002749746,0.000910768,-0.00892852,0,-0.002695394,0,0,0.000883982,0.000921592,0,0,0,-0.000382418,-0.002830253,-0.000961469,0,0,0,-0.000779897,-0.090909091,-0.037433183,-0.098983431,0,-0.056000042,0,0,0,0,-0.008958558,0.004366808,-0.00058006,0.023076994,0.0065116,0.06329785,0.006309161,0.001390886,-0.020689581,0.222222292,0,0.001949269,0,-0.001097703,0,-0.001419053
0,-0.001736751,0.000909939,0,0,0,0,0.000979454,0,0.000920831,0,0,-0.004160807,0.001434753,0.000946095,0.000962394,0.00360685,0,-0.000911598,-0.01209754,-0.1333334,-0.105555524,-0.02078387,-0.090909111,-0.105932208,0,0,0,0,0.097175098,0.230434775,-0.008705724,-0.015037669,0,-0.019509713,-0.028213176,0.038888883,0.021126683,-0.08080813,0,-0.002918262,0,0,0,-0.014211328
0,-9.15E-05,-0.000909112,0.005405357,0,0,0.000931988,0.001956899,0,-0.000919984,0,0,0,0.002865304,-0.002835514,0,0,0.000921592,0,0.008690472,-0.08461533,0.006211174,0.030927849,0,0.118483418,0,0,0,0,-0.031925893,-0.155476972,-0.009367673,-0.061068647,0.015711653,-0.045918383,-0.064516163,-0.0508022,-0.020689581,-0.018315019,0,0,-0.000938108,0,0,-0.02450746
0.004784707,0.000915772,0.000909939,-0.004480304,-0.002062759,0.005405357,0,0,0.000490688,0.000460416,0,0.001865625,0,-0.002857117,0.001895688,-0.000769175,0,0,0,-0.015468982,-0.075630278,-0.012345667,0.074117661,-0.050000012,-0.055084696,0,0,0,0,0.038297939,0.071129636,0.023640639,-0.048780537,0,0.032620315,0.017241363,0,-0.007042302,-0.055970151,0.001844973,0,0.004694854,0.000915772,0,0
0.00380952,0.002744715,0,0,0,-0.000896078,0,-0.001953077,-0.000490448,0.001380611,0,0.00093112,0,0.000955041,0,-0.004041553,0.000898493,0,0.002737202,-0.007557623,0.125000017,-0.093749984,0.136363622,0,0.139013426,0,0,0,0,0.048155666,0.011718739,0.290415749,-0.025641002,0,0.009839489,-0.016949137,-0.07042247,-0.049645399,-0.011857678,0,0.000975632,-0.003738314,0.000457467,0,-0.015763532
0,-0.002737202,0,0,0,0.004484322,0,0,0.000981377,0,0.00362647,0,0,0,0.000946095,0.002415422,0,0,0.000909939,-0.01683367,0.363636375,-0.041379352,0.171084301,-0.052631592,-0.025590574,-0.011524833,0,0,0,0.017595339,0,0.031319859,-0.052631529,-0.018198345,0.025641001,0.006896566,-0.060606091,0,-0.075999985,-0.002762406,0,0.000938108,0.003200718,0,-0.034534467
0,0.003659649,0,0.000900111,0,-0.000892878,0,0,0,-0.000919139,0,0.000930254,0,0.00095422,0,-0.001445816,0,-0.000920744,0,-0.002038367,0.229629583,0.079136702,0.301646097,0,0.094949553,0,0,0,-0.001301466,0.147934677,-0.007722001,0.109761422,0,0.00648746,-0.047500014,-0.013698658,-0.109677449,0,-0.047619063,0,0,0.000937229,0,0.000893676,0.00777603
0.003795063,0,0.000909112,0,0,0,0,0.000978403,0.000980415,-0.000459992,0,0,0,0,0,0.000965273,0.002692974,0,0,0.036151971,0.096385596,-0.033333302,0.165349402,0,0.136531321,0,0,0,0,0.029288735,0.015564188,0.031274403,-0.018518611,0,0.016272976,0.031250013,-0.009057963,-0.007462679,-0.077272762,0.001846764,0.000974681,-0.000468175,0,0.006250058,-0.004629637
0,0,0.000908286,0,0,-0.002680941,0.004655511,0,0,0.000460204,0.002710089,0,0,0.000953311,0,0,0.002506703,0,0,0.010841696,0.423076835,-0.027586262,-0.001356463,0,0.155844166,0,0,0,0,0.2,0.07279696,0.883623965,0.009434066,-0.005985229,-0.00826448,0.013468041,-0.082266942,-0.01503758,0.083743883,0,-0.000973732,0.000468395,0,0,0.007751918
-0.006805251,0,0,0,0,0.039426572,0,0,0,0.000919984,-0.000900921,0,0.005570981,0.009523846,0.002835514,0,0,0.018894002,0,0.002730097,0.003861,0.062411391,-0.093181206,0.05555557,-0.080898841,0,0,0.004587174,0,0.138888835,-0.010714276,0.021332288,0.009345785,-0.000463188,0,0.019933595,-0.089641413,0.015267161,-0.027272745,0,0.001949269,-0.000936351,0,0,-0.001538497
0.006851879,-0.004557902,0,0,0,-0.035344895,0,0,-0.000979454,0,0,0,0,-0.00849058,-0.001884967,0,-0.002500436,0,0,-0.009140362,0.088461549,0.014686218,-0.06321152,0.284210573,0.329462043,0,0,0.001826526,0,0.046995892,-0.046931364,-0.248275832,0.06481475,0,0,0.019543916,0.109409285,0,-0.042056058,0.000921592,0.002918355,0.000937229,0,0.001774579,-0.019003541
0.001890402,0,0,0,0,0,0,0,0,-0.000459569,0,0,0,0.004757392,0,0,0,0,-0.004545472,0.017860644,0.010600697,-0.06578949,0.063639202,-0.151639392,0.096551744,0,0,0.000911511,0.012163283,-0.048295475,-0.026515215,-0.084927957,-0.017391288,-0.001853522,-0.005208328,-0.05750801,-0.03747539,-0.00751879,-0.053658555,0,-0.003879725,0.002808964,-0.001185095,0,0.007853383
0,0,0,-0.000899301,0,-0.003574617,0,0.00097754,0.000980415,0,0,0.000929389,0,0,0.000944309,0,0,-0.014020867,0,0.011762449,-0.010489501,0.091549295,0.044497999,0.111111124,0.241090168,0.011659203,0,-0.005464432,0,-0.1208955,0,0.093669449,0.044247746,0.000928438,-0.000523522,0.020339025,-0.004098369,0.030303001,0.005154659,0.01012897,0,-0.000747,0,0,-0.005714317
0,0,0,0.000900111,0.001168373,0.001793763,-0.002780327,0,0,0,0.000901734,0,0.001385073,-0.003787875,0,0.000964342,0,0.000917452,-0.000913263,0.029540675,-0.003533566,0.07741936,0.157167496,0.03478268,0.089526981,0,0,0.004120886,0,0.202037372,0.18677044,-0.051597727,-0.025423706,0,-0.002095373,-0.003322216,0.008230469,0.007352993,0.153846154,0,0.005842207,0.001681985,0,0,0.012016795
0,0,0.000907375,0,0.003590661,0,0,0,-0.000979454,0.000459781,0,0,0,0.000475205,0.000943328,0.000963413,0,0,0,-0.032395409,0.046099332,0.029940163,-0.030845812,-0.042016865,-0.116279073,-0.011524833,0,-0.00136802,0,-0.012429447,0.114754147,0.043910527,0,0,0.128608991,0.0333333,0.028571425,-0.160583957,-0.079999966,0,-0.00484029,-0.000932857,0,0,0.00361382
0.000943328,0,0.000181311,0,0.00089439,-0.000895276,0,0.000976585,0.000980415,0,0,0.000928438,0.00138307,0.001425211,-0.000942439,0.000962394,0,0.006416104,0,-0.022383814,-0.020338963,0.093023235,-0.024897265,-0.039473647,-0.105263145,0,0,0,0,-0.009725405,0.111764666,0.003968294,-0.017391288,0,0.004651158,-0.04193552,0,0.09565215,-0.028985525,0,0,-0.002801096,-0.000638858,-0.00885743,-0.013374497
0,0.001831456,-0.000181278,0.003597119,0.000893676,0,0,0,0,0.000919139,0,0.00185533,-0.000920744,0.001897577,0,-0.000961469,0,-0.004553665,-0.000914011,0.019569472,-0.044982737,-0.095744653,0.158199475,0.013698617,-0.217647042,0,0,0,-0.011158727,0.053148475,-0.023809501,0.059815558,-0.017699098,0,-0.004629625,0.043771084,0.025793673,0.0079365,-0.039801051,0,0.005836617,-0.003745315,-0.003652965,0.004468292,0.02659021
0.003770025,0.000914098,0,0,0,0,0,0,0,-0.000918295,0,0,0,-0.000946991,0,0.000962394,0,0.006404363,0,0.004606558,-0.003623185,-0.088235348,-0.036363602,0.049549502,0.025062692,0,0,0,0,0.207350564,0.013550122,0.009447967,-0.009009,0,0.004651158,0.12903223,-0.019342341,0.007874008,-0.051813474,0,0,-0.000939871,0.001833223,0,-0.0253936
0,0,0.000906639,-0.004480304,0,0,0,0,0,0,0,0,0,-0.001895778,0.000943328,0.00048078,0.002685742,0,0.002927684,-0.024073334,0.00727272,0.019354898,-0.084669812,0.103004299,-0.090464575,0.008968644,0,0.000913263,0,0.004089057,-0.021390354,0.171921271,0,0.00185533,-0.046296361,-0.017142807,0.023668568,0.015625048,-0.071038213,0,0,0,0.003659649,0.005338116,-0.031266304
0.004694854,0,0,0,0,0,0,-0.001951264,0.000979454,0.00183819,0,0,0,0,0,0,0,-0.004545472,0.001642004,0.023296762,-0.00722021,0.139240445,0.00489561,0.019455235,0.220430088,0.021333313,0,0,0,0.039366467,-0.010929016,-0.043926021,0,0,-0.009708729,-0.008720991,-0.013487417,0.0076923,-0.111764683,0,-0.003868468,0.001881421,0.007292609,0,0.014523962
0,0,0.003623185,0,0.001785755,0,0,0,0.000978403,0.001834904,0,0.000925947,0,0.002849068,0.001885057,0.001441648,0,0.013698683,0,-0.011861468,0.258181832,0.222222281,0.038717906,-0.022900743,0.138766546,0,0,0,0,-0.043099687,-0.033149141,0.003297378,0,0.000925947,-0.014705869,0.014662743,0.015624915,0.00763358,10.9205295,0,0.000970896,0,-0.004524904,-0.000884976,-0.004772012
0,0.000913263,0,-0.00135008,-0.000891286,0,0,0,-0.000977446,-0.000915772,0,0,0,-0.001893983,-0.002351888,0,0,0,0,-0.002904192,0.034682047,-0.154545466,0.045174078,-0.011718739,0.023210809,0,0,0.001824772,0.015624943,-0.085077296,0.079999992,0.044259432,0.045454501,-0.000925091,-0.054726376,0.052023143,-0.051923041,-0.015151501,0.594444444,0,0.001939816,0,0,0.00088576,-0.019712351
0.019626172,0,-0.002707557,0,0,0,0,0,-0.000195681,0,0,-0.000925091,0,0,0,-0.000959715,0,0.013513479,0,0.015922324,-0.033519522,0.134408537,0.027869634,0.031620524,0.096408362,0,0,-0.001821449,-0.027350402,0.027846815,0.32010577,-0.013218654,0.026086932,0,0.005263153,0.186813242,0.04868158,0.0153846,-0.257839721,0,-0.00193606,-0.000938899,-0.00363636,-0.002654844,0.002173963
0,0,0,-0.000450664,0,0.000896078,0,0.001466309,0,0.001833223,0,0,0.000921592,0,0.00141446,0.003842456,0,0,-0.000910681,0.01337922,-0.20231215,3.715639954,0.079963224,0.095785444,0.139655158,0,0,0,0,0.013546235,0.062124335,-0.036359752,0.025423807,0.001851806,-0.005235597,-0.041666681,0,-0.015151501,-0.198122051,0,0.000969862,0.000939781,-0.00091243,0.002661911,0.029826422
0,0.006386833,-0.000724016,0,-0.000892081,0,0,0.000488054,0.000685063,-0.001829868,0,0,0,0,-0.000941641,-0.003827748,0,-0.028444417,0,-0.052244444,0.101449265,0.413065396,-0.028723372,-0.090909091,0.075642964,0,0,-0.003649632,0,-0.013365187,-0.028301904,-0.088261254,0.008264455,0,0.015789459,-0.057971059,-0.013539708,0,0.377049138,0,-0.001937937,-0.000938899,0.008036557,-0.001769952,-0.023170118
0,0,0.001630194,-0.000901734,0.000892878,0,0,-0.001951264,0.000488915,0,0,0,0,0.000948788,0.001885057,0.000960637,0.001785755,0.018298244,0,0.013930363,-0.019736824,0.1443812,0.072289137,0.107692392,-0.077355862,0,0,0,0.03690686,0.054668561,-0.033009723,0.053969012,-0.008196713,0,0.012953418,0.097435946,0,-0.007692361,-0.042091811,0,0.000970896,0,0,-0.001773006,0.003234576
0,0.000906639,0.001808273,0,0.002676158,0,0,0,0.00097754,0.000916611,0.004504436,0,0,-0.000947889,-0.001881511,-0.000959715,0.000891201,0,0,0.016682992,-0.053691304,-0.378495966,-0.00919307,0.253472136,-0.045731664,0,0,0.002747228,0.004237304,0.043578018,0.345381483,0.160964461,0.008264455,0,0.002557542,0.102803737,-0.019607825,0.015503923,0.375943168,0,0,0,-0.00253668,0,0.034390079
0,0,-0.002707557,0,0,0,0.00185869,0.002932619,-0.000488292,-0.000915772,0,0,0,0,0.001885057,0.000960637,0,0,0,0.004440146,0.053191524,0.356999969,0.026391727,-0.060941772,0.04472839,0,0,0,-0.017299571,0.147252764,0.09253737,-0.03995254,0.032786853,0,-0.005102036,-0.055084731,-0.004000008,-0.015267221,1.140645083,-0.006381098,-0.000969954,0,-0.00018164,0,0.00207797
0,-0.001811549,0,0,0,0,0,0.001656939,0,0.000458306,-0.002690559,0,0.000920831,0.000948788,-0.001881511,0.001919338,0,0,0.011850512,-0.042667643,0.060606082,-0.08621961,0.023302529,-0.020649018,0.085626903,0,0.000999024,0,0,-0.077394652,0.501366054,-0.075401726,0,0,-0.041025662,-0.044843072,0.004016072,0.007751992,-0.752712459,0,-0.003883491,0,0,0,-0.00881286
0,-0.006352146,0,0.002707557,0,0,0.00185533,-0.001167664,0.000488531,0,0.00449642,0.001851806,0.001839969,-0.000947889,0.000942529,-0.000957785,-0.000890407,0,-0.011711722,-0.020076289,-0.060317477,-0.182258012,-0.089320757,-0.057228862,0.059154941,0,-0.000499013,0,0,-0.060215979,-0.151956334,-0.038324447,-0.063492098,-0.000924147,-0.002673794,-0.037558692,0.001999974,0,-0.055454027,0.004587174,0,0.003759395,0.000181673,0,-0.009937266
0,0.01278542,0,-0.000900025,0,0,0,0,0,0.000916191,0,0,0.000918207,0.001897577,0,0,0,-0.010781661,0,0.001638968,0.351351334,0.090729787,-0.175253313,-0.124600668,-0.035904253,0,0.000499263,0.000913263,0,-0.015466128,-0.111587982,0.081557008,0.016949238,0,0.029490588,-0.095121963,0.02794411,-0.007692361,-0.289677429,0.003652965,0.005847901,0,0,0.002664275,-0.030110918
-0.014665431,0,0,-0.001801843,-0.002669015,0.002685742,0,-0.00146131,0,-0.001098406,0,0.000924236,-0.000917365,-0.000946991,0,0,0,-0.000908286,0,0.083452687,0.075000048,-0.173598554,0.11552541,-0.175182488,0.144827613,0,-0.000998027,0.002737202,0.021897737,0.058348258,0.158212616,0.064267352,0,0,-0.020833314,0.010781693,0.04854376,-0.007751931,-0.399636699,-0.004549608,0,0,0,0,0.004357294
0,0.019837715,0.000904998,0.00722021,0.002676158,0,0,0,0,-0.000274925,0,0,0.001836502,0.000947889,0,0.000958703,0.000891201,-0.009090944,0,-0.033415149,0.076744165,-0.070021917,0.130506084,-0.075221273,0.097590295,-0.020887709,0.000999024,0.00191082,0,-0.009329912,-0.346193964,-0.049315635,-0.008333325,0,-0.010638288,0.010666688,0.090740673,0.015625048,0.815431207,0,0.001938029,-0.002809053,0,0,-0.027657278
0.023255814,0,0.000452004,-0.003584226,0,0,0,0.002926803,0.000195298,0.001833223,0,0.000923382,0,0,0,0,0,-0.005504538,0,-0.00566408,0.047516152,0.002352995,0.200000032,0.052631645,0.119648759,0,-0.000998027,0,0,0.087328722,0.069377982,-0.033876741,-0.016806806,0.000925002,-0.005376339,0.055408964,0.045840426,0,-0.214166641,0.000914098,0.00096714,0,0,0.002657195,0.004461792
0,-0.011494263,-0.001355571,0,0,0,0,-0.001945477,-0.00019526,-0.000914934,0.002685742,0,0,-0.001893983,-0.000941641,-0.000957785,0,0.026752764,0.000911511,0.001374969,0.020618537,-0.082159654,-0.09309159,0.01363635,0.190196134,0,-0.002997072,-0.000998972,0,0.030708689,-0.123042479,-0.010300268,0.034188105,0,-0.021081099,-0.02500005,-0.009740231,0.0153846,0.071049806,0,-0.004830936,0,0,0,-0.011660244
0,0.001788864,0,0,0.0026691,0,0,0,0,0.002747228,0,0.004612564,0,0.000948788,0.000942529,0.000958703,0,0.003593887,0,0.01078853,-0.032323203,0.026854163,-0.107598513,0.363228671,-0.099670511,0,0,0,0,0.00038198,0.02551022,-0.08857396,0.041322273,0.000924236,-0.006074013,0.166666743,0.03114753,-0.00757575,-0.038613876,0,0.005825191,0,0,0,0.008988756
0,-0.006249973,0.000904998,0,-0.001774663,0,0,0,0.00039069,-0.001826439,0,-0.003673091,0,0.000473944,0,0.000478938,0,-0.006266759,0,-0.008926821,0.022964537,-0.127023604,-0.03691847,0.095394725,0.146386037,0,0,0,0,-0.128675096,-0.029850796,-0.05393589,-0.015873001,0,-0.022222202,0.04615384,-0.028616862,0.015267161,-0.071060779,0,-0.002895727,0,0.000908286,0,-0.007795067
0,0,0.003616633,0.000899301,0.003555552,0,0.009259206,0.001949269,0.000585666,0.001829781,0,0.003686632,-0.000916611,0.00142107,0.000941641,0.000478709,0.002671477,0.000900836,0.001821535,0.007636565,0.057142802,-0.156918737,0.148681563,-0.033033002,0.22426181,0,0.000501013,-0.000909112,-0.025210021,-0.040315517,-0.088888887,0.178993361,0.008064508,0,-0.028409064,-0.084033657,0.126022949,-0.01503758,-0.140798197,0,0.003872213,0,0,0.000883412,-0.019079695
0,-0.000449247,-0.002702764,0,-0.002657195,0,0,0,0.003902435,0,0,-0.003673091,0,0,0.000470378,0,0.00088812,-0.002700246,0,-0.00038866,-0.04440155,0.021996636,0.015046273,-0.102484447,0.303780952,0,0,0,0,0.643835645,-0.005628468,0.012851234,-0.023999977,0,-0.064327492,0.006880782,-0.020348834,-0.00763358,-0.140645181,0,-0.001928593,0.000938989,0,0,-0.002860368
0,-0.004044951,0,-0.001796986,0.00088812,0,0,-0.001945477,0.00097184,-0.001826439,-0.003571425,0.004608224,0,-0.001797545,-0.000470156,-0.00095696,0,0,-0.003545414,0.003110417,0.060606101,-0.091059635,0.056062349,-0.062283758,1.35,0,-0.000500763,-0.00081891,0,-0.121666643,-0.075471713,-0.135698954,-0.016393427,-0.000923382,-0.018749982,0.070615006,-0.00593473,0.030769201,0.013513537,0,-0.00028988,-0.000938108,0,-0.000882633,0.026964963
0,0,-0.000451682,0.000900111,0.000887247,0,0,0.001949269,-0.003883491,0.001829781,0.002688148,0,0.003669721,0.000853074,0,0,0,-0.000902548,0,0.026550442,0.045714242,0.087431701,0.179053392,0.118081155,-0.356382979,0,0.001002027,0,0,0.173307953,0.044897915,0.026872403,-0.016666749,0.000924236,0.070063625,0.023404271,0,-0.022388038,-0.096296296,0,0,0.000938989,-0.003629847,-0.000883328,0.013966481
0,0,0,0,-0.000886461,0,-0.000917365,0,0.002046775,-0.001826439,0,0,0,0.000473405,0.006585108,0,-0.000887332,-0.000903277,0,0.02491976,0.127504611,-0.035175807,-0.073107408,0.158415849,-0.072727298,0,-0.002001952,0,0,-0.029649556,0.068359358,-0.031257594,0,0,-0.071428576,0.039501026,0.005970161,0,-0.111475397,0,0.003189329,0,0,0.001768303,0.015978012
0,0,0,-0.000899301,0.001774579,0.002678548,0,-0.000972692,0.002820765,-0.000914934,0,0,0.001828195,0,-0.003738314,0.000957876,-0.00088812,-0.00090418,0,0.022103532,0.077544429,-0.019097245,-0.114934951,-0.034188002,0.089483077,0,0.001002936,0.000819582,-0.011206906,-0.065277735,0.087751378,-0.022261116,0,0,-0.038461503,-0.015999973,-0.062314531,-0.00763358,-0.083025829,-0.009132368,-0.000963413,0,0,-0.014121787,-0.034164916
0,0.000992751,0,0,0,0,0,0,-0.002909863,0.000915772,0.002681027,-0.002752269,0,0,-0.001407072,-0.00095696,0.000888909,-0.000904998,0,-0.005226183,0.014992489,-0.014159278,0.095627896,-0.088495629,-0.04777484,0,0,0,0.002615495,0.044279281,-0.02352939,0.02814015,-0.016949137,0,0.046666702,-0.040650427,-0.11234183,-0.015384661,-0.016096564,0,-0.001928593,0.002814234,0,0.012533603,-0.012352573
0,0,0.002259428,0,-0.001771435,0,0,0.002921103,0.000972785,-0.000914934,0,0,0.00091243,-0.001419725,-0.000469715,-0.000478847,0.00088812,0.000905818,0,-0.013405827,0.005908414,0.280071794,-0.009169654,-0.022653701,-0.319931249,0.000888909,0,0,-0.002608672,-0.038702352,-0.089500858,0,0,0,-0.070063701,-0.182203379,-0.001782508,0.007812493,0.370143107,0.124423906,-0.000966206,0,0,0,0.005116552
0,0,0,0,0.002661911,0,0,0,0,0,0,0,0.010938914,0.002843577,0.001879653,0.000479076,0,0,0.000821077,-0.014873257,0.016152736,0.141655009,0.028106311,-0.076158947,-0.469429029,0.00088812,0,0.000364028,0,0.042628848,-0.041587862,0.022144893,-0.017241363,0,-0.109589097,-0.12435235,-0.042857123,-0.015503862,-0.010447716,-0.103278709,0,0,0,0,-0.001696871
0,0.00531963,0.001803382,0,-0.001769952,0,0,0.000485448,-0.00097184,0,0,0.001839969,0,0,-0.001876126,0,0,0,-0.001823196,-0.002050338,-0.021676314,-0.017199059,-0.030505114,0.025089582,0.047619048,0,0,0,0,-0.028109076,0.082840155,-0.05111982,-0.078947399,0,0,0.047337286,-0.076492551,0.023622088,-0.030165911,0.000914098,-0.00096714,0,0.024134823,0.000884109,-0.003965988
-0.015454552,0,0,0,-0.001773006,0,0,0,0.000194538,0.004578772,0,0,-0.010730427,0,0,0,0,0.004524904,0.006392753,0.016996635,0.028065001,-0.141250014,0.017709745,-0.006993001,-0.300000017,0,0.001002027,0,0,-0.028045548,-0.03096532,-0.087352458,0,0.001846764,-0.016153776,0.053672299,0.111111124,-0.007692361,-0.166407528,-0.013698596,0.001936153,-0.000935386,0,8.84E-05,-0.017064803
0.014773763,0.000896882,0,0,0.00088812,0,0,0,0.00155619,-0.000455799,0,0.000918207,0,-0.000945201,0.001879653,0.001436815,0,-0.006756825,0,-0.001285577,0.137931039,0.008733616,0.077715871,0.021126825,-0.181818137,0,-0.000300231,0.00145532,0.001743636,-0.002103988,0.031954811,0.023752562,0.009523801,0,-0.046129799,-0.112600526,-0.047272768,-0.023255792,-0.076492511,0,0.00386473,0.000936262,-0.000978184,-8.84E-05,-0.001157434
-0.012738798,0,-0.001800135,0,0,0,0,0,0.000194198,0.000456007,0,0,0.000820329,0.000946095,0.000938108,0,0,-0.000453439,0,0.038065459,-0.155303031,-0.023088002,0.010973459,0.048275814,0.026984063,0,0,0.000908286,0,0.055120421,0.020947223,0.177924319,0.009434066,0,0.06803274,-0.129909404,-0.196564861,0.015873001,0.07878791,0,-0.000962486,-0.002806336,-0.003916737,0,0.001158775
-0.019354842,-0.002688148,0.000901734,0,-0.002661995,0,0,0,0,-0.000911598,0,0.000917452,0,-0.000472601,-0.001874457,0.000478251,0.000887247,0.002722299,-0.002722385,0.013994702,0.061285477,-0.056130002,0.017832246,0.039473725,-0.10355481,0,-0.000200341,0,-0.001740601,0.055952126,0.111507582,-0.002097906,0.009345785,0,-0.056024525,-0.055555464,0.04988123,-0.023437478,-0.058052476,0.000462974,-0.001926826,0.002814234,0,0,0.00925925
0.011278184,0.002695394,0,0,0.0026691,0,0,0,-0.001941792,0.00091243,0,0,0,0.000472824,0.004694854,0,-0.000886461,0.000904998,0,-0.009958132,-0.032394369,-0.014084457,0.142748367,-0.060126599,-0.017241445,0,0.000400667,0,0,0.087591179,0.027287332,-0.137117556,0.00925925,0,0,11.24264611,11.9072396,0.023999977,-0.033797232,-0.000462759,-0.002895727,-0.002806336,0,0,0.041857771
0.021375422,0.000896078,0.000900836,0,0,0,-0.007346182,0,0,-0.000911598,0,0.003666358,0.003369823,-0.000945201,-0.000934601,0,0,-0.00090418,0.000909939,0.00847015,-0.01892287,0.074603139,0.056525766,-0.016835001,-0.014035075,0,-0.001902098,0.00317603,0,-0.01615704,-0.039062499,0.352192816,0.009174303,0,-0.016260147,-0.069069076,-0.079754589,-0.046874956,-0.074074045,0,0.00677635,0.001876216,0,0,0.003852487
-0.014558676,0,0,0.001800221,0,0,0,0,0,0.00091243,0,-0.001369807,0,0.000946095,0,0.000956045,0.000887247,-0.001357497,0,-0.016972899,0.00890214,-0.059084209,0.097791798,-0.020548007,0.032028525,0,0.001002936,-0.003165974,0,0.029560336,0.159349594,0.160960977,0.045454501,0,-0.066115736,-0.070967676,-0.108571461,0.032786853,-0.111111111,0,0,0,-0.015192058,0,0
0,-0.000895276,0.000900111,0.005390788,0.001774579,0,0,-0.000485212,0,0.000911511,0.000891201,0,0,0,0.002899919,-0.000477566,0,0.004077941,-0.001818223,0.026343886,0.007352899,0.061224545,0.063218391,0,0,0,0.000501013,0.002268568,0,-0.028957063,-0.035063113,0.141921009,1.9217391,0,0.035398196,-0.013888958,0.183760719,0,-0.064999962,-0.000925947,0,0,0.019419214,0,-0.003289444
0,0.000896078,-0.000899301,0,0,0,0,0,0,0.000910768,0,0,0,0,0,0,0.00177309,-0.002707557,0,0.004335761,0.154744519,-0.045858049,-0.086594618,-0.020979002,0.072413722,0,-0.000500763,-0.000452704,0,-0.061410167,-0.091569783,-0.064331049,0.208333354,0,0.025641104,-0.028168988,0.066786983,0.015873001,0.029411723,0,-0.004807619,-0.000936351,-0.000356121,0,0.016501608
-0.001846676,-0.000895276,-0.000900025,0,-0.001771435,0.001157657,0,0.000970896,0,-0.001819791,0,0.001828944,0,0,-0.001958764,-0.000477794,0.001769868,0.00180991,0.001821535,-0.01070625,0.065739629,-0.044961236,-0.192093693,-0.00714285,0.077170424,0,0.001002027,0,0,-0.030694653,0.064000015,-0.214654607,-0.174876859,0,0.14999995,-0.09057971,-0.040609099,0,-0.038961039,0.001853611,0,0,0,0.003533566,0.010281414
0.013876005,0,0.000900836,0,0,-0.000266856,0.004162731,0.000969862,0,0,0.001780985,0,0,-0.001890312,0,0,-0.000883328,-0.000903277,-0.000909112,-0.003141915,0.014234861,-0.008116837,-0.041019674,-0.021582713,-0.091044727,0,0,-0.002717367,-0.002615579,-0.002222273,-0.04511281,0.060419207,-0.146268664,0,0,-0.02390436,-0.038800752,0,-0.137837848,-0.000925091,0,0,0,0.000880302,-0.009105521
0,0.000896078,0.000900111,0,0,0.00044485,0,0.003875965,0,0.000911511,0.000444455,0,0,0.001420397,0,-0.000478022,0,0,0,-0.000700419,0.040935605,-0.019639993,0.142377021,0.022058802,0.050903109,0,0.003503488,0.002724771,0,0.04398669,-0.058267699,-0.054069713,0.027972086,0,-0.072463786,-0.077551042,-0.036697214,0.015625048,0.216300931,0,0,0,0,0,-0.024324366
0,0,0.000899301,0,0,0.003112481,0,0.001930546,0,0,0.000444257,-0.002282028,0.00299537,0.00236412,0.00934583,0.001434753,0.000884109,-0.00180836,0,-0.000876104,-0.176404468,-0.015024988,-0.129446382,-0.039568308,-0.039062499,0,-0.000797947,0.003623185,0,0.007200012,-0.046822777,-0.054497025,-0.153061238,-0.00092168,0.015624985,0.092920371,0.009523846,0.0076923,-0.051546393,0,0.004830844,0,0,0.001759055,0.012742463
-0.029197052,0,0,-0.004468207,0.002661911,0,0,0,0,0.000910768,0,0,0.00180991,0,-0.008333347,0.000955041,0.001766825,0.001811636,0,0.022448242,0.125511608,-0.038983053,0.043932422,-0.044943865,0.001625976,0,-0.000399387,0,0,-0.002382848,-0.031578918,-0.120476732,-0.152610487,0,-0.1,0.028340054,-0.018867996,-0.030534382,-0.084239091,0,-0.00384615,0.005623193,0,-0.000877983,0.002735188
-0.008458661,0,0.000898493,0,-0.001681421,0.00177309,0,0,0.000972785,0.000909939,-0.00088812,0,-0.00180664,0,0.002801096,0,-0.000881854,0.001808273,0,0.002058301,-0.049696951,0.093474378,0.062978205,0.058823568,0.120129913,0,-0.000299541,0.000902548,0.005244792,0.008492561,-0.072463786,-0.084257255,0.071090096,0,0.034188105,0.078740177,-0.028846082,-0.007874008,-0.023738849,0,0,0,0,0.00439369,0.009819984
0,0,0.001795288,0,0.000797786,0,0,0.002890148,-0.00097184,0,0.000888909,0,0,0,0,0,0,-0.001805009,0,0.020369779,-0.104591857,0.209677457,0.003322335,-0.022222201,0.149275322,0,0,-0.002705116,0.024347803,-0.052631579,-0.007812493,0.008071108,-0.039822971,0.00092253,0.057851183,0.113138665,0.035643529,0,-0.012158101,0,0,0,0,0,0.026472165
0.006161098,0,0,0.004488262,0.00088576,0.001769868,0,0,0,0.000454556,0.00088812,0,0.000452499,0.000943328,0.005586631,0.00095422,0.000882633,0,-0.00272973,-0.023318225,-0.018518535,-0.079999987,-0.052152404,-0.034090966,0.071878964,0,0,0.001808273,0,0.007777744,-0.015748017,-0.085668609,-0.069124465,0,-0.046874956,-0.154098372,-0.005736178,-0.0079365,-0.055384592,0.002777753,-0.002895727,0,0,-0.000874911,-0.020526284
0,0.000895276,0.000896078,0,0.001769868,-0.00167845,0,0.000960637,0,0,0,0.000914847,-0.000452294,0,0.001851806,0.001906621,0,0.001808273,0,0.013740969,-0.010159608,-0.023188452,-0.015866032,-0.03137252,0.076470543,0,0,0.001805095,0,0.006063981,0.047999954,-0.053998791,-0.014851471,0.000921592,0.032786853,-0.003875965,-0.082692278,0.015999985,-0.084690564,-0.002770058,0.004356251,0,0,0,0.032778006
0,0.001788864,0,0.001787351,0,0,0,-0.000959715,0.00194557,0.000908699,0.002661911,0.001828195,0.002714908,0,0.000184829,0,0,-0.000902548,0,-0.029142684,0,-0.08902076,-0.036385136,-0.060728783,0.147541031,0,0.001997952,0,0.000848916,-0.051506879,-0.030534323,0.005553851,0.015075362,0,0.0079365,-0.073929893,-0.029979062,0,0.035587188,0.000925947,0,0,0,0,-0.051508835
0,-0.001517875,0,0.000892081,-0.000883328,0.012299791,0.003224395,0.009606185,-0.000970896,0,0,0,0,0.000942529,-0.000184795,0,0.000881854,0,0,-0.013263496,0,0.019544033,0.000920914,0,-0.040000007,0.102040778,0,0.002702679,0.000848196,0.011842861,-0.043307046,-0.183491854,-0.044554472,0,-0.031496033,-0.067226924,-0.036092462,-0.007874008,-0.151202734,0,-0.002409602,-0.002795875,0.001780985,0,-0.044980785
0,0.005097037,0,0,0.000884109,-0.0034965,0,0.001902902,0.00097184,0.001361724,0,0.003649632,-0.001805009,0,0,0.000285376,-0.001762155,0,0,0.093031451,0.004398788,0.03035137,-0.076982066,-0.030172386,0.0079365,-0.013687607,0.001994064,0.000898493,0,0.012988919,0.037037001,-0.141676076,0.010362746,0.005524901,-0.073170758,-0.009009,-0.040358706,0,-0.040485829,0,0,0,0,0,-0.014933959
0,0,0.000895276,0,0.000883412,-0.006140324,0,0,0,0,-0.002654844,0,0,0,0,0.00066593,0,0.001806726,0,0.006472517,-0.001459818,-0.038759691,0.069280646,0.031111081,0.013779562,-0.07673466,0,-0.000897687,0,-0.044666734,-0.005952328,0.155866876,-0.030769262,0,0,-0.040909159,0,-0.031746002,-0.054852367,0,0.002898525,0,-0.000888909,0.001313515,0.030320727
0,0,0.000447237,0.000891201,0,0,0.000918207,0,0.000970896,-0.00045332,0.002661911,0,0,-0.000470821,0.000924236,0,0,-0.000450867,0,0.000321551,0.138888858,-0.064516069,-0.08716595,0.043103511,0,0,-0.002985048,0,0,0.006194663,0.05988018,0.257196936,-0.063492066,0,0.035087686,0.004739332,0.057009333,0.016393427,0.316964308,-0.000462545,0,0,0,-0.003060848,0.032823991
0,0,-0.000447037,0,0,0,0,-0.001899288,0,-0.001360489,-0.001769952,0,0,-0.001413037,-0.000923382,0,0,0.00045107,0,0.017839932,-0.017971742,-0.048275897,-0.048851046,0.239669382,0.040776706,0.000884109,0.001995958,0.000628928,0,-0.02345351,-0.020715656,0.096113365,-0.028248561,0,-0.050847411,-0.033018838,0.027851442,-0.032258098,-0.054237301,0,0,-0.002803713,0,0.001754426,0.007671199
0.000471042,0,0,-0.002671392,0,0.001765265,0,0,-0.000969954,0.000908286,0,0,0.001808273,0.000943328,0,0.000950501,0,-0.000901734,0,-0.025580336,0.17124182,-0.072463786,-0.117752357,0,-0.034514914,0,0.000996039,0,0.006779654,0.087361145,-0.007692301,-0.024189144,0.034883687,0.000915772,0,0.03902447,-0.075268795,0,-0.053763442,-0.000462759,-0.002890148,0,0,0,0.006525331
0,0,0.001788864,0,0,0.002643148,0,0,0.000291287,0.000907375,0.00177309,0,-0.001805009,0,0.000924236,-0.000949599,0.002647814,0,0,0.013936163,0.02008932,0.095703176,0.132860027,0.016666651,0.042512035,0,0,-0.000179569,-0.00252523,0.155991097,0.065891504,-0.08253522,0.067415734,0.000914847,0,0.032863817,0.069767372,0.008333392,-0.030303002,0.000925947,0.00386473,0,0,0,0.07563477
-0.000941641,0.014234862,0,0,0,0,0,0,-0.000291202,0,0.000884976,0,0,0.000942529,0,0.000950501,0,0.001805095,0,-0.004474969,-0.035011011,0.008912605,-0.022381379,0.059016416,0.017608858,0,-0.000995048,-0.000449045,0,0.024838809,-0.009090944,0.095179567,0,0.000914098,-0.026785689,0.031818151,-0.054347827,-0.016528975,-0.082031264,-0.000925091,0.000962394,0.004686053,0,0,0.025113009
0,-0.004385898,0.000446439,0,0,0,0.002752357,0,0,0,0,0,0,0,0,-0.000474845,0,0,0,0.001123771,0.037414959,-0.028268525,-0.037362585,0.092879242,0.026411742,0,-0.000996039,0,-0.002531703,-0.009088776,-0.003669721,0.079058134,-0.094736816,0.000913263,0,0.008810564,-0.009655131,0,0.072340458,0,0,0,0,0,-0.021558086
0,0,-0.00044624,0,0,0,-0.000914934,0,0.000970896,-0.000906553,0,0,0.000904094,0.000941641,0,0,0,-9.01E-05,0,-0.003367529,-0.125683024,0.098181811,0.12233638,0.09065154,0.117125079,0,0,0.000898493,0.002538129,0.028222031,0.001841663,0.079241338,0.023255791,0.003649632,0.009174303,0.008733616,0.074744666,0.016806774,-0.007936538,0,0,0,0,0,0.001502288
0.005655082,0,0.000892878,0.002678548,0,0,0,-0.000951497,0,0,0,0.000909112,-0.00180664,0.000940755,0.003601155,0,0,-0.000810868,0.003649632,0.010297657,-0.235000014,-0.009933765,-0.073402301,0.085714268,0.073868173,0,0.001994064,0.000897601,0,0.103385186,0.012867678,0.123976832,-0.056818196,0,-0.01363635,0.017316001,0.082073457,-0.016528975,-0.02,-0.000925947,-0.00288459,0.004664197,0,0,-0.002499962
0,-0.009691683,0,0.005342869,0,0,0.001831456,0,0,0.002722299,0,0.000908286,0,0,-0.002668165,-0.00047498,0,0,0,-0.011466813,0.031045762,-0.076923083,-0.073728481,-0.035885078,0.071745509,0,-0.001990095,-0.000896796,0,-0.092039848,-0.08166974,0.069393912,0.030120526,-0.008181832,-0.110599134,-0.034042522,0.001995958,0,0.03265303,0,0,-0.002321316,-0.003558716,0,-0.019047672
0,0,0,0,0,-0.00439369,0.003656304,-0.004761923,0,-0.001809996,0,0,0,0,0,0.0001901,0.000880302,-0.000721404,0,0.000322224,0.038034905,0.003623185,-0.019356104,-0.002481446,-0.058661107,0,0.001196419,0,0,0.026712375,0.019762827,-0.096134573,0.081871335,0,0.077720197,0.046255515,0.00796812,0.025210127,0.003952584,0,0.000964342,0.003257315,0,0,0.068983158
-0.000937229,0,0,-0.003542955,0.000882633,0,-0.003642984,0.004784707,0,0,-0.000884194,-0.000907462,0,0.005639047,0,0,0.002638499,0.00162431,0,0.020937337,-0.029007641,0.054151659,0.041490383,-0.002487501,-0.031524948,0,-0.000199149,0,0,-0.024238384,0,0.078661625,0.097297268,0.009165938,0.005769271,0.014736878,0.017786592,0.008196713,0.003937023,-0.001853522,0,0,0,0,0.023900574
0,0,0,0,0,0,0,0,0.000969862,0.001813278,0,0,0.00180991,-0.002803713,0,0.000760257,-0.001666671,-0.001351382,0,-0.006783409,0.21383642,-0.015410985,-0.023786493,-0.087281826,-0.008326999,0,0.000996039,0,0,0.028714637,0.07945743,-0.015406738,-0.019704415,0,-0.053537279,-0.01244812,-0.02524274,-0.008130073,-0.101960799,0,0,0,-0.015178578,0.00175127,-0.000466864
0.011257025,0,0,0,0.000881854,0.000882633,0,0,0,-0.000904998,0,0,0,-0.001874457,0.00092253,-0.000949599,0.00079086,0.003157406,0,0.007465077,0.196891195,0.052173946,0.002971504,0.04918028,0.068702259,0,0,-0.000897687,0.001687722,0.031014655,0,0.026079699,0,0,0.030303001,0.029411735,0.00398406,0.016393427,-0.074235759,0,0,-0.005565813,0.015231208,0,0.028024306
-0.011131715,0,0,0,0.000880993,0,0,0,0,-0.000905818,0,0,0,0.000469494,0.001843272,0,0.001316891,-0.002697818,0,-0.010562856,0.015151553,-0.061157083,-0.133912748,-0.007812493,0.027857167,0,0,0,0.001684959,0.123764465,0.03411132,-0.030703581,0.005025121,-0.000908286,0.03921565,0.036734658,0.009920673,0.008064508,-0.099056618,0.00278549,-0.002890148,0,0.001964664,0,-0.027260353
0,0.0026691,-0.000446041,0.003555552,0,0.000881854,0,0,0,0.000906639,0,0.000908286,0,-0.001407733,-0.000919984,-0.000950592,-0.000438414,0.000901734,0,0.015933716,0.204690837,0.036971839,0.020296539,-0.015748017,0.020847757,0.000883412,-0.000995048,0,0,-0.029063107,0.017361094,0.033354315,-0.050000012,-0.005454584,0.053773626,0.094488194,-0.07662089,0.007999992,0.015706766,0,0.000966114,0.005596965,-0.001960812,0,0.011676787
0.008442791,-0.000887332,0.001338719,0,0,-0.000881077,0,-0.000952403,0,-0.000905818,0,0,0,0.001879653,-0.000920744,0,0.001754426,0.000900836,0,0.038739101,0.200884908,0.02546691,0.756593504,0.023999977,0.150442485,0.018534867,0.000996039,0,0,0.045490379,0.035836183,0.104141316,-0.010526306,0,-0.01074303,0.039568394,0.017021363,-0.0079365,-0.087628809,0,0.003861,0,0,0,0.027008356
0,0.00088812,0,0,0,0,0,0.000953311,0,0.001359959,0.00353982,0,0.002710089,-0.003752342,0,9.51E-05,0.000875677,0,0,0.01675967,-0.088430349,-0.039735062,0.065529988,0.309895917,0.132544368,-0.003466201,0,0,0,-0.075343756,-0.049423424,-0.06251145,-0.015957432,0,-0.04072405,-0.034602124,-0.004184096,-0.015999985,-0.039548064,0,0,0,0,0,0.031692511
0.003720927,-0.001774663,0,0,0,0,0.003656304,-0.000952403,0.000969014,-0.000452704,0,0,0,0.002354103,0,0.000190263,0,-0.003600357,0.001818223,-0.023611471,-0.03880352,0.025862002,-0.06735132,0.003976139,0.052246606,0.086956522,0,-0.000898493,0.002523106,-0.002444468,0.051993101,0.012943711,-0.016216201,0,0.037735928,0.107526866,-0.018907594,0.09756101,0.176470588,0,0,0,-0.000714447,0,-0.006100274
0.018535664,0.001777818,0,0.00088576,0,0.004409188,0,0,0,0.000996348,0.000881854,0,-0.000900921,-0.000469715,0.000921592,-0.000285295,0,0.003613366,0,0.01125472,-0.065601402,-0.016806707,-0.096030732,0.035643529,0.027805431,-0.078560028,0,0.000899301,0,0.00265463,-0.060955577,0.033881896,0.032967001,0,-0.027272701,-0.061488616,0.03854386,-0.044444518,0.614999962,0.002777753,-0.001923029,0.005565902,-0.009830175,0,-0.035510718
0,-0.000887332,0,0,0.000880302,0,0,0,0,-9.04E-05,0,-0.000453731,0,0.000939781,0,0,0,-9.00E-05,0,0.005715219,-0.057605707,-0.023931601,0.017563709,0.065009589,0.002415422,-0.017190481,0.001492477,0.000898493,0,0.012220006,-0.085964875,-0.016666726,0,0.000914098,0.014018678,0.075861994,0.014433025,0.06201557,-0.325077407,0,0,0.01199263,0.010649822,0,0.016363664
0,0,0,0,0.000879528,0,0.005464519,0.004766463,0,9.04E-05,0.001762071,0.000453937,0,0.000281715,-0.001841575,0.000951497,-0.001749821,-0.00531101,0,-0.008523997,0.060171929,-0.019264472,-0.04329055,0.154398497,-0.012530132,-0.000883328,-0.001490252,0,-0.002516756,0.005030181,0.01919384,-0.006855776,-0.037234071,0,-0.023041562,-0.038461503,0.02235775,0.014598526,-0.123853163,0.001846764,0.003853561,0,0.003750653,0.000874146,0.036225378
0,0,0.000891201,0,0.000878755,0,0,-0.003795063,0,-9.04E-05,0,0,0.000901734,0.002534537,0.002767503,0.000475205,0,0.006968295,0,0.02277518,0.036036,0,-0.026480425,0.110419916,0.261102999,0.002652496,0.000995048,0,0.007569318,-0.002402381,-0.032015081,-0.023681698,0.093922697,0,0.037735928,0,0.009940301,0,0.083769652,-0.00092168,0,-0.017320012,0,0.001746765,-0.023306039
-0.017288406,0,0,0,0.001755883,0,0,0.000952403,0,0.000904998,0,0,0.002702679,-0.000936351,0.000919984,-0.00047498,0,0.000269638,0,-0.000884789,0.155652171,-0.016071371,0.108653359,-0.144257668,0.207430363,0.002645479,-0.000994058,-0.00269306,0.001669487,-0.063816982,0.009727664,-0.04978886,0.085858624,0,-0.0090909,-0.063333352,-0.025590574,0,-0.07487928,-0.00092253,-0.003838768,0,0.041370121,0,-0.000441817
0.009259206,0,0,0,-0.000876444,0.004389749,0,0,0,0.001356183,0,0,-0.001796986,0.000937229,0.00183819,0.000950501,0,-0.005390873,-0.001814923,-0.001918779,0.103085018,-0.019963726,0.03356697,0.08019636,0.209294828,0.083553194,0,0,0,-0.030868219,-0.013487509,-0.086606084,0.083720847,0.004566228,0.119266047,-0.056939449,0.002020248,-0.007194295,-0.049608296,0,0.001926734,0,-0.036309286,-0.00087186,0.005747089
0,0,0,0,0,0,0,0,0.000968076,0.001354433,0,0,0,-0.000936351,-0.000917365,0.000949689,0,0.000722708,0,-0.022034981,0.148021835,-0.012962995,-0.11256029,0.021212101,0.045057005,-0.074675333,0,0.002700332,0,-0.016589251,-0.011718739,0.009051856,-0.034334732,0,-0.073770517,0.022641487,0.024193525,0.01449274,-0.043956105,0.001846764,0,0.011131715,-0.021276576,0.00087262,0.017582401
-0.013761433,0.00088812,0,0,-0.000877129,0,0,0.002854399,0,-0.000901734,0,0.000907375,0,0.001405843,0.001836502,0,0.006485571,0.000180525,0.004545472,0.035989793,0.016042808,-0.039399632,0.002865957,-0.022255137,-0.842759326,0.009649177,0,0,0,-0.019343244,-0.019762827,-0.015250063,-0.013333321,-0.00363636,-0.000884997,-0.0221402,0.013779562,0.007142907,-0.022988484,0,0,-0.00917426,0.008605097,0,-0.014686832
0,0,-0.000890407,0,0.000877899,0,0,0.002846274,-0.00193428,0,0,0.001813278,0,-0.002339782,0.000916611,-0.001897486,0.000522428,-0.000902548,0,0.008465832,-0.071345043,-0.005859323,0.014435416,0.138087986,-0.259677372,0.040833997,0.000497524,0.000897601,0,-0.032798173,0.034274209,0.043270361,-0.0135135,0,-0.023029145,-0.003773581,-0.042718498,0.070922031,-0.029411765,0,0,0,0,0.001743636,0.026742684
0,0,0.000980364,0,0,0,0,0.001892191,0.001938029,0.000902548,0,0,0,0.001407162,0,0.002851686,0,0.000903363,0,-0.009263271,0.05163732,0.003929269,-0.000866766,0.170666631,-0.106753863,0,0.000497276,0.000896882,0,0.022290787,-0.001949362,0.089936669,0.09132422,0,0.144152233,-0.018939465,-0.070993898,-0.019867582,0.048484802,0,0.001923121,0.001851806,0.01185451,-0.003481285,-0.051665286
0.013953453,-0.001774663,0.002582164,0,-0.000877129,-0.000874063,0,0.002832836,0.00096714,0,0,-0.002714908,0,0,0,0,0,0.000902548,0,-0.007012356,0.017964025,-0.011741671,0.139386913,-0.026195848,-0.039024354,0,0,0,0,0.033170965,-0.019531232,0.023833339,0.03347277,0,-0.088748012,-0.023166002,-0.034934465,-0.006756804,-0.109826572,0.000921592,-0.000959715,-0.005545237,0,0,0.004502494
0,0,-0.00088812,0,0.000877899,0.001749738,0,-0.005649667,0,0.000901734,-0.001758971,0,0,0,0,0,0,-0.000901734,0,-0.025452454,0.001764746,-0.059405976,0.030076079,0.147368445,-0.048223364,0,0.000993964,0.001792156,0,0.065783571,0.00398406,0.014084531,-0.097165995,0,0,0.023715393,0.049773707,-0.02040809,-0.103896069,0,0.000960637,0,0,0.002620064,0.003585833
0.008256895,0.000888909,0,0.005309687,0.000438607,0,0,0.006628759,0,0,0.006167374,0,0.001800221,-0.000468395,0,0,-0.008703171,0.002707557,0,-0.011020467,-0.08925428,-0.101052636,-0.012196598,-0.015290578,0.066666667,0,0.000993071,0,0.00333333,-0.050768902,-0.005952328,-0.053047839,0.067264616,0,0.052173968,0.015444093,0.028017267,0.02777775,0.050724623,0,0,0.003438634,0,0,-0.01831174
-0.008189277,0.00088812,0.000888909,0,-0.000438414,0.000873382,0,0.000940755,0,0.000900836,0,0,0,0,0.000915772,0,0,0.000540101,0,-0.003968892,-0.127659605,0.088993001,-0.031179845,-0.121118022,-0.024999976,0,-0.000992086,0.00089439,-0.001661088,-0.158455459,-0.01397209,-0.047871226,0.012605029,0,-0.008264455,0.038022776,-0.037735813,-0.006756804,0.034482759,-0.012891289,0.001919338,0,0,0,0
0,-0.001774663,0,0,0,0.003490398,0,0,0.000966114,0,0,0,0,0.000937229,-0.000914934,0,0,-0.002338973,0,-0.000919503,0.152993399,-0.036559155,0.030767242,-0.020023567,0.058974362,0,0,0.002681027,0,-0.078059051,-0.008097158,-0.026743688,0.045643108,0.003649632,-0.025000075,-0.014652001,-0.013071883,-0.027210859,0.319999949,0.013992501,0.000957876,0,0,0,0.000909939
0.009174347,0,0.00088812,0.000880302,0.000877213,0,0,0,0,0,-0.00612957,0,-0.001796986,-0.000468175,0,0,0.003511849,0.005410231,0,0,0.083974323,-0.062500047,0.122268027,-0.044471142,0.094430958,0,0.000496536,-0.002673858,-0.001663932,0.080091513,-0.038775521,0.027698357,-0.019841251,0,-0.042735004,-0.007434937,0.079470119,0.013986001,-0.156565586,0,-0.001913828,-0.003889953,0,0,0.000909112
0,0,0,0,-0.000876444,-0.000869585,0,-0.001879742,0,0,0,0,0,0.000468395,0,0.000947889,0.000437455,-0.004484237,0.000904998,-0.010277739,-0.054405682,-0.011904694,0.040507449,0.074213857,-0.090707931,0,-0.000496289,0,0,-0.02807197,-0.046709186,-0.015614963,-0.012145737,-0.004545472,-0.035714252,-0.007490629,-0.087934528,0.0068966,0.047904144,0,0,0.000464911,0.001242561,0,-0.000908286
0,-0.000888909,0,0.000879528,0.000438607,0,0,0,-0.000965181,0,0,0,0,0.000936262,0.000457886,0,-0.000437264,-0.000900921,0,-0.003874768,-0.09005626,0.040963873,-0.083957203,-0.079625273,-0.070559657,0,0.000993071,0.000446838,0,0.025068069,0,-0.031073453,-0.008196713,0,0.037037,-0.041509483,-0.031390104,0.04109585,-0.062857165,0.003035878,0,0,0,-0.001742117,0.001363668
-0.004545472,0,0,0,0,0.000435171,0,0,0.000966114,0.00027005,0,0,0.004500467,0,-0.000915353,0.000946901,0.001749738,0.000901734,0.000904094,-0.031274287,0.015807528,0.013888875,-0.077408112,0.008905813,0.02356025,0,0,0,0.004166683,-0.029771371,-0.022271695,-0.056066382,-0.008264455,0,-0.013392844,-0.027559029,-0.002314868,-0.026315765,-0.054878027,-0.002109489,0,0,0,0.00087262,-0.000453937
0,0,0,0.000878755,-0.003945645,-0.000434982,0,0,0,-0.000269977,0,0.000907375,0,0.000467738,-0.000458096,0.000946095,-0.003493447,0,0.004516729,-0.026341141,0.031799748,0.004566206,-0.08820544,-0.012610329,0.048593303,-0.047579275,0,0.002233191,0,-0.039999975,-0.054669653,-0.066048914,0.029166638,0,-0.022624412,-0.028340054,-0.004640367,0.006756697,-0.045161278,0,0,0,0,0,-0.001362429
0,0.002580096,0.000887247,0,0,0,-0.002717367,0,-0.000965181,0,0.001762071,0,0,0,0.000916611,-0.001890312,0,0,0,0.002804388,0.20852461,0.188636342,-0.016655163,0.061302746,0,0,-0.000496043,-0.001782572,0,0.085045647,0.002409579,0.041210859,0.032388633,0,0,-0.012500087,0.006993056,0.006711457,-0.067567567,0.000919139,0,0,0,0.000871776,0.001364288
-0.008219192,-8.88E-05,0,0,0,0,0.000908286,-0.001412462,0,0.000900111,0,0,0.011648756,0.000467519,-0.000915772,0,0.001752889,0,0,-0.002796545,0.066738987,-0.099426382,0.072688802,0.151624454,-0.04634142,0,-0.000992579,0,0,-0.04865866,-0.031249914,-0.024431957,0.00784313,0,0.012037047,-0.037974649,0.006944382,-0.020000034,0.01449274,0,0,0,0,0,-0.001816572
0.007366476,-0.001774894,0,-0.000877983,0,0.000870342,0,-0.000471397,-0.000966206,0,0,0,0,0.004672915,0,-0.000473496,0,0,0,-0.011217425,0.007121027,-0.021231402,0.069210554,-0.039707432,0.038363134,0,0,0,-0.001659789,0.029306094,-0.037220865,-0.072126247,-0.003891047,0,-0.039341354,-0.017543843,-0.048275872,-0.027210859,-0.057142871,0.000918207,0.000287565,0,0,-0.001742117,-0.002274761
0.000914098,0.004623048,-0.000886461,0.000878755,0.005281727,0,0,-0.000377421,0.00096714,-0.000449651,0,0,0,-0.0065116,-0.006416104,0.00047372,0,0.002252218,0,0.031364717,0.176767684,0.125813429,-0.009352721,-0.101196887,0.071428563,0,-0.000496688,0,-0.002493743,0.016116097,-0.0360825,-0.062887937,-0.101562499,0,-0.019047602,-0.040178533,-0.048309134,0.020979057,-0.106060579,0,-0.000287483,0.002788079,-0.007180244,0.001657945,0.001367933
0,-0.005309772,0.000887247,0.000877899,0,0.004347843,0.000907375,-0.00056621,0,0.000449853,0,0,0,0.003745315,0.007380067,0.000946901,0,-0.000449448,0.001798602,-0.000808787,0.062231794,0.044315995,0.029192528,0.056900642,0.011494297,0,0,0,0,0.008987479,-0.016042765,-0.098214333,-0.008695644,0.004566228,0.009708729,-0.069767483,0.010152274,-0.027397233,-0.199152571,0,0,0,0.008035728,0,0.000910768
0.002739702,0.0026691,-0.001773006,-0.000877129,0,-0.005194841,0.000906639,0,0,0,0,0,0,0,0,-0.000946005,0,0.000899301,0,0.007770755,0.171717172,-0.009225127,0.030295741,0.067583068,-0.074999981,0,0,0,0,0.000262042,-0.005434777,-0.145640356,-0.061403451,0,0.009615376,0.034999967,-0.050251268,-0.014084605,0.026455027,0.003669721,-0.002876384,0,0.00797167,-0.006010998,0.000454969
-0.005464432,0,0.001776155,0.000877899,0.020140065,0,0,0,0.000386445,0,0,0,0,0.000932768,0,0.000946901,0,-0.001796986,0,0.001927694,0.026206904,-0.033519522,-0.050374918,0.024678166,-0.039312059,0,0,0.000892878,0,0.034311193,0,0.034018686,-0.018691681,0,0,0.004830913,-0.010582001,-0.916666664,-0.001030951,0,0.001923121,0,0,0.002629249,-0.003183251
-0.000915772,0,0,0,-0.012875504,0,0,-0.01416436,0.000579444,0,0,0,0,-0.000931899,-0.001831544,0,0.001312283,0.002700332,-0.00269306,0.006573671,-0.018817186,-0.046242822,-0.02023192,0.064921453,0.015345254,0.007887831,0,0,0.004166683,-0.047860297,-0.013661254,0.211858302,-0.0047619,0,-0.028571403,0.019230752,-0.034759389,10.50000047,0.104231194,0,0,0,0,0,0.000456215
0.004582969,0,0,-0.000877129,0,0,0,0,0,0.000899301,0,0,0,0,0.001834904,0,0.000436882,-0.000897687,0,0.00175216,0.109589064,0.01818185,0.026441684,0,-0.052896735,0,0.002982081,0,0,-0.046010628,-0.011080322,0.08502382,0,0,0.055882394,0.004717089,-0.026315732,-0.008074541,-0.117757033,0,0,0,0,0.004458094,0
0.00091243,0,-0.000886461,0.000877899,-0.005217428,0,0,0.014176314,0,0.000898493,0.001759055,0,-0.00620015,0,0.002747228,0.002838286,0,-0.001527421,0,-0.006042313,0.200308567,-0.015873001,0.005888167,0.012782705,0.037234071,0,-0.002973214,0.002676158,0.012448101,-0.147476977,-0.02521006,0.079186174,-0.009569369,0,-0.02599814,-0.018779436,-0.018492192,-0.002504694,-0.007415222,0,0.003838768,0,0,0,0.004559981
0,0,0.000887247,-0.004385898,0,0,0.000905818,0,-0.000965181,-0.001795373,0,0,0,0,0,0,0,0,0.001800221,-0.001279764,-0.131396264,0.08064518,0.072317077,0.011650474,-0.017948762,0,0.000993964,0,-0.010655747,-0.022563785,0.017241363,-0.064203833,0.01449274,0,0.03431841,0.255980913,0.020289835,0.035153764,-0.140875103,0,-0.00191209,0.010194593,0,-0.002697775,-0.000907874
-0.000911598,0,-0.000443273,0,-0.00043699,0,0,0,0.000289788,0,0,0,0,0,0,0,0,0.000899868,0,0.002562868,-0.100355225,-0.026119466,0.003298088,0.023032607,-0.018276745,0,-0.000992977,0,0.000828519,0.013716957,-0.067796614,-0.108358279,0.0047619,0,0,0.070476169,0,-0.001212884,0.019875757,0,-0.001915661,0,0,-0.005410146,-0.002726009
0,0,0.002217346,0.039647559,0,0,0,0.00302225,9.66E-05,0.000359686,0,0,0,0,0.000913263,0,0,-0.000269735,0,-0.023326395,0.006910201,0.076628374,0.008274719,0.201688612,-0.015957432,0,0,-0.0008897,0,-0.006930663,0.057575776,0.010076392,-0.047393322,0,-0.032258142,-0.096085404,-0.019886345,-0.034608362,0.125456727,0,0.000959715,-0.011926529,0,0,-0.001822365
0.003649632,0,-0.001769952,-0.021610179,0.001311709,0.003481285,0.003619906,0,-0.000386296,0.000539421,0,0.000906639,0,0,0,0,0.000873382,0.002697818,0,0.016194959,-0.08921567,-0.016014178,-0.000674509,-0.093676871,-0.035135166,0,0,0.000890492,0,-0.003323376,0.106017159,-0.040810224,-0.029850718,0,0.047619118,0.086614186,0.034782575,-0.003773551,-0.035714278,0.000914098,0,0,-0.000878755,0.004562208,-0.001369269
-0.000909112,-0.002661995,0,-0.012559589,0,0,0,0,0,0,0,0,0,0.000932768,0,-0.000943418,0,-0.000896796,0,0.017385735,0.053103678,0.030741337,0.014737288,0.006890605,-0.075630248,0,0,0,0,0.017005676,-0.054404095,-0.019855001,0.0102564,0,-0.027272701,-0.005434821,0.016806774,-0.009469733,0.066217751,0,0,0,-0.005276998,0,0.006855646
0.004549608,0.003558716,0,0.00789475,0.001746765,0,0,-0.005178937,0.000966114,0,0.001755883,0,0,0.001863976,0,0.001888527,0.00087262,0,0,-0.002056979,0.100851821,-0.043859651,-0.002993311,-0.06330195,-0.0030303,0,0,0,0,-0.001311505,-0.016438405,-0.062057887,-0.025380747,0,-0.018691681,-0.027322336,-0.038567521,0.003824119,-0.157894737,0.000913263,0,0,0,0.001746765,-0.002269684
0,-0.001950298,0.000886545,-0.016536082,-0.00087186,0,0.000901734,0,0,0,0,0,0,-0.000930254,0,0,0,0.001346444,0,0.002853977,-0.000619018,-0.001834817,-0.008006241,-0.016438297,0.024316087,0,0,0,0,0.049901527,0.022284168,0.039424053,0.015625048,0,0,-0.04868918,-0.041547272,0.021587311,0.022500038,0.00091243,0,0,0,-0.004359214,0.000454969
0,0,0.00088576,0.013274302,0,0,0,0.003312901,0,0.001796901,0,0,0,0,0,-0.000942439,0,-0.00044824,0,-0.015335988,0.005264731,-0.027573547,0.067593306,0.00278549,-0.038575632,0,0,0,0,0.081613529,0.029972723,-0.013852245,-0.0051282,0,-0.023809502,0.027559029,-0.027802671,-0.009322596,-0.015892434,0.000911511,0,0,0,0.003502624,0.000454763
0,0,0.000442488,0,0,0,0,0,-0.000965181,0.000269082,0,0,0,0,0,0.000943328,0,0.000448441,0,-0.009312749,-0.087492247,-0.009451832,-0.139227161,0.016666606,0,0,9.93E-05,0.0026691,0.001655667,0.002890965,0.037037065,-0.036789311,0.020618536,0,-0.024390221,-0.011494242,0.042435427,-0.006900857,-0.203726746,0.000910768,0.003835087,0.00278549,0,0.00087262,0.002272693
-0.000452909,0,0,-0.013100404,-0.00043631,0,0,0.000943328,0.000966114,-0.002062204,0,0.001811636,0,0.00046556,0.001824772,0,-0.001743719,0.00044824,0,-0.00081036,-0.021269448,0.038167995,0.002439582,0.054644846,0.06172841,0,0,0,0,0.047564185,0.068877545,0.036805604,0.090909124,0,-0.040000021,0.034883781,0.165191718,0.038534467,0.037441537,0,0,0.005555506,0,-0.00087186,-0.002721064
-0.001359256,0.001065916,0.001326793,-0.001769952,0.006547343,0,0,-0.005654992,0.000675673,0.002695394,0,0.000904094,0,0.00139603,-0.001821449,0,0.001746765,-0.000896078,0,-0.000973258,0.034839608,0.022058802,0.065709437,0.057858383,0.005813948,0,0.002882445,0.000887247,-0.008264494,0.025041273,0,0.034494265,0.129629611,0,0.003125022,0.033707832,0.101265785,0.030413624,-0.075187969,0,0,0,0,-0.004363018,0.002728489
-0.000907462,-0.000887332,0,0,0,0,0,-0.000947889,-0.000675217,-0.00179207,0,0,0,-0.000929389,0,0,-0.00087186,0,0,0.0040591,0.021666654,-0.044964029,-0.022036998,0.000816345,0.002890171,0,0,0,0,0.034630897,0.033412856,0.313693837,-0.065573804,0.001818223,0.059190012,0.01449274,-0.028505764,-0.017119298,0.039024352,0,0,0.003683238,0,0.004382138,-0.001360489
0.000908286,0,0,0,0,0,0,-0.001897486,0.001930546,0,0.000876444,-0.00180664,0,0.000930254,-0.00091243,0.000942529,0,0,0,-0.004527794,-0.011419262,0.080979253,0.066549876,-0.011419277,-0.002881842,0,0,-0.000886461,0,0.081473776,0.039260988,-0.090931549,-0.05701749,0,0.225490219,0.139285754,0.005679169,0.032432488,-0.051643182,0,0.000955041,0,-0.004420883,0.00087262,0.000908286
0.000907375,-0.00088812,0,0,-0.00433653,0,0,0,-0.004816974,0.000897601,0.000875677,0.002262409,0,0,0.000913263,0.000470821,0,0.000896882,0.003593887,0.000974619,-0.116501613,-0.057491278,-0.014778309,-0.061881189,-0.037572287,0,0,0,0,-0.009836848,-0.066666709,-0.012198449,-0.004651158,0,-0.056000042,-0.021943627,0.043529398,0.008144234,-0.033003269,0.000909939,-0.000954129,-0.000917365,0,-0.00087186,-0.000453731
0.004533109,0.002666643,-0.000883328,-0.000886461,0.0008711,0,0.004504436,0,0.002904137,0,0,-0.000451478,0,0,0,0.000470599,0,0,0,-0.00113599,-0.264475151,-0.059149668,-0.06299998,-0.073878642,-0.012012001,0,-0.000495551,0,0,-0.093772689,-0.035714197,0.025795897,-0.014018789,0,-0.076271117,-0.076923006,0.039458894,-0.055972263,-0.093856686,0,0,0,-0.00088812,0.00087262,0.000907787
0,-0.002659551,0.000884109,0.000443581,0.001740684,0,-0.004484237,0,0.000965273,-0.000896796,0,0.000903363,0,0,0,-0.001881511,0,0.001792156,0.001790466,0.000812335,0.123920699,0.023575615,-0.009960915,-0.059829072,-0.027355597,0,0,0,0,0.002673756,0.039506133,-0.063937917,0.018957442,0,0.06422012,0.013888875,-0.063991338,0.00855742,0.013182707,0,0.001432606,0,0,0,0.000453525
0,0,0,0.008425745,0,0,0.002702679,-0.001901184,0,0,0,0,0,0,-0.00091243,0.001885057,0,-0.001699468,0,0.000487055,-0.122006279,-0.047984645,0.023595655,0,-0.003124997,0,-0.001487391,0.002661911,0.00666666,0.024800008,0,-0.008288108,0.027906949,-0.002722385,-0.08620692,0.071917819,-0.063731192,0.008484811,-0.133829043,-0.004545472,0.001430648,0,0,0,0.006346387
-0.003158831,0,-0.000883328,0.006068623,-0.002606489,0,0,0.001904806,-0.000964342,-0.001795373,-0.000874911,0,0,0.000929389,0,0.000940755,0,0.000806364,0,0.003407417,-0.287184757,0.056451559,0.024923909,0.021212126,-0.018808759,0,0.003972191,0,-0.000827834,-0.00390324,0.009501179,-0.05158504,0.049773707,0,0.047169881,-0.022364271,-0.118811887,-0.012019162,0.255364828,0.004566228,0.00380952,0,-0.004444461,0,-0.005405443
0.003168841,0,0,0,0.004355417,0.000867323,0,-0.001901184,0,0,0,0.000902548,0,0,0,0.001879653,0,0,0,0.002102216,-0.025992823,-0.057251856,-0.042698916,-0.074183979,-0.083067163,0,0,0,0.000828519,-0.076018807,-0.014117634,-0.069583683,-0.073275794,-0.00545946,0.126126112,-0.022875796,-0.016853917,0.034063227,-0.223931618,0,-0.004743851,0,0,0,-0.001358727
0.006317662,0.000888909,0,-0.013025629,0,0,0,-0.000952403,0,0,0,0,0,0.001856964,0,0,0,0.000895276,0,-0.001613721,0.049666426,-0.016194316,-0.014311234,0.058760706,-0.041811808,0,0,0,0,-0.023748945,0.033412856,0.014043056,0.032558107,0,-0.031999969,-0.033444784,-0.022857121,0,0.167400933,-0.002727248,0,0.000918207,0.004464303,0,-0.000453439
0,-0.00088812,0.002652496,0.003542955,-0.002601885,0,0,0,0.000965273,0.001798602,0,0.001803382,0,-0.001853522,0,0,0.002617778,0,0,0.002101197,0.085451981,-0.00205766,0.031215993,-0.016145293,0.039999962,0,-0.000791238,0,0,0.041123719,0.018475733,0.012882497,0.0135135,0,-0.008264455,0.027681633,0.029239738,0.037647023,-0.071698132,0,0,0,0,-0.004359214,0.000453644
-0.001793678,0,0,-0.005295628,0.00173917,0,0,0.001906621,0.000964342,-0.000897687,0.00175127,0,0,0,0,0.001876216,0,0.00089439,0,0.001290352,0.024723495,-0.04948449,-0.040596111,-0.050256387,0.017482585,0,0.000296902,0,0,0.011126501,-0.056689344,-0.041335488,-0.053333282,0,-0.041666725,-0.020202001,-0.048295476,0.027777766,-0.095528508,-0.001823196,0.000953311,-0.000917365,0,0,-0.001360489
0,0,0,0.001774579,0.010416656,0,0,0,0.001926734,0.001796901,0.000874146,-0.001800135,0,0.001392701,0,-0.001872702,0,0,-0.007149234,-0.003866006,0.021587311,-0.078091133,-0.021768361,-0.0086393,-0.075601382,0,-0.000494722,-0.002654844,0,-0.055295692,-0.072115376,-0.045439434,-0.032863929,0,-0.025217326,0.013745691,-0.056716365,-0.00717039,-0.047191022,0,0.00761904,0,0,0.004465818,0.003633057
0,0,0,0,-0.007731972,0,0.000898493,0,0,0,0,0,0,-0.000463617,0.000456631,-0.000938108,0,-0.000446753,0.008100824,0.002263897,0.103791178,0.07058828,0.093386691,0.038126298,0,0,0.000494966,0.001774579,0.001655667,0.058823542,0.031088116,-0.001389886,-0.004854364,0,0.034790288,0.013559309,-0.003164554,-0.00444444,0.08018872,0,0,0.001836502,0,0.001656355,0
0,0,0,0,0.00043291,0,0,-0.000951497,0.000961561,-0.000448355,0,0.000901734,0,0,0,0.000938989,0,0.000446952,0,-0.000645384,0.095720655,-0.076923158,-0.119368883,-0.027282191,-0.066914522,0,0.001484448,-0.00088576,0.000826386,-0.042629241,-0.050251268,-0.053583821,0.004878044,0,-0.008620682,-0.036789262,-0.279365107,-0.008370514,-0.074235842,0,-0.005671027,-0.003666358,-0.000977749,0,0.00180991
0.00449238,0.002666643,0,0,0.000432723,0,0,0.000952403,-0.000960637,0.000448556,0.001746765,0,0,0.00185533,0.00410772,0.000938108,0,-0.00089359,0,-0.000322901,0.009763646,-0.023809502,0.001038715,-0.025890045,-0.02390436,0,0,0.00177309,0.032204819,-0.043234732,-0.063492066,0.073896995,-0.04368928,0.004117116,0.008695644,-0.038194489,0.140969135,-0.034890311,-0.051886746,0.003652965,0,0,0,-0.003481285,0.000451682
0.001788864,0,0,-0.001771435,0.003460204,0.000866571,0.000897601,-0.001902993,0.000961561,0,0,0.000900836,0.001782487,-0.000925947,-0.000454556,0,0,0.00089439,0.010714276,0.000161533,0.031552206,-0.080487788,-0.043450046,-0.055370987,-0.077551042,0,-0.000494082,-0.002566397,0.02,-0.081819557,-0.056497189,-0.076343705,-0.050761433,0,-0.067241338,-0.025270734,-0.069498006,-0.037317749,0.012437858,0.003639669,0.002851686,0,-0.005249579,0.002620064,-0.00722347
0.002678548,0,0,0,-0.011206906,0,-0.001793678,0.003813152,0,0.000896882,0,0,0,0,0.000454763,-0.000937229,0,0.000893676,-0.011484109,0.000645905,-0.205722742,-0.01061007,0.061694957,-0.03751462,0.008849549,0.013043445,-0.000494327,0,0,0.020601673,0.046407178,0.004818424,0,0,-0.001848405,0.018518501,-0.087136942,0.024227717,-0.093366118,0,0,0.005519818,0.006261153,0,0.005002302
-0.000890407,-0.001329733,0,0,0,0.000865821,0.000898493,-0.001899288,-0.000960637,0.000896078,0,0.002250277,0,0.001853611,0.000909112,0,0,0,0.000893676,0,-0.129813671,-0.080428941,0.006641081,-0.029232673,-0.043859608,0,0.000989142,0,-0.035294103,0.008010253,-0.018597946,-0.05127264,0.010695177,0,0,0.018181801,0,-0.045535214,-0.07588075,0,0,0.002744715,0,0,0.000452499
0,0.000443863,0.000881854,0.006211153,0,0,0,0,0,0,0,0,0,0,0,0.000469054,0,-0.000803556,0,0.000645427,0.094932184,0.026239042,0.351179909,0.235884648,-0.013761454,0,0.00197633,0.004347421,0,0.016528941,0.0612245,0.024105788,-0.042328065,0,0,0.089285716,-0.002272779,0.016109061,-0.043988297,-0.00362647,0.004739354,-0.001824859,0,0,0
0,0,0,0,0,-0.000865072,0,0.001902902,0,0,0,0,0.0017794,0,0,-0.000468834,0,0.000804202,0,0.000322536,-0.119947858,-0.017045438,0.093051678,0.036548187,-0.037209376,0,-0.001972432,0.001766825,0,-0.045340803,-0.005494566,-0.0049355,-0.138121551,0,0.032407375,0.131147574,0.029612783,-0.016463443,-0.055214745,0.004549608,-0.003773581,0.004570402,0.002666643,0,0
0,-0.001774663,0,-0.004409188,0.010462065,0,0,0,0,0,0,0,-0.003552394,-0.000925091,0,0,0,0,0,-0.001289667,-0.001481515,-0.031791946,0.016751111,-0.00293827,0.01449274,0.012875586,0.000988165,0.000881854,0.027642288,0.002620371,0.02762435,-0.05074399,0.012820577,0,-0.013452902,-0.133333343,-0.004424775,0.013639258,-0.051948004,-0.002717367,0,0,0,0,0.000452294
-0.004456345,0.003466627,0,0,-0.003451248,0,0,0,0.000961561,-0.000895276,0,-0.003143228,0,-0.000925947,0,0.001500919,0,-0.001517875,0,0.000645697,-0.014094925,0.056716437,0.068519775,0.124754368,0.028571516,0,0.000493595,0,-0.007120265,0.140150305,-0.013440847,-0.036173619,0.234177212,-0.004100235,-0.045454609,0.040133741,0.044444402,-0.007951135,0.092465744,0,-0.000946991,0,0,0.0034844,0.000226002
0.00805731,8.86E-05,0.001762071,0,0.004329021,0,0,0,0.000960637,-0.000896078,0.001743636,0,0,0.001853611,0,0.001311347,0,0.00411343,0.000892878,0.016292923,0.091045902,-0.008474568,-0.042144396,-0.02620089,-0.013888875,0,0,0,0,0.02521482,-0.021798409,-0.000417024,-0.051282062,0,-0.038095203,-0.035369742,0.06382983,-0.009864356,-0.087774284,0,0,0.001819878,0,-0.000868075,-0.001129926
-0.008881028,0,0,0,-0.004310361,0,0,0,-0.000959715,0.000896882,0,0,0,0.000925002,-0.000908286,-0.000935386,0,-0.002582624,-0.000892081,-0.001587277,0.115172419,0.056980071,0.023526486,0.052017932,0.32863839,0,-0.000493351,-0.003524226,0.051792798,0.007546128,0.130919231,-0.016687511,0,0.006404363,0.019801962,0.016666651,-0.107999992,0.052303872,0,0,0,-0.004541343,0,0,0.001357411
0.004480304,0,-0.000879528,0,0,0,0,-0.002848978,0,0.001792156,0,0,0,-0.000924147,0,0.001872613,0,-0.000892878,0,-0.003974563,-0.037105775,-0.018867906,-0.001371064,0.017902817,0.035335741,0,9.87E-05,0.001768303,0.010606087,0.00416093,-0.024630519,-0.021637685,-0.048648666,0,0.038835031,-0.090163889,0.09417042,0.007100642,0.003436423,0,0.000947889,0,0,0,0
-0.000892081,0.00177152,0.000880302,0,0,0,0,0.000952403,0,0,0,0.002702679,0,0.001850093,0,0,0,0.000893676,0,0.001755735,-0.035966569,0.049450501,0.049830446,0.095477419,-0.095563128,-0.016949136,0.000888439,-0.007060894,-0.01161917,0.044198852,0.073232313,-0.035559398,0.170454519,-0.00727272,-0.046729037,0.009008957,-0.016393427,-0.009988253,0.428082181,0,-0.000946991,0,-0.008865198,0,-0.000451799
0,-0.001768387,0.001759055,0,0,0,0.001795288,0,0,-0.00178895,0,-0.001796986,-0.000891286,-0.000923382,0,-0.001401812,0.004351627,0.001785755,0,0.000637363,-0.103930739,0,-0.018309137,0.006116202,-0.037735902,0,0.000986122,0,-0.051953007,-0.019047551,0.334117665,-0.037095273,0,0.010989,-0.009803912,0.017857126,0.070833263,-0.00949554,0.107913621,0,0,0.004105846,0,0,0.001356183
0.000892878,0,-0.000877983,0,0,0,0,-0.001902993,0.000960637,0.003225829,0,0,0,0.002772707,-0.000454556,0,0,-0.001782572,0.001785755,0.000477748,0.069888517,-0.002617799,0.022568802,-0.017477169,0.050980438,0,-0.00098515,0.002666643,-0.001600037,0.035328951,-0.051146377,0.130049018,0,0,0.019801962,0.042105308,-0.009727571,-0.026363123,0.136363665,0,-0.002843577,-0.002726009,0.006261153,0,0.003160257
0.001784077,0.00079715,0,0,0,0,0.007168452,0,0,0.00464452,0,0,0,-0.003686632,0.000454763,-0.000467956,-0.00259963,0.001785755,0,-0.00047752,-0.026407235,-0.026246695,-0.025979055,-0.027068861,-0.029850806,0,0,0.002659635,-0.022435877,0.000781422,-0.011152405,-0.061983469,-0.024271822,0,0,-0.010101,-0.049115912,0.058461585,0.321904773,0.0090826,0.002851686,-0.003826949,-0.007111104,0,0.000450055
0.006233362,0.000885054,0.000878755,0,-0.000865821,0,0,0,0,-0.005156522,0,0,0,0.000462457,0.000909112,0,0,0,0.001782487,0.003184726,0.192005745,0.002695415,0.006530306,0.034976195,0,0,0,0,0.040983607,0.026548686,-0.015037669,0.004845758,0.009950239,0,-0.019417458,0.030612215,-0.012396682,0.058139532,-0.180115272,-0.007200713,0,0,0,-0.001737659,-0.001349473
-0.002654844,-0.000795811,-0.000877983,-0.002657195,-0.000866571,0,0,0,0,-0.001787266,0.000870342,0.000900111,0.000892081,0.00323632,0,0,-0.001737659,0,0,-0.003015851,0.086826275,-0.029569928,-0.054326561,0.036866323,0.076923098,0,-0.000986216,-0.002652581,-0.054330676,0.011156249,0.001908441,-0.047786067,-0.024630519,-0.004529003,0.34653468,0.029702942,0.06694554,0.020329611,-0.105448137,0,0.000947889,0,0.006266759,0,0.0036036
-0.006211237,0.001769868,0.000878755,0,0,0,0,0,0.000959715,-0.000895276,0,-0.000449651,0,-0.00276504,-0.000908286,0,0,0.000891201,0.0017794,0.000636795,-0.064462815,0.002770081,0.091089406,0.017777761,0.014285701,0,9.87E-05,0,0.035803442,-0.062186547,-0.070476169,-0.033609556,-0.030303061,0.007279338,-0.110294099,-0.025641002,-0.03137252,0.01507812,-0.168958764,0,0.000473405,0,0,0,-0.000897687
-0.004464303,-0.002473488,-0.000877983,0,0,0,-0.008896746,0,0,0,0,0,0,0.000184829,0.000454556,0,0,0,0,-0.00063639,0.046525379,-0.09668506,-0.015378779,-0.040029127,-0.010563371,0,-9.87E-05,0,-0.027331126,-0.040641722,-0.043032794,-0.042401115,0,0,-0.0909091,-0.055921078,0.016194316,0.00530506,-0.177304964,0,0.001893086,0,-0.005338031,0.003220249,0.00134774
0.001345322,0.000708499,0,0,0,0,0,0,0.000958703,0,0,0,0,-0.000184795,-0.000454349,-0.000936351,0,0.000445246,0,-0.00366183,-0.079909963,0.02752291,0.026775377,0.047763467,-0.010676147,0,0.000987189,0,0.012396662,0.03985508,0.032119934,-0.012935335,-0.026041642,0,-0.05454551,0.031358939,0.01195218,0.002638482,0.005747121,0.000906639,-0.003306551,0.001554944,0,-0.001735096,-0.000897284
0.005821727,-0.002920353,0,0,0,0,0.004488262,0,0,0,0,0,0,0.005545325,0,0,0,0.001335144,0,0.002716494,-0.088073425,0.035714324,0.020831764,0.055716387,-0.097122296,0,0,0,0,0.007772637,0.031120252,-0.017137104,0.053475948,0,0.019230752,0.010135125,0.003937004,0.010526356,0.185714313,0,0.000947889,0,0.006261153,0,-0.020655635
-0.003561885,0.000266287,0,0,0.000433661,0,0,0,0.000957876,0,0.000869585,0.000449853,0,-0.004595606,0,0.000937229,0,0.002666643,0,0.00127493,0.006036228,-0.037356355,-0.039345231,-0.054832089,0.01195218,0,-0.000986216,0.00177309,-0.004897993,0.015691494,0.046277672,-0.072820517,-0.045685295,0,0.023584997,0.040133741,-0.03137252,0,-0.05542169,0,0.002840884,0.000456631,-0.002666643,-0.001477379,0.001375547
0,0,0,0,0,0,-0.00089359,0,0,0.003584226,0,0,0,0,0,0.002808964,0,-0.000443273,0.005328549,0.000636592,-0.061333338,-0.020895503,0.026591359,0.107324184,0,0,0,0,0.000820363,-0.03482582,0.015384693,-0.060840729,-0.021276576,0,0.003686588,0.028938957,-0.024291475,-0.001562536,-0.107142875,0,0,0,0.002673773,0,-0.000457886
0,0.000887247,0.001757426,0,0.00130042,0,0.003130577,0,0,0,0,0,0,0.001846764,0.000909112,0,0.001740684,-0.000443385,0,-0.000318124,-0.100142035,-0.009146333,0.028879713,-0.02226589,0.003937004,0,-0.000987189,0.00353982,0.000819691,-0.018719545,-0.034090966,0.024734987,-0.005434777,0,0.092745704,-0.012499988,0.033194988,-0.046948337,-0.068571431,0,0,0,0,0.004786798,0.001832383
0,0.008865282,0.001754426,0,0.000865821,0,0.00133744,0,0,0.000446439,0,0,0,0,0,-0.000466864,0,0.000887247,-0.005300306,-0.00063639,0.045777421,-0.036923042,-0.08362872,-0.036168784,-0.054901909,0,0.000494082,0,-0.013104001,-0.049212023,-0.011764695,-0.017241336,-0.027322443,0,-0.042016865,0.107594907,-0.036144544,0.004926117,-0.092024526,0,0,0,0,0,-0.000914516
0,0.000878755,-0.000875677,0,0.000864989,0,0,0,0,0.00044624,0,0,0,0.000645158,0,0.000467082,0,-0.001241129,0,-0.000477672,-0.018867925,0.02555908,0.047998752,0.081306466,0,0,0,0,0.01410789,-0.029368954,0.0952381,0.05497079,0.05617979,0,0.052631634,0.014285701,-0.016666749,-0.038126402,0.040540501,0,0,0.005933413,0.000888909,-0.004763993,0
-0.011617441,-0.005267815,0,0,0.000864324,0,0,0,0.00095696,0.000446041,0,0,0,-0.00101323,0,0,0,-0.000532537,0,-0.00015926,0.052307716,0.124610546,0.004218437,0.000642627,0.01244812,0.024999996,0.000493838,0,0,0,0.052536225,0.032705001,-0.037234071,0,0.029999911,-0.014084494,0.004237284,-0.009060014,-0.035714253,0,-0.006609981,0.002722299,0,0.003046114,0.000915353
0,0,0.000438222,0,-0.000863578,0,0.000890492,0,0,-0.000445842,-0.00086883,0,0,-0.000553159,-0.000908286,0,-0.00086883,0,0,-0.001911724,0.285818696,-0.005540161,0.050408832,0.050096384,0.241803238,-0.023549258,-0.000987189,0,0,0.014379854,-0.030981038,-0.104669831,0.049723777,0,-0.033171433,-0.065714291,0.012658317,0,-0.033670082,0,0.004752779,0,0,0,0.000914428
0,-0.001765181,0.00043803,0,0.000864324,0,-0.0008897,0,0.001911998,0,0,0.000899301,0,0.00092253,0,0,-0.000869585,0.001776155,0,0.001117314,0.042637862,-0.019498589,0.065914417,0.10152904,-0.049504904,0.006029341,0,-0.005291042,0.009001608,0.035440069,0.012433338,-0.036270955,0,-0.006323369,0.046025059,0.029051997,0.012499988,0,-0.083623617,0.000452909,0,-0.004524904,0,-0.002169164,0.00045684
0,-0.001768387,0.000875677,0,0,0,0.000890492,0,0,0.00062444,0,0,0,0,0,0,0,-0.001773006,0,-0.001594424,-0.139585627,0.068181821,0.007034725,-0.013325917,0.0555555,0.027397233,0.000395228,0,2.000811049,0.031089564,0.075438653,0.117884819,0.015789459,0,0.019999981,-0.034175337,0,0.027999987,-0.091254753,-0.000452704,-0.001892101,0,0,-0.000869585,0.001369894
0,0.002657195,0,0,0,0,-0.001779315,0,-0.000954129,0,0,0,0,0,0,0.00084032,0,0,0,-0.000638727,0.306717439,-0.034574435,0.012773589,-0.015756932,-0.069078961,-0.026666641,-0.000395072,0,0,0.020746887,-0.066884228,-0.038397254,-0.005181342,0,-0.027450955,-0.024615361,-0.008230445,0.026681465,-0.016736485,0.000905818,0,0,0,0,-0.003191961
0,0,0,0,0.001727155,0,0,0,0.000955041,0.000267474,0,0,0,0.001843272,0,0.000746373,0.001740684,0.001332095,0,0.001118563,-0.169253227,0.041322273,-0.022663056,-0.035448767,-0.028268525,0,0.000494082,0,0,0.034688312,-0.055944005,-0.065972295,-0.026041642,0,0.040322542,0.003154571,-0.029045713,0.00974555,-0.068085044,0,0,0,0,0,0.000457467
0,-0.001766741,0.000437455,0,-0.001724177,0,0.001782487,0,0,0.000891201,0,0,0,0,0,-0.00111868,-0.00086883,0.000443469,0,-0.002394278,-0.02918856,-0.026455001,-0.008200035,0.040308143,-0.029090881,0.001712286,-0.00079016,0.00177309,0,0.003928798,0.38333327,-0.032218062,-0.042780772,0,-0.031007723,0.009433953,0.055555606,0.018766777,-0.077625604,0,-0.002843577,-0.002727248,-0.00088812,0,0.002286202
0,0,0.000437181,0,0.001727155,0,0,0,0.00047711,0,0,0,0,0,0,0,0.000869585,-8.86E-05,0,0.002559998,0.022248999,0.019021721,0.085321202,0.031908912,-0.014981259,0,0.002273472,0.00353982,0,0.077745875,0.242302543,-0.058898853,0.061452523,0,-0.004800034,0.009345785,-0.004048579,0.042105223,0.148514829,0,0,0.002734707,0.004444461,0,-0.001368644
0.000904094,0,0,0,-0.001724177,0,0,0,-0.000476883,0,0,0,0,0,0,0.000933292,0,-0.0003547,0,0.001276761,-0.089411792,0.010666656,0.020293476,-0.02319161,-0.057034254,0,0,0.004409188,0,-0.002662808,-0.014008633,-0.078231268,0.036842133,0,0.000803896,0.015432084,-0.036585427,0.014141449,0.056034534,0,0,0,-0.004424796,0,0.003654633
0,0.002212356,0,0,0,0,0,0.002859932,0,0,0,0,-0.002673858,-0.000643971,0,0,0,-0.001330323,0,-0.00207206,0.067183524,-0.031662239,0.003733174,-0.029395163,0.056451559,0,0.000986122,0,0,-0.028883554,-0.122404364,-0.103321074,-0.060913707,0,-0.04257026,-0.0638298,0.143459987,0.041832677,-0.05306127,0,0.003802278,0.001818223,0.000888909,0,0.002275883
0,0.002207556,0.000874146,0,0.001727155,0,0,0,0,0.000890492,0,0,0,0.000184098,0,0.000466122,0,0.001243334,0,-0.002236055,0.073849835,0.138964507,0.079019616,0.080372694,0.030534414,0,0.000985244,0,0,0.018995305,-0.048567855,0.052674927,-0.0108108,0.009090944,0.006711423,-0.009740251,-0.007380067,0.158699794,-0.008620682,0,9.46E-05,0,0,0.003046114,-0.000908286
-0.000903277,0,0.000873382,0,0.000862006,0,0,0,0,0,0,0,0,0.001104472,0,0,0,0.004967159,0,0.000320161,-0.007328025,-0.050239189,-0.017178101,-0.01832885,-0.025925901,0,-0.000984275,-0.004389832,0,-0.002943314,0.045811507,0.104769363,-0.005464476,0,-0.012500087,-0.029508169,-0.104089206,0.212871283,0.047826146,0.005429816,0.003692881,0,0,-0.003036863,0.001363668
0,0,0,0,0,0,0,-0.000950592,0,-0.000622773,0.004347843,0,0,-0.000643557,0,0.000931988,0,0.000882633,0,0.000640056,-0.015900095,-0.015113336,0.016443401,-0.027457442,0.049429609,0,0,0.005290958,0,-0.016728174,-0.001251533,-0.010615752,0.071428567,0,0.012658317,-0.011824353,0.01244812,-0.027891146,0.195020752,0,0.000943328,0,0,0,-0.000907874
0,0.000880993,0.00087262,0,0,0.004329021,0,0.001712621,0,0,0.000865821,0,0,0,0,0.0023278,0,-0.000352708,0,0.001279415,-0.053087137,0.010230169,-0.021833818,-0.012422322,-0.01449274,0,0,0,0,0.052289219,0.10025059,0.055078718,0.066666601,0,0.01666665,-0.00512816,0.127049154,0.070678813,-0.024305614,0,0.001885057,0,0.00088812,0,0.000908699
0,0.000880302,0,0,0,0,0,0,0,0,0.002162597,0,0,0,0,-0.001393436,0.002606406,0,0,0.000159692,-0.011578339,-0.020253205,-0.013531466,-0.066323606,0.077205896,0,0.003940883,0,0,-0.049928726,-0.083143458,0.089491505,0.067307745,0,-0.040983664,-0.010309268,0.032727242,-0.009803959,0.281138782,0,-0.001881511,0,0.001774579,0.003046114,-0.002269684
0,-0.003518027,-0.00087186,0,-0.000861264,0,0,0.002089695,0,0.005074349,0.000431602,0,0.006255644,0,-0.001818223,0,0,-0.000529333,0,-0.000479061,0.065351505,-0.036175677,-0.040330557,-0.015921631,-0.08532423,0,0.000981377,0,0,0.001001024,-0.05962733,0.005600507,0.045045002,0,-0.059829005,-0.031250052,-0.017605618,-0.075907567,0.086111164,0,0,0,0.00664303,0,0.000909939
0,0.00441308,0,0,0,0,0,-0.002843577,0.001431331,0.00088576,0,0.001796901,0,0,0,0.001860508,0,0.000882633,0,0,-0.064814861,-0.024128663,-0.008185276,0.008089675,0.246268594,0,-0.000980415,-0.013157862,0,0.008500004,-0.029062122,-0.021658381,-0.038793068,0,0.015454509,-0.025089582,-0.096774188,0.070714269,-0.120204608,0,0,0,0.004839446,0,-0.001818223
0,0.000878755,0,0,0.000862006,0,0,0.002851686,0.001429285,0,0,0.000896882,0,0.000919984,0.000728632,-0.000928526,0,0.001763625,0,0.000639094,0.034653433,-0.027472566,-0.084806241,-0.008642055,-0.002994009,0,0,0,0,-0.010411551,-0.027210859,0.022770376,0.013452902,0,-0.024171845,0.018382335,-0.023809501,-0.010006646,-0.232558122,0,0,0,0,0,-0.000455297
0.002712453,-0.005267815,0.00087262,0,0,0,-0.003558716,0,0,0,0.000862833,0.001792156,0,0,0.000182004,0.00185869,0,0,0,-0.000638686,0.022727338,0.042372909,0.045423955,0.026151936,-0.129129081,0,0.000981377,0,0,0.078907857,0.065734236,0.020408158,-0.030973422,0,0.06422012,0.018050524,-0.040650464,0.112533697,-0.060606091,0,0.000942529,0.002722299,0,0.000433849,-0.000455591
0.003065775,0.003530447,0,0,0,0,0,0,0.002854399,0.001769868,0,0,0,0.000919139,0,-0.001577013,0,0.001760604,0,0.000639094,-0.098830438,-0.059620603,0.055680679,0.007888415,0.04137927,0,0,0,0,-0.007894129,-0.034120703,0.114545418,0.21461188,0,-0.025862045,-0.021276576,0.063559365,-0.018473671,0.12903223,0,0,0,-0.002626947,-0.000433661,-0.000455799
0,0,0.000871776,0,-0.000861264,0,0,0,0,0,0.000862006,0,-0.00088812,0.000918207,0,0.001579504,0.00259963,0.000878755,0,-0.000479045,0.033744352,0.008645525,-0.008841445,0.05719439,-0.013245021,0,0.000980415,0,0,0.041422899,0.004076051,0.18542686,-0.003759395,-0.009009043,-0.044247746,0.02898548,-0.00398406,-0.014501676,-0.075000015,0,0,-0.001809996,0,-0.002169164,0.00182394
0,0.001671069,0,0,0,0,0,0,0.000948788,-0.001766741,0.000861346,-0.000894475,0,0.001192705,0,-0.000927577,0,0.002633866,0,0.000479275,-0.008788471,-0.00571428,-0.038818809,0.093394154,-0.006711403,0,0,0.001777818,0,-0.029662914,-0.036535857,-0.056421999,0.071698042,0,-0.024074094,0.010563371,0.019999981,-0.023794622,0.268339844,-0.000900025,0,0,0,0.002608672,0
0.000539421,0,0.0008711,0,0,0,0,0,-0.000947889,0,0,0,0,-0.001191285,0,0,0,-0.001751354,0,0.000159641,-0.021532625,-0.005747121,0.019841211,-0.019791722,-0.070945958,0,-0.001958909,0,0,-0.044928175,0.015449457,0.172581487,-0.077464801,0,0.015180296,-0.024390222,-0.04705878,-0.005772941,-0.124809764,-0.0072072,-0.001883192,-0.000906553,0.006145715,0,-0.000455177
0,0,0.000870342,-0.003552394,0,0,0.002678548,0,0,0.002654844,0,0,0,0,0.001091909,-0.000928526,-0.000864242,0.00131582,0,0.000478908,0.092556593,0.014450853,0.128090901,0.038257239,0.047272769,0,0,0,0,0.061590616,0.052558799,0.048092861,0.003816881,0,0.009345785,0.026785732,0.004115222,0.011612923,-0.066086976,0,0.001886746,0.005444597,-0.006108176,-0.001734562,0.000455384
0,0,0,0,0.000862006,0,0,0,0,0.00406006,0,0,0,0,0.000727175,0,0,0.00087606,0,0.001755236,-0.020142077,-0.014245001,0.044951331,-0.04196528,0.034722188,0,0.001668322,0,0,0.000685304,0.027595274,0.184731011,-0.011406923,0,1.305555473,0.064347806,-0.028688594,0.076211714,-0.011173174,0,0.001883282,-0.003610105,-0.001755966,0,0.000910353
0,-0.000790221,0,0,0.000861346,0,0,0,0,-0.004571031,0,0,0,0.000642199,0,0.00018586,0,0,0,-0.00127426,0.041716964,-0.037572287,0.068572671,-0.013888902,-0.046979901,0,0.000979742,0,0,0.046108203,0.033248049,-0.096494198,0.080769248,0,14.45783194,-0.022875796,-0.016877622,0.005333342,0.065913354,0,-0.000939871,0,0,0.002085158,-0.000454763
0,0,0,0,0,0,0,0,0,-0.000353291,0,0,0,-0.000641787,0,0,0,0.001312857,0,0.000797436,0.05281485,-0.009009001,0.012306242,0.063380289,-0.028168988,0,0,0,0,0.077460159,0.035891085,0.155210674,0.014234862,0,-0.251753755,0.003344478,0.038626676,0.043324527,-0.077738528,0,0,0.000905818,0,0.001387185,0.000454969
0,0,0,0.003565059,0,0,0,-0.000947889,0.000948788,0,0,0.000895276,0,0.000917452,0,0.000278783,0,-8.74E-05,0,-0.000478068,-0.013230418,-0.0030303,0.076828434,0.00254718,0.005434821,0,0,0,0,-0.13345484,-0.002389427,-0.043506097,0,0,-0.246527731,-0.013333321,-0.024793463,0.014971716,-0.107279687,0.00362976,0.000940755,0,0,0,-0.000454763
0,0,0.000869585,0,0,0,0,0.005597724,0.000947889,0.000883412,0.003012035,0,0,0,0,0.001857827,0,0.000262283,0,0.000159412,0.022346348,0.003039511,0.030303054,-0.018800855,0.012612557,0,-0.00068513,0,0,-0.003739188,-0.013173725,-0.010702331,0.007017537,0,1.175575918,-0.016891876,0.095339048,0.04091292,-0.00214587,0,0.000939781,0,0,0,0.000909939
0,0,0,0,0,0,0,9.44E-05,-0.000946991,0.001765265,0,0,0,0,0,-0.000463617,0,-8.74E-05,0,0.000318834,0.224590207,-0.018181801,-0.141691078,0.018643222,0.032028525,0,0.001958815,0,0,0.026976253,-0.027912567,0.058147374,0.076655065,0,0.017157411,0.003436423,0.032882026,-0.013368983,-0.038709742,0,-0.000938899,0,0,0,-0.001363668
0,0,0.000434415,0,0,0,0,0,0,0.000440455,0.00042901,0.00089439,0,0,0,0,0,0.000786629,0,0.000637465,-0.047746528,-0.015432084,-0.006770713,-0.007625807,0.017241362,0,0,0,0,-0.021699337,0.071161009,0.098722052,-0.064724859,0,-0.01759686,0.010273963,-0.044943865,-0.015989163,-0.029082694,0,0,0,0,-0.000779206,0
0,0.001054489,0,0,0,0,0,0,0.000947889,0.001321034,0,0,0,0,0,0,0.001730061,0.000873382,0,0,-0.010309246,-0.012539173,-0.010407452,-0.013319684,-0.054237316,0,0,0,0,-0.059537776,-0.059440587,0.044198909,-0.055363349,0,-0.003709576,-0.057627144,0,-0.049573203,-0.043778813,0,0.000939781,0,0.001759055,0,0.00136553
0,-0.001053378,0.000434226,0,0,0,0,0,0,0.000879528,0,0.000893676,0,0,0,0,0,-0.00087262,0,-0.001433352,0.054924233,-0.0031746,0.097386572,0.024922094,-0.012903231,0,0,0,0,-0.00993043,-0.018587314,-0.026733475,0.025641001,0,0.053191489,-0.023381316,-0.003921565,0.05476683,-0.084337382,0,0.000938989,0,0,-0.003552583,-0.002272693
0,0,0.002604143,0,-0.000860605,0,0,0,0,-0.000878755,0,0,0,-0.000916611,0,0,0,0,0,0.000797436,0.443895744,0.047770653,0.020460991,-0.005065876,-0.005083493,0,0.00097754,0,0,-0.028585741,0.008838345,0.114449211,0.017857126,0,-0.011313159,-0.012891289,0.013779562,0.064285716,-0.059210502,0,-0.001876126,0,0,0.000869585,0.000455504
0.005390788,0,0,0,0,0,0,0,0,0.000879528,0,0,0,0,0,-0.000278229,0,0.000786011,0,-0.000637465,-0.026422086,0.033434691,0.03737787,0.010183339,0.010948895,0,-0.001464784,0,0,0.013680918,0.028786045,0.215917835,0.007017537,0,-0.026563124,0.00373134,0.017475665,0.018585374,-0.057342702,0,0.001879653,0,0,0,-0.000455297
0,0.001757426,-0.00043291,0,0,0,0,0,-0.002840974,0.00439369,0,0,0,0,0,-0.000185655,0,-0.001221742,0,0.001116245,0.147509546,-0.029411806,-0.020369365,-0.094758118,0.003610105,0,0,0.001774579,0,-0.002037225,0.01216538,0.08762664,-0.024390222,0,-0.05499578,0.018587342,0,0.038520033,-0.008902069,0,0,0.00180991,0,-0.00086883,0.000911096
0,0,0.000433098,0,0,0,0,0,0.000949689,0,0,0.000892878,0,0,0,0.000928096,0,0.000524292,0,-0.00031858,-0.053700623,-0.016666687,0.061084934,-0.01726055,-0.039568308,0,0.00244495,0,0,0.018372065,-0.055288411,-0.222869344,-0.017857126,0,0.052643245,0.018248158,-0.030534323,0.001952216,-0.146706593,0,-0.000938108,-0.000903277,0,0,0.002275883
