SMMT,LASE,GCTS,KZIA,TECX,HOLO,ASNS,FTEL,DUO,DRUG,ATER,MBRX,MNPR,MIRA
0.02272725,-0.008928563,-0.000946005,-0.022222201,0.013888875,-0.097765365,-0.05172409,-0.219512206,-0.028571402,-0.091897787,-0.042979986,0.028138488,0.081081067,-0.050420218
-0.0037037,-0.009009,0.000946901,-0.090909111,0.013698617,-0.040247655,0.036363601,0,-0.007352934,0.023952145,-0.020958082,-0.042105224,0.022500038,0.026548647
-0.052044648,-0.0181818,0.000946095,0,-0.006756804,-0.100000012,0.078947399,0.015624985,-0.022222201,-0.005847948,-0.027522947,-0.076923132,0.036674722,-0.025862045
0.164705915,-0.055555611,0,-0.125,-0.01360543,-0.129032274,0.008130073,0.015384693,-0.001515222,0.105882319,-0.003144614,-0.144047614,0.011792498,0.008849549
0.030303001,0.009803912,-0.000945201,0,-0.020689581,0.222222292,0.008064508,-0.090909091,-0.051593294,0.06329785,0.006309161,0.001390886,0.027972002,-0.052631529
-0.016339854,0.009708729,0,0.028571401,0.021126683,-0.08080813,0,-0.1333334,-0.009599972,-0.019509713,-0.028213176,0.038888883,0.004535143,0.00925925
-0.013289024,-0.028846127,0.000946095,-0.027777752,-0.020689581,-0.018315019,-0.047999954,-0.08461533,-0.03392573,-0.045918383,-0.064516163,-0.0508022,-0.006771949,-0.09633029
0.043771002,0.049504904,0,0,-0.007042302,-0.055970151,0.050420118,-0.075630278,-0.030100346,0.032620315,0.017241363,0,-0.011363679,-0.005076137
0.116129079,0.043396232,0,-0.057142871,-0.049645399,-0.011857678,0,0.125000017,0.046551743,0.009839489,-0.016949137,-0.07042247,-0.048275872,-0.071428563
-0.031791946,-0.014466468,0.000945201,0.030303074,0,-0.075999985,-0.031999969,0.363636375,-0.028006622,0.025641001,0.006896566,-0.060606091,0.057971076,-0.043956066
-0.011940287,0.036697212,0.000944309,0,0,-0.047619063,-0.057851281,0.229629583,-0.030508386,-0.047500014,-0.013698658,-0.109677449,-0.121004611,-0.056321867
0.090634428,-0.017699098,0,0.029411736,-0.007462679,-0.077272762,0.022807038,0.096385596,0.022727187,0.016272976,0.031250013,-0.009057963,-0.046753203,0.010962246
0.044321355,-0.027027001,0,0,-0.01503758,0.083743883,0.003430488,0.423076835,-0.023931622,-0.00826448,0.013468041,-0.082266942,-0.035422374,0.036144616
0.084880683,-0.018518611,0,0,0.015267161,-0.027272745,0.008547001,0.003861,-0.015761828,0,0.019933595,-0.089641413,0.002824856,0.058139548
0.083129502,-0.028301861,-0.000943418,0,0,-0.042056058,0.025423807,0.088461549,0.138790057,0,0.019543916,0.109409285,0.033802852,0.043956001
0.027088119,0.009708729,0,0.057142871,-0.00751879,-0.053658555,-0.099173555,0.010600697,-0.089062473,-0.005208328,-0.05750801,-0.03747539,0.008174379,0.231578918
-0.147252758,-0.009615376,0,-0.081081067,0.030303001,0.005154659,0.027522909,-0.010489501,-0.001715244,-0.000523522,0.020339025,-0.004098369,-0.016216201,-0.068376006
-0.028350549,0.067961218,0.001888527,0,0.007352993,0.153846154,0,-0.003533566,0.032646036,-0.002095373,-0.003322216,0.008230469,-0.010989066,0.018348606
-0.001326227,0,-0.000942439,-0.117647084,-0.160583957,-0.079999966,0.008928563,0.046099332,0.069883519,0.128608991,0.0333333,0.028571425,0.047222245,-0.154054056
0.04116865,-0.036363709,0,0,0.09565215,-0.028985525,0,-0.020338963,-0.066874001,0.004651158,-0.04193552,0,-0.108753339,0.001064949
0.020408143,0.009434066,0.004716909,0,0.0079365,-0.039801051,0,-0.044982737,0.01666665,-0.004629625,0.043771084,0.025793673,0.104166712,0.021276576
-0.029999971,0.009345785,0.000938989,-0.099999984,0.007874008,-0.051813474,0.017699098,-0.003623185,-0.016393427,0.004651158,0.12903223,-0.019342341,-0.018867906,-0.031249971
-0.01030933,0.0185185,0,0,0.015625048,-0.071038213,0.017391288,0.00727272,-0.0333334,-0.046296361,-0.017142807,0.023668568,-0.021978066,0.460215086
0.067708332,-0.027272701,0,-0.037037089,0.0076923,-0.111764683,-0.030769243,-0.00722021,0,-0.009708729,-0.008720991,-0.013487417,-0.073033706,-0.175257753
0.03658539,0,0.003752342,0,0.00763358,10.9205295,-0.003527292,0.258181832,-0.05172409,-0.014705869,0.014662743,0.015624915,-0.060606076,-0.044642814
-0.016470629,-0.028037466,0,0.076923098,-0.015151501,0.594444444,0.017699098,0.034682047,0.052727243,-0.054726376,0.052023143,-0.051923041,0.054838736,-0.069158932
0.076555068,-0.009615376,0,-0.035714252,0.0153846,-0.257839721,0.03478268,-0.033519522,0.07081176,0.005263153,0.186813242,0.04868158,0.070336398,0.174698762
0.037777795,0.009708729,0.002336502,0,-0.015151501,-0.198122051,-0.016806806,-0.20231215,-0.091935453,-0.005235597,-0.041666681,0,-0.054285731,-0.008547001
-0.038543962,-0.051923041,-0.001398633,0.037037001,0,0.377049138,-0.025641002,0.101449265,-0.023090606,0.015789459,-0.057971059,-0.013539708,-0.003021145,-0.094827601
-0.008908678,0.02434076,0.000933728,0.035714337,-0.007692361,-0.042091811,0.035087686,-0.019736824,0.283636282,0.012953418,0.097435946,0,0.021212101,0.104761923
0.049438264,0.054455512,0.001865625,0.068965449,0.015503923,0.375943168,-0.053389802,-0.053691304,-0.062322906,0.002557542,0.102803737,-0.019607825,0.00890214,-0.112068965
0.085653124,-0.004694943,0.004655511,0.129032293,-0.015267221,1.140645083,0.002685784,0.053191524,0.01963748,-0.005102036,-0.055084731,-0.004000008,0.008823521,0.009708729
-0.262327439,0.009434066,0.000926805,0.142857143,0.007751992,-0.752712459,0,0.060606082,-0.094814829,-0.041025662,-0.044843072,0.004016072,0.950437297,0.028846242
0.098930514,0,-0.000925947,-0.199999988,0,-0.055454027,0.004464281,-0.060317477,0.00163664,-0.002673794,-0.037558692,0.001999974,-0.147982099,0.009345785
0.046228723,-0.036448628,-0.018535664,-0.062500014,-0.007692361,-0.289677429,-0.022222201,0.351351334,-0.024509781,0.029490588,-0.095121963,0.02794411,0.964912313,-0.018518611
0.079069689,-0.010669289,-0.065155857,0.033333302,-0.007751931,-0.399636699,0.072727202,0.075000048,0.139028482,-0.020833314,0.010781693,0.04854376,0.160714305,-0.056603723
-0.038793068,0.009803912,0.058585853,-0.032258035,0.015625048,0.815431207,0,0.076744165,-0.11911769,-0.010638288,0.010666688,0.090740673,0.038461538,0.029999971
-0.013452902,0.004854364,-0.026717533,-0.066666683,0,-0.214166641,-0.017796533,0.047516152,-0.023372286,-0.005376339,0.055408964,0.045840426,-0.103703675,0.019417458
0.02954548,0.004830913,0.050980438,-0.07142859,0.0153846,0.071049806,-0.007765369,0.020618537,-0.056410245,-0.021081099,-0.02500005,-0.009740231,-0.173553745,-0.047619004
0.002207451,0.394230866,0.012126876,0,-0.00757575,-0.038613876,-0.052173864,-0.032323203,-0.018115925,-0.006074013,0.166666743,0.03114753,-0.169999981,0.004999995
0.024229105,-0.048275897,-0.030414738,0,0.015267161,-0.071060779,0.009174303,0.022964537,0.029520355,-0.022222202,0.04615384,-0.028616862,0.079518052,0.034825838
-0.036559155,-0.072463786,0.049429609,-0.038461503,-0.01503758,-0.140798197,-0.027272701,0.057142802,0.021505312,-0.028409064,-0.084033657,0.126022949,0.104910667,-0.048076879
0.131696462,0.258593733,-0.003623185,-0.119999981,-0.00763358,-0.140645181,0.009345785,-0.04440155,0,-0.064327492,0.006880782,-0.020348834,0.07070715,-0.060606062
-0.045364894,0.104903809,0.027272745,0,0.030769201,0.013513537,-0.018518611,0.060606101,-0.035087686,-0.018749982,0.070615006,-0.00593473,-0.094339619,0.026881695
-0.024793463,0.264044964,-0.070796476,0,-0.022388038,-0.096296296,0.009434066,0.045714242,0.038181759,0.070063625,0.023404271,0,-0.047916669,-0.005235597
-0.067796549,-0.146666686,0.023809524,-0.045454609,0,-0.111475397,0.028037355,0.127504611,0.059544729,-0.071428576,0.039501026,0.005970161,-0.10612694,0.652631655
-0.022727251,-0.088541646,0.240930247,-0.047619004,-0.00763358,-0.083025829,0.036363601,0.077544429,0.104132168,-0.038461503,-0.015999973,-0.062314531,0.116279045,-0.044586019
0.002325524,0.051428591,-0.179910086,0.049999952,-0.015384661,-0.016096564,-0.043859608,0.014992489,0.115269497,0.046666702,-0.040650427,-0.11234183,-0.094298209,0.033333302
0.046403779,-0.114130453,-0.013711117,0.047619118,0.007812493,0.370143107,-0.045871624,0.005908414,-0.060402707,-0.070063701,-0.182203379,-0.001782508,-0.089588405,-0.290322543
0.053215024,-0.036809781,0.000926805,0,-0.015503862,-0.010447716,0.04711541,0.016152736,-0.128571393,-0.109589097,-0.12435235,-0.042857123,-0.0598404,0.118181811
-0.027368445,-0.006369496,0,0,0.023622088,-0.030165911,-0.05417816,-0.021676314,-0.085245877,0,0.047337286,-0.076492551,-0.079207911,-0.040650464
-0.109307387,0.076923083,0.062037043,0.045454501,-0.007692361,-0.166407528,-0.038834915,0.028065001,-0.103942698,-0.016153776,0.053672299,0.111111124,0.029185802,0
-0.117861406,-0.077380952,0,0.086956544,-0.023255792,-0.076492511,0.010101,0.137931039,-0.029999971,-0.046129799,-0.112600526,-0.047272768,0.135820948,0.00847467
0.055096364,-0.006451607,-0.028770699,0.119999981,0.015873001,0.07878791,0.049999952,-0.155303031,-0.00412372,0.06803274,-0.129909404,-0.196564861,0.007884355,0.042016765
-0.073107044,0.318181832,0.054757598,-0.107142842,-0.023437478,-0.058052476,-0.014285701,0.061285477,-0.064182231,-0.056024525,-0.055555464,0.04988123,-0.087353334,0.016129017
-0.050704245,-0.088669926,-0.107234062,0.080000019,0.023999977,-0.033797232,0.024154567,-0.032394369,-0.013274297,0,11.24264611,11.9072396,-0.014285701,-0.023809501
-0.026706207,-0.162162199,-0.042897981,0,-0.046874956,-0.074074045,-0.028301861,-0.01892287,-0.017937256,-0.016260147,-0.069069076,-0.079754589,0.028985479,-0.056910611
0.140243915,0.083870967,-0.344621519,0.185185182,0.032786853,-0.111111111,0,0.00890214,-0.01369859,-0.066115736,-0.070967676,-0.108571461,0.036619751,-0.008620682
0.002673794,0,5.686930169,-0.031250044,0,-0.064999962,0.000970919,0.007352899,0.041666612,0.035398196,-0.013888958,0.183760719,0.001358662,-0.052173864
0.103999964,0,-0.248636332,0,0.015873001,0.029411723,-0.000969977,0.154744519,0,0.025641104,-0.028168988,0.066786983,-0.075983711,0.009174303
-0.038647307,-0.166666655,-0.452813085,0.064516146,0,-0.038961039,0,0.065739629,-0.002222194,0.14999995,-0.09057971,-0.040609099,-0.002936855,-0.0181818
-0.032663345,0.00714285,-0.143173031,0,0,-0.137837848,-0.044660141,0.014234861,-0.028953255,0,-0.02390436,-0.038800752,-0.057437389,-0.00925925
0.025974064,0.014184384,-0.557419346,0.030303074,0.015625048,0.216300931,-0.01422764,0.040935605,-0.032110089,-0.072463786,-0.077551042,-0.036697214,0.003124997,0
-0.103797489,0.020979085,-0.164723046,-0.029411806,0.0076923,-0.051546393,0.051546341,-0.176404468,0.023696731,0.015624985,0.092920371,0.009523846,-0.006230524,-0.046729037
0.096045242,-0.034246623,0.424083738,0.090909078,-0.030534382,-0.084239091,-0.019607825,0.125511608,-0.009259278,-0.1,0.028340054,-0.018867996,-0.056426352,0
0.018041219,0.014184384,-0.142156847,0.138888893,-0.007874008,-0.023738849,-0.089999974,-0.049696951,0.133177595,0.034188105,0.078740177,-0.028846082,-0.001661088,0.009803912
0.032911361,0.811188818,-0.090000016,0.121951222,0,-0.012158101,0.010989,-0.104591857,-0.053608293,0.057851183,0.113138665,0.035643529,-0.016638998,-0.029126187
-0.019607825,-0.030888002,0.161695483,-0.06521733,-0.0079365,-0.055384592,-0.010869555,-0.018518535,-0.041394323,-0.046874956,-0.154098372,-0.005736178,0.082910366,-0.000999987
0.007500052,-0.083665354,-0.051351366,-0.162790757,0.015999985,-0.084690564,-0.021978066,-0.010159608,-0.004545464,0.032786853,-0.003875965,-0.082692278,0.203124952,-0.019019013
-0.090570776,-0.10000001,-0.136752143,0,0,0.035587188,-0.037078644,0,-0.079908669,0.0079365,-0.073929893,-0.029979062,0.014285732,-0.080612239
-0.00272851,-0.053140048,-0.080858049,-0.138888893,-0.007874008,-0.151202734,-0.15285879,0,-0.081885838,-0.031496033,-0.067226924,-0.036092462,-0.033290622,-0.078801374
-0.031463751,0.168367305,-0.107719993,-0.064516069,0,-0.040485829,-0.064738279,0.004398788,0,-0.073170758,-0.009009,-0.040358706,-0.035761586,-0.048192726
0.008474568,-0.06986893,0.010060401,0.172413787,-0.031746002,-0.054852367,-0.011782056,-0.001459818,0.051351334,0,-0.040909159,0,-0.100274725,0.025316431
-0.016806707,0.056337971,-0.00796812,0.029411736,0.016393427,0.316964308,0.013412822,0.138888858,0.028277654,0.035087686,0.004739332,0.057009333,0.035114506,0.034567898
-0.002849,-0.026666641,-0.216867454,0.085714272,-0.032258098,-0.054237301,0.182352958,-0.017971742,-0.042500048,-0.050847411,-0.033018838,0.027851442,-0.056047213,-0.007159883
-0.00285714,-0.031963548,0.128205125,0,0,-0.053763442,-0.0920398,0.17124182,0.096605749,0,0.03902447,-0.075268795,-0.012499988,0.027644232
0.068767911,0.009434066,0.049999951,0.052631592,0.008333392,-0.030303002,0.061643775,0.02008932,-0.016666665,0,0.032863817,0.069767372,0.028480985,0.026900586
-0.03753354,-0.032710359,0.045454555,-0.024999976,-0.016528975,-0.082031264,0.027096811,-0.035011011,-0.060532632,-0.026785689,0.031818151,-0.054347827,0.010769257,-0.009111636
-0.011142051,0.057971076,-0.024844697,-0.051282062,0,0.072340458,-0.057788949,0.037414959,0.056700991,0,0.008810564,-0.009655131,-0.044140023,0.034482726
0.087323929,-0.041095959,0.014862032,0,0.016806774,-0.007936538,0.039999962,-0.125683024,-0.024390221,0.009174303,0.008733616,0.074744666,0.047770653,-0.044444403
0.005181404,-0.023809502,0.006276094,-0.027027065,-0.016528975,-0.02,-0.038461503,-0.235000014,0.012499988,-0.01363635,0.017316001,0.082073457,-0.012158043,-0.011627896
0.012886585,-0.053658487,-0.018711051,-0.083333322,0,0.03265303,0.039999962,0.031045762,0,-0.110599134,-0.034042522,0.001995958,0.015384601,0
0.195928684,0.005154634,0.06779665,-0.090909078,0.025210127,0.003952584,0.012820577,0.038034905,-0.037037075,0.077720197,0.046255515,0.00796812,-0.015151501,-0.036470609
-0.13617019,0.056410201,0.005952423,-0.066666683,0.008196713,0.003937023,-0.24050632,-0.029007641,-0.012820501,0.005769271,0.014736878,0.017786592,0.015384601,-0.013430986
0.081280771,-0.009708729,0.201183421,-0.035714252,-0.008130073,-0.101960799,0.048333305,0.21383642,-0.049350634,-0.053537279,-0.01244812,-0.02524274,0.101515165,-0.092821838
0.018223218,0.014705869,0.082101804,0.037037001,0.016393427,-0.074235759,-0.027027058,0.196891195,0.038251363,0.030303001,0.029411735,0.00398406,0.089408542,0.023192387
0.187919506,0.028985596,-0.033383955,0.035714337,0.008064508,-0.099056618,-0.026143747,0.015151553,-0.013157882,0.03921565,0.036734658,0.009920673,-0.037878812,0.013333321
-0.065913354,0.131455379,-0.054945041,0,0.007999992,0.015706766,-0.026845691,0.204690837,-0.048000018,0.053773626,0.094488194,-0.07662089,-0.015748017,0
-0.036290288,-0.041493834,-0.024916959,0,-0.0079365,-0.087628809,-0.017241363,0.200884908,0.022409009,-0.01074303,0.039568394,0.017021363,-0.051999982,-0.013157882
-0.027196675,0.038961106,-0.04599659,0,-0.015999985,-0.039548064,-0.012280648,-0.088430349,-0.038356159,-0.04072405,-0.034602124,-0.004184096,-0.054852368,-0.039999962
0.032258084,0.091666576,0.030357157,0.034482725,0.09756101,0.176470588,-0.040852577,-0.03880352,0.094017069,0.037735928,0.107526866,-0.018907594,0.004464317,-0.004166696
-0.023958384,-0.145038127,0.019064148,-0.033333302,-0.044444518,0.614999962,0.020370328,-0.065601402,0.020833298,-0.027272701,-0.061488616,0.03854386,-0.035555522,0.029288658
-0.041622236,-0.022321407,-0.061224511,-0.034482807,0.06201557,-0.325077407,-0.009074402,-0.057605707,0.007653115,0.014018678,0.075861994,0.014433025,-0.08141324,-0.046070434
0.004454445,-0.05022837,-0.0344203,0.035714337,0.014598526,-0.123853163,-0.064102612,0.060171929,0.010126527,-0.023041562,-0.038461503,0.02235775,0.033444784,-0.034090894
-0.015521102,0.038461618,-0.003752342,-0.034482807,0,0.083769652,0.01956957,0.036036,3.2105263,0.037735928,0,0.009940301,-0.012944972,-0.036764758
0.022522501,0.0555555,-0.001883192,0,0,-0.07487928,-0.015355117,0.155652171,-0.309523808,-0.0090909,-0.063333352,-0.025590574,0.016393427,0.297710017
-0.033039669,-0.048245569,0.01698107,0,-0.007194295,-0.049608296,0.033138323,0.103085018,0.051724193,0.119266047,-0.056939449,0.002020248,-0.014516077,0.199999944
0,0.00460829,-0.014842287,0,0.01449274,-0.043956105,-0.018867908,0.148021835,-0.008196713,-0.073770517,0.022641487,0.024193525,0.006546638,-0.101960759
-0.015945261,-0.03211017,0.005649757,-0.035714252,0.007142907,-0.022988484,0.048076994,0.016042808,-0.041322372,-0.000884997,-0.0221402,0.013779562,0.008130035,-0.039301324
-0.217592597,-0.056871987,0.086142327,0.037037001,0.070922031,-0.029411765,0,-0.071345043,-0.034482727,-0.023029145,-0.003773581,-0.042718498,0.014516154,0.005681813
-0.292899401,-0.005025121,-0.086206894,-0.035714252,-0.019867582,0.048484802,-0.104587173,0.05163732,-0.053571484,0.144152233,-0.018939465,-0.070993898,-0.01430845,-0.039547985
0.228033395,-0.030303061,-0.109434034,-0.111111091,-0.006756804,-0.109826572,-0.016393476,0.017964025,-0.249999944,-0.088748012,-0.023166002,-0.034934465,0,0.034117628
2.720613386,0.010416719,0.002118693,0.041666625,-0.02040809,-0.103896069,0.00833335,0.001764746,0.040251578,0,0.023715393,0.049773707,-0.011290274,-0.089874853
-0.204670297,0.041237073,-0.040169145,0.039999962,0.02777775,0.050724623,-0.099173571,-0.08925428,-0.105199529,0.052173968,0.015444093,0.028017267,-0.00326264,0.022500008
0.017846831,-0.009900981,0.002202694,0.038461595,-0.006756804,0.034482759,0.073394509,-0.127659605,-0.001351334,-0.008264455,0.038022776,-0.037735813,0.260229074,0.040342288
-0.173642568,-0.014999986,-0.125274758,-0.07407409,-0.027210859,0.319999949,0.004273513,0.152993399,0.02029768,-0.025000075,-0.014652001,-0.013071883,-0.001298669,-0.059929493
0.100616037,-0.010152274,-0.198492452,0.080000019,0.013986001,-0.156565586,6.914893698,0.083974323,-0.071618063,-0.042735004,-0.007434937,0.079470119,0.046814061,-0.02500005
0.011194049,0.0102564,-0.037617593,-0.07407409,0.0068966,0.047904144,-0.470430104,-0.054405682,-0.092857141,-0.035714252,-0.007490629,-0.087934528,0.155279499,-0.01153839
-0.050430543,-0.010152274,-0.009771978,0,0.04109585,-0.062857165,-0.208121868,-0.09005626,0.026771685,0.037037,-0.041509483,-0.031390104,-0.127957044,-0.014267233
0.033678787,0,0.161184216,0.080000019,-0.026315765,-0.054878027,0.057692331,0.015807528,-0.053681021,-0.013392844,-0.027559029,-0.002314868,-0.044389602,-0.003947318
-0.055137852,0.0051282,0.116147334,-0.037037089,0.006756697,-0.045161278,-0.151515154,0.031799748,-0.059967587,-0.022624412,-0.028340054,-0.004640367,0.051612854,-0.009247066
0.094164462,0.010204072,0.182741061,-0.038461503,0.006711457,-0.067567567,0.07142859,0.20852461,0.051724193,0,-0.012500087,0.006993056,0.098159537,-0.013333321
-0.019393921,0.040404001,0.167382025,-0.039999962,-0.020000034,0.01449274,-0.046666702,0.066738987,0.083606554,0.012037047,-0.037974649,0.006944382,0.02122911,-0.040540582
0.037082841,-0.029126187,-0.080882363,-0.041666725,-0.027210859,-0.057142871,-0.055944005,0.007121027,-0.083207271,-0.039341354,-0.017543843,-0.048275872,0.028446309,0.039436617
-0.058402888,-0.019999981,0.043999958,0,0.020979057,-0.106060579,-0.148148181,0.176767684,0.171617114,-0.019047602,-0.040178533,-0.048309134,-0.085106305,-0.024390173
0.005063286,-0.015306168,-0.067049793,0.043478324,-0.027397233,-0.199152571,0.8434782,0.062231794,-0.084507048,0.009708729,-0.069767483,0.010152274,-0.038372082,-0.013888958
-0.017632225,0.015544089,0.026694069,0.124999975,-0.014084605,0.026455027,-0.160377327,0.171717172,-0.015384601,0.009615376,0.034999967,-0.050251268,-0.186215279,0.030985937
0.01666662,-0.066326527,0.065999985,0,-0.916666664,-0.001030951,0.050561817,0.026206904,-0.054687449,0,0.004830913,-0.010582001,0.025260041,-0.020491784
0.00882726,-0.021857967,0.046904316,-0.148148181,10.50000047,0.104231194,-0.090909068,-0.018817186,-0.087603357,-0.028571403,0.019230752,-0.034759389,0.157970965,-0.009762941
0.001250029,-0.050279283,-0.043010712,-0.130434765,-0.008074541,-0.117757033,-0.094117695,0.109589064,0.021739175,0.055882394,0.004717089,-0.026315732,0.026282859,0
-0.029962577,-0.005882347,-0.15355808,0.049999952,-0.002504694,-0.007415222,-0.058441504,0.200308567,-0.024822692,-0.02599814,-0.018779436,-0.018492192,-0.090243877,-0.007042247
0.012870001,0.041420077,0.10176992,0.047619118,0.035153764,-0.140875103,0.020689635,-0.131396264,-0.0181818,0.03431841,0.255980913,0.020289835,-0.004021476,-0.078014196
-0.008894498,0.090909072,0.046184743,0.045454501,-0.001212884,0.019875757,0.560810752,-0.100355225,0.088888845,0,0.070476169,0,-0.017496587,-0.019999927
0.043589762,-0.010416657,0.003838768,-0.04347822,-0.034608362,0.125456727,-0.125541112,0.006910201,-0.037414991,-0.032258142,-0.096085404,-0.019886345,0.015068446,0.03453682
-0.073710117,0.010526306,0.013384354,-0.045454609,-0.003773551,-0.035714278,-0.138613849,-0.08921567,0.015901066,0.047619118,0.086614186,0.034782575,-0.028340087,-0.084977232
-0.08620691,-0.026041642,-0.009433998,0,-0.009469733,0.066217751,-0.022988484,0.053103678,-0.001739108,-0.027272701,-0.005434821,0.016806774,-0.023611056,-0.046434491
0.050798245,0,0.005714326,-0.047619004,0.003824119,-0.157894737,-0.058823542,0.100851821,-0.001742138,-0.018691681,-0.027322336,-0.038567521,0.024182019,0.017391288
0.042817739,0.037433183,0,0,0.021587311,0.022500038,-0.006249994,-0.000619018,0.012216351,0,-0.04868918,-0.041547272,0.025000043,-0.063247866
0.03841059,-0.007732013,-0.017045483,-0.050000012,-0.009322596,-0.015892434,-0.025157283,0.005264731,-0.010344797,-0.023809502,0.027559029,-0.027802671,0.004065004,-0.010948873
0.057397934,0.007792262,0.003853561,2.526315733,-0.006900857,-0.203726746,0.012903291,-0.087492247,-0.038327552,-0.024390221,-0.011494242,0.042435427,-0.049932509,0.03136535
0.047044674,0.015463902,-0.009596966,0.850746264,0.038534467,0.037441537,0.070063625,-0.021269448,-0.003623142,-0.040000021,0.034883781,0.165191718,0.022727251,0.073345273
-0.014976971,-0.020304609,0.021317856,-0.274193526,0.030413624,-0.075187969,0.1071429,0.034839608,-0.025454542,0.003125022,0.033707832,0.101265785,-0.011111101,-0.018333395
0.107602346,0.025906774,-0.036053142,-0.377777788,-0.017119298,0.039024352,0.096774165,0.021666654,0,0.059190012,0.01449274,-0.028505764,-0.002808986,0.256366768
-0.036958857,-0.025252561,0.003937004,0.017857126,0.032432488,-0.051643182,0.014705869,-0.011419262,-0.037313508,0.225490219,0.139285754,0.005679169,0.040845066,0.094594584
0.020833392,0.015544089,-0.019607825,0.157894759,0.008144234,-0.033003269,-0.101449239,-0.116501613,-0.031007701,-0.056000042,-0.021943627,0.043529398,-0.039242215,0.012345667
0.047260962,0.015306108,0.027999973,-0.106060579,-0.055972263,-0.093856686,0,-0.264475151,-0.09799999,-0.076271117,-0.076923006,0.039458894,0.014084494,-0.04146339
-0.098974375,-0.040201026,-0.058365705,-0.101694897,0.00855742,0.013182707,-0.16129036,0.123920699,0.019955661,0.06422012,0.013888875,-0.063991338,-0.062499975,-0.123409671
0.133750735,-0.094240812,0.028925591,-0.132075521,0.008484811,-0.133829043,0.012820577,-0.122006279,-0.015217389,-0.08620692,0.071917819,-0.063731192,-0.059259273,6.271408059
0.01305222,0.017341024,-0.002008078,-0.173913037,-0.012019162,0.255364828,-0.050632937,-0.287184757,-0.039735113,0.047169881,-0.022364271,-0.118811887,0.007874046,-0.489021991
-0.010901943,-0.034090877,-0.008048282,-0.052631592,0.034063227,-0.223931618,-0.080000003,-0.025992823,0.236781574,0.126126112,-0.022875796,-0.016853917,0,-0.07812502
0.05110223,0.029411736,-0.01014193,0.166666645,0,0.167400933,0.144927571,0.049666426,-0.141263898,-0.031999969,-0.033444784,-0.022857121,0.023437515,0.288135634
0.10104866,-0.00571428,0.004098357,-0.047619004,0.037647023,-0.071698132,0,0.085451981,-0.023809539,-0.008264455,0.027681633,0.029239738,0.09923658,-0.108552608
-0.066666705,-0.011494242,-0.008163257,0,0.027777766,-0.095528508,-0.056962045,0.024723495,-0.006651865,-0.041666725,-0.020202001,-0.048295476,0.013888942,-0.154981576
-0.008348808,-0.000581423,-0.065843655,-0.050000012,-0.00717039,-0.047191022,-0.006711403,0.021587311,-0.040178585,-0.025217326,0.013745691,-0.056716365,-0.041095915,0.002183456
0.010290048,0.122745764,0.035242257,-0.026315765,-0.00444444,0.08018872,0.020270251,0.103791178,-0.013953516,0.034790288,0.013559309,-0.003164554,0,-0.084967392
-0.012962995,0.129533744,-0.08085099,-0.054054066,-0.008370514,-0.074235842,-0.026490041,0.095720655,-0.075471711,-0.008620682,-0.036789262,-0.279365107,-0.010000025,0.157142941
-0.022983104,0.123853198,-0.090277798,-0.085714272,-0.034890311,-0.051886746,0.006802714,0.009763646,-0.020408129,0.008695644,-0.038194489,0.140969135,0.001443035,-0.106995878
-0.038406108,0.028571401,-0.050890597,0,-0.037317749,0.012437858,-0.121621665,0.031552206,-0.046875017,-0.067241338,-0.025270734,-0.069498006,-0.121037485,-0.032258142
-0.047428893,0.134920602,-0.018766738,0,0.024227717,-0.093366118,0.015384693,-0.205722742,0.087431709,-0.001848405,0.018518501,-0.087136942,-0.031147551,0.085714321
-0.014675088,-0.139860095,-0.087431739,0.093749984,-0.045535214,-0.07588075,-0.121212181,-0.129813671,-0.015075407,0,0.018181801,0,-0.018612464,-0.065789412
0.089361722,0.304878044,-0.014970046,0.114285742,0.016109061,-0.043988297,0.077586238,0.094932184,0.012755166,0,0.089285716,-0.002272779,-0.051724169,-0.004694943
0.052734372,0.009345785,0.024316087,0.102564125,-0.016463443,-0.055214745,0.031999969,-0.119947858,-0.017632314,0.032407375,0.131147574,0.029612783,-0.196363622,-0.009433954
0.018552858,0.339506216,0.00890214,-0.046511692,0.013639258,-0.051948004,0.015503862,-0.001481515,-0.00256407,-0.013452902,-0.133333343,-0.004424775,0.06561085,0.0047619
0.024590207,-0.225806503,0.105882319,-0.024390221,-0.007951135,0.092465744,-0.007633581,-0.014094925,0.002570661,-0.045454609,0.040133741,0.044444402,0.027600873,-0.028435993
-0.011555566,0.074404764,-0.042553214,-0.100000024,-0.009864356,-0.087774284,-0.046153804,0.091045902,-0.020512786,-0.038095203,-0.035369742,0.06382983,-0.057851281,-0.058536589
0.067446044,-0.096952885,0.052777795,0.083333389,0.052303872,0,0.112903213,0.115172419,0.036649211,0.019801962,0.016666651,-0.107999992,0.039473647,-0.025906712
-0.022746378,0.042944818,-0.076517141,0.025641001,0.007100642,0.003436423,-0.057971046,-0.037105775,0.065656549,0.038835031,-0.090163889,0.09417042,-0.016877622,0.026595719
0.056034448,-0.027941184,0.011428561,-0.050000012,-0.009988253,0.428082181,0,-0.035966569,0.045023754,-0.046729037,0.009008957,-0.016393427,0.02145931,-0.077720197
0.004897993,-0.14674739,-0.002824856,-0.026315765,-0.00949554,0.107913621,0.061538497,-0.103930739,-0.045351497,-0.009803912,0.017857126,0.070833263,0.042016765,0.08988769
0.083671787,-0.09219858,-0.01983001,0,-0.026363123,0.136363665,0.057971046,0.069888517,0.152019026,0.019801962,0.042105308,-0.009727571,0.040322542,0.020618536
0.013493276,0.12500007,-0.083815017,-0.054054066,0.058461585,0.321904773,0.061643775,-0.026407235,-0.041237134,0,-0.010101,-0.049115912,0.06976747,-0.055555562
-0.032544417,-0.020833395,-0.056782354,0.028571401,0.058139532,-0.180115272,0.025806505,0.192005745,-0.012903252,-0.019417458,0.030612215,-0.012396682,-0.068840601,-0.010695177
0.012996948,0.152482297,-0.080267561,0,0.020329611,-0.105448137,0.03144651,0.086826275,0.132897583,0.34653468,0.029702942,0.06694554,0.019455235,0.140540469
0.016603794,0,0.010909081,0.222222281,0.01507812,-0.168958764,0.05487807,-0.064462815,-0.111538405,-0.110294099,-0.025641002,-0.03137252,-0.083969389,-0.071089983
-0.025983695,0.203076949,0.068345345,-0.113636361,0.00530506,-0.177304964,-0.028901775,0.046525379,-0.049783553,-0.0909091,-0.055921078,0.016194316,-0.058333375,-0.122448982
-0.019817091,0.115089524,-0.050505082,0,0.002638482,0.005747121,0.071428576,-0.079909963,-0.013667453,-0.05454551,0.031358939,0.01195218,0.04867252,0.087209287
0.009331251,-0.215596337,-0.007092192,0.076923002,0.010526356,0.185714313,-0.044444403,-0.088073425,-0.076212454,0.019230752,0.010135125,0.003937004,0.008438912,0.032085531
-0.029275745,-0.038011729,-0.057142804,-0.095238066,0,-0.05542169,-0.110465148,0.006036228,-0.050000026,0.023584997,0.040133741,-0.03137252,-0.008368292,-0.067357512
-0.047619076,0.285714306,0.011363625,0,-0.001562536,-0.107142875,-0.006535942,-0.061333338,0,0.003686588,0.028938957,-0.024291475,0.029535939,-0.055555504
0.041666667,0.191489347,0.041198461,0.078947357,-0.046948337,-0.068571431,-0.059210549,-0.100142035,0.052631608,0.092745704,-0.012499988,0.033194988,-0.004098357,-0.070588236
-0.018399963,0.188492027,-0.057553988,-0.097560943,0.004926117,-0.092024526,-0.013986001,0.045777421,0,-0.042016865,0.107594907,-0.036144544,-0.016460889,-0.018987399
0.559902093,0.128547661,-0.068702228,0.027027001,-0.038126402,0.040540501,0.05673762,-0.018867925,-0.02500005,0.052631634,0.014285701,-0.016666749,0.004184096,-0.058064463
0.200104496,0.353550194,0.016393427,-0.026315765,-0.009060014,-0.035714253,0.117449632,0.052307716,-0.00256407,0.029999911,-0.014084494,0.004237284,0.020833313,-0.116438405
-0.0117544,-0.408743161,0.068548417,0,0,-0.033670082,-0.027027002,0.285818696,0.10539848,-0.033171433,-0.065714291,0.012658317,-0.020408143,0.093023262
0.207488939,0.073937173,0.022641487,-0.054054066,0,-0.083623617,0.043209909,0.042637862,0.046511583,0.046025059,0.029051997,0.012499988,0.645833288,-0.049645344
0.164903338,-0.05851982,0.0442804,-0.028571401,0.027999987,-0.091254753,0,-0.139585627,0.022222268,0.019999981,-0.034175337,0,-0.022784848,0.007462679
-0.076730371,0.106032984,-0.014134263,0,0.026681465,-0.016736485,-0.017751532,0.306717439,-0.065217393,-0.027450955,-0.024615361,-0.008230445,0.085492272,-0.05185189
-0.110583456,0.279338765,-0.014336904,-0.058823542,0.00974555,-0.068085044,0,-0.169253227,-0.034883756,0.040322542,0.003154571,-0.029045713,-0.007159955,0.023437478
-0.063310446,0.08656332,-0.025454521,0.062500014,0.018766777,-0.077625604,-0.006024091,-0.02918856,-0.014457789,-0.031007723,0.009433953,0.055555606,-0.052884567,-0.106870223
-0.057003243,0.040428081,0.037313396,-0.029411806,0.042105223,0.148514829,-0.090909078,0.022248999,-0.031784868,-0.004800034,0.009345785,-0.004048579,0.142131963,-0.008547001
0.053108789,0.189714268,-0.007194238,-0.030303002,0.014141449,0.056034534,0.016666651,-0.089411792,-0.007575735,0.000803896,0.015432084,-0.036585427,0.00888888,-0.034482727
-0.101681001,0.805955765,0.01449274,0.03124997,0.041832677,-0.05306127,0.036065618,0.067183524,0.089058514,-0.04257026,-0.0638298,0.143459987,-0.037444951,-0.053571484
0.09539024,-0.22074467,0.024999977,0,0.158699794,-0.008620682,-0.018987399,0.073849835,0.259345726,0.006711423,-0.009740251,-0.007380067,0.00915331,0.047169881
-0.056666692,-0.187713315,0.024390305,0,0.212871283,0.047826146,-0.045161249,-0.007328025,-0.072356172,-0.012500087,-0.029508169,-0.104089206,0.172335659,-0.009009
0.007508837,0.067226909,0.088435369,0.090909078,-0.027891146,0.195020752,0.033783751,-0.015900095,1.140000105,0.012658317,-0.011824353,0.01244812,0.129593823,-0.027272701
-0.084392779,0.129133887,0.009374991,0.083333389,0.070678813,-0.024305614,-0.084967319,-0.053087137,0.177570027,0.01666665,-0.00512816,0.127049154,0.159246542,0.084112065
0.048599444,0.137377914,0.037151667,0.102564125,-0.009803959,0.281138782,0.035714337,-0.011578339,1.460317403,-0.040983664,-0.010309268,0.032727242,-0.004431346,0.120689646
-0.082191747,-0.125689718,-0.104477586,0,-0.075907567,0.086111164,0,0.065351505,0.093548455,-0.059829005,-0.031250052,-0.017605618,-0.246290787,-0.084615307
-0.027860669,-0.128330988,-0.039999962,0.023255791,0.070714269,-0.120204608,0.006896545,-0.064814861,0.292035392,0.015454509,-0.025089582,-0.096774188,-0.045275595,0.008403353
-0.047594691,-0.261464193,-0.072916677,-0.022727251,-0.010006646,-0.232558122,-0.034246623,0.034653433,-0.139269433,-0.024171845,0.018382335,-0.023809501,-0.061855612,-0.025000075
0.025792559,-0.230936851,-0.026217292,0.023255791,0.112533697,-0.060606091,-0.007092192,0.022727338,-0.328912471,0.06422012,0.018050524,-0.040650464,0.0131868,-0.017094001
-0.00890519,-0.388101954,0.038461595,-0.045454609,-0.018473671,0.12903223,0,-0.098830438,-0.14229245,-0.025862045,-0.021276576,0.063559365,0.101952229,-0.026086932
0.040697698,0.835648035,-0.037037089,0.023809616,-0.014501676,-0.075000015,0.021428551,0.033744352,-0.235023084,-0.044247746,0.02898548,-0.00398406,0.051181148,-0.017857126
-0.040121935,0.103404816,0.026923144,-0.069767483,-0.023794622,0.268339844,-0.034965003,-0.008788471,0.060240979,-0.024074094,0.010563371,0.019999981,-0.04868918,-0.0090909
-0.015343863,-0.05142855,-0.022471977,0,-0.005772941,-0.124809764,0.01449274,-0.021532625,-0.306818162,0.015180296,-0.024390222,-0.04705878,0.017716566,-0.009174303
0.072004305,0.027710788,-0.030651313,0.024999976,0.011612923,-0.066086976,-0.042857103,0.092556593,0.04918028,0.009345785,0.026785732,0.004115222,0.063829772,0.00925925
0.015037555,0.008206407,-0.071146272,-0.024390221,0.076211714,-0.011173174,0.022388038,-0.020142077,-0.171875026,1.305555473,0.064347806,-0.028688594,-0.020000024,-0.018348606
0.078518526,0,0.072340461,-0.175000012,0.005333342,0.065913354,-0.058394192,0.041716964,-0.132075409,14.45783194,-0.022875796,-0.016877622,-0.04452686,-0.018691681
0.074175775,-0.066279142,-0.031746002,0,0.043324527,-0.077738528,0.06976747,0.05281485,0.554347741,-0.251753755,0.003344478,0.038626676,0.021359249,0.047619118
-0.080562637,-0.205479411,0,0.606060687,0.014971716,-0.107279687,0.01449274,-0.013230418,-0.244755187,-0.246527731,-0.013333321,-0.024793463,0.085551291,-0.0090909
-0.016689876,-0.023510986,0.07377042,-0.056603808,0.04091292,-0.00214587,0.035714337,0.022346348,0.074074,1.175575918,-0.016891876,0.095339048,-0.03677759,0.009174303
-0.033474734,-0.064205473,0.030534414,0.119999981,-0.013368983,-0.038709742,-0.048275897,0.224590207,0.051724193,0.017157411,0.003436423,0.032882026,-0.045454545,-0.045454609
0.004390251,-0.013722114,-0.033333389,0.017857126,-0.015989163,-0.029082694,-0.02173911,-0.047746528,0.02459014,-0.01759686,0.010273963,-0.044943865,0,0
-0.027197643,0.041739091,-0.049808384,0.017543927,-0.049573203,-0.043778813,0,-0.010309246,-0.080000019,-0.003709576,-0.057627144,0,-0.118095216,0.019047715
-0.028457393,-0.016694476,0.100806451,-0.086206894,0.05476683,-0.084337382,0.0148148,0.054924233,-0.034782576,0.053191489,-0.023381316,-0.003921565,6.053995473,0.05607471
0.092497494,-0.005093333,-0.007326,-0.018867996,0.064285716,-0.059210502,-0.051094929,0.443895744,-0.027027001,-0.011313159,-0.012891289,0.013779562,-0.481628892,0.141592891
0.046095933,-0.097269652,-0.040590455,-0.10384615,0.018585374,-0.057342702,0.030769294,-0.026422086,0.092592501,-0.026563124,0.00373134,0.017475665,0.053160047,0.21705434
-0.018435245,-0.018903574,-0.023076902,0.15665237,0.038520033,-0.008902069,-0.014925359,0.147509546,-0.016949137,-0.05499578,0.018587342,0,-0.090858152,0.101910803
-0.145671109,0.005780295,-0.027559029,0.053803334,0.001952216,-0.146706593,-0.02272734,-0.053700623,-0.043103408,0.052643245,0.018248158,-0.030534323,-0.095003029,0.271676314
