LOB,CLF,WMS,FCX,HASI,CHRD,PRTG,SOBR,INLX,RDFN,SQ,AMRC,DAC,UEC,BLNK,RIOT,AMLI,BEEM,JMIA,TPIC,COOP,HOV,LNW,RICK,LUMO,BACK,FNGR,RVYL,ABAT,PLUG,APPS,ENPH,BE,PENN
-0.008438823,-0.002551034,0.001781188,-0.030303021,0.006365348,0.071651095,0,0.066666667,0,-0.000693613,-0.013003318,0.017694033,-0.022340352,-0.021505356,0.021164001,-0.032786951,0.107843139,-0.030634647,-0.013636315,0.016251417,-0.004910018,-0.070572575,-0.037174722,-0.008806269,-0.022123873,-0.024844737,0.08235293,0,-0.085714265,-0.003086417,0.005471951,-0.001704132,0.019035484,-0.00803363
-0.001595688,-0.003836306,0.005841886,0.003906296,0.004427599,0.052325531,0.136363636,-0.0625,0.142857143,-0.00925501,-0.006825402,0.021312348,0.045701911,-0.010989066,-0.010362685,0.101694924,0.176991183,-0.006771949,-0.016897101,0.005330511,0.011513186,-0.007163305,-0.001158254,-0.011352279,0.004524882,0.025477724,-0.271739126,0,-0.062500004,0.182662511,0.004081661,0.012632261,0.004981315,0.010798256
-0.015450354,0.026957624,-0.011363525,0.015564159,-0.007241735,0.002762494,-0.04,-0.106666667,0,0.002802404,0.032283789,0.023064256,-0.00312184,-0.011111101,0.001570692,0.146153896,0.20300748,-0.004318194,-0.014062524,0.009544024,0.004065056,0.00817692,0.04290679,-0.02196717,-0.045045109,0.07453421,0.194029839,0,0.033333369,-0.002617799,0.013550122,0.011126093,0.013630807,0.009538344
0.010281542,-0.008750016,0.024521,0.009961655,0.010783313,-0.066115703,0,0,-0.125,-0.000465777,0.046601677,0.032206141,-0.014613696,0.022471956,-0.012023002,-0.080536915,0.187500012,-0.003652196,-0.009508707,-0.004201777,-0.000809735,-0.00572514,0.074128986,-0.020418553,0,-0.080924868,0.137500016,0,-0.096774229,0.070866138,-0.010695177,0.033677901,0.035452317,0.014739279
-0.000535703,-0.021437539,0.003490532,-0.016691861,0.001882539,-0.008849619,-0.083333333,0.029850746,0,0.011649581,0.004881684,0.018200748,-0.001059249,-0.010989066,-0.005291,-0.029197052,-0.068421035,0.076746863,-0.055999985,-0.022415573,0.083468373,0.002399196,-0.02415455,0.003647758,0.033018951,-0.006289292,0.021978,0,-0.107142829,-0.007352876,-0.012162183,0.019032263,0.022432063,0.000372448
0.005359176,-0.020618602,-0.004720433,-0.004629758,0.014406614,-0.035714253,-0.045454545,-0.15942029,0,0.006448701,0.000883226,-0.00204285,-0.0127253,0,0.05053193,0.060150317,0.101694868,-0.010638237,-0.030508526,-0.000269715,-0.00074796,0.0387746,-0.026520509,-0.008307201,-0.041095959,0.006329098,0.021505356,0.124999975,0.039999962,0.022222141,-0.010943902,-0.029123143,0.054272549,-0.019731969
0.00053303,0,0.014478242,0.048837263,0.026242819,-0.033950585,-0.133333333,0.034482759,0,0.018306618,0.009854476,-0.010235453,-0.036519989,0,-0.022784848,-0.03546096,0.082051299,-0.040860227,0.08391609,0.049109542,0.030688684,0.054377804,-0.000726497,-0.005759445,-0.061904706,-0.094339621,0,0,0.03846158,-0.009661827,0.034578147,0.003912646,-0.007666998,0.007595927
-0.003196681,0.039473702,0.003690845,-0.020029636,-0.007822018,0,0.263736264,0,0,0.004943848,-0.007136695,0.012926577,0.012263021,-0.011111101,0.051813485,0.044117605,-0.033175353,0.035874405,-0.00967741,0.01208841,-0.049382737,0.071241308,0.010541585,-0.015270982,0.010152274,0.013888853,-0.052631592,-0.111111091,0.259259232,-0.014634133,0.004010723,-0.01916207,0.045253844,0.016961886
0.002672478,-0.012658172,0.004167796,-0.017411105,0.011522226,-0.003194961,-0.173913043,-0.216666667,0,0.071109128,0.032125605,0.005104665,-0.016519661,-0.011235945,0.029556622,-0.014084494,-0.024509781,0.158008666,-0.013029304,0.026175416,-0.024446118,0.063647468,-0.010431619,-0.001604451,0,0.006849298,-0.011111101,0,0.970588263,0.039603923,-0.015978743,-0.001324534,0.029567025,-0.023721253
0.003198181,0.003846081,0.00732402,-0.010015475,0.008093603,-0.025641002,0.157894737,-0.085106383,0,0.011273426,-0.011938658,0.009649498,-0.023516265,0.011363626,0.023923537,0.021428551,-0.005025136,0.085981317,0.2788779,0.007924707,0.047768178,0.013425408,0.014176641,0.000535814,0,-0.013605408,0.011235945,0.124999975,-0.164179127,-0.002380893,0.0338295,0.022214857,-0.048205156,-0.002657543
-0.006376174,0.007662814,0.012603102,0.001556523,-0.001189567,-0.023026294,-0.172727273,-0.069767442,0.142857143,-0.028901688,-0.0020138,-0.005030105,-0.024082598,-0.022471889,-0.042056144,0.020979085,-0.080808094,0.098795161,-0.065806481,0.010319365,0.018684604,0.025359579,-0.026881721,0.004282566,0.025125604,-0.075862051,-0.233333316,-0.111111091,0.035714324,-0.004773265,-0.009162264,0.021732082,0.046336241,-0.010277901
-0.00588235,-0.039290235,0.01268546,-0.046620049,0.025900393,-0.067340083,0.208791209,0.125,0,0.022533961,-0.015422308,0.012133456,-0.105757916,-0.022988484,0.024390221,-0.041095932,-0.065934037,0.030858401,0.157458616,0.019455235,0.0088041,0.039867107,-0.060405135,0.003198228,0.107843153,-0.029850765,0.304347796,0,-0.293103441,0.035971245,0.001320971,-0.00761904,-0.058702337,-0.03153845
0.009682695,0.022427464,0.00378157,0.004074934,-0.002611809,-0.061371869,-0.072727273,-0.111111111,0,0.018295241,0.005562947,-0.008991024,-0.053876573,-0.011764764,-0.023809502,-0.042857103,0.05882356,-0.065947428,-0.029832935,-0.00524803,-0.031272749,0.024849157,0.021952154,0.009032859,-0.097345146,-0.058461507,0,0,-0.219512225,-0.062499993,-0.073878621,0.011516334,0.015317219,0.003177122
0.04954713,-0.038709694,0.009418673,-0.028409009,-0.006400659,-0.046153804,0.176470588,0,0,0.018783217,0.008734873,-0.002520123,0.018055609,-0.011904751,0.03414631,-0.059701523,0.044444367,-0.045062625,0.031980348,0.015827334,-0.015015001,0.083131263,0.007671683,-0.003159493,-0.019607825,-0.005719033,-0.011111101,-0.125000075,0.250000078,-0.029629659,0.029914535,0.014231462,-0.012931023,0.025336476
-0.055329936,-0.009395925,-0.013062962,-0.010860556,0.000878605,-0.032258034,0.25,-0.025,0,0.002003977,0.026699357,0.017685622,-0.046384809,0,-0.037735815,0,-0.010638241,-0.012606454,-0.013110918,-0.02077434,-0.019817091,-0.052766217,-0.020555802,-0.02535646,-0.089999974,-0.022185637,0,0.14285724,-0.1,-0.00763358,-0.009681905,0.019644561,-0.009825344,0.002316582
-0.012358921,-0.020325212,0.005672447,-0.079391917,-0.009655041,-0.070833362,-0.133333333,0,-0.125,-0.013600006,-0.00126506,-0.001489512,-0.064377681,-0.012048182,-0.044117606,-0.015873001,0.048387033,0.067977925,-0.11473428,-0.056894904,-0.001555171,0.00202564,-0.0139914,-0.017344544,-0.060439567,-0.067226932,-0.269662936,0,0.02777775,-0.023076962,-0.020949668,-0.084097857,-0.087100329,-0.020801195
-0.005984867,-0.009681898,-0.003290279,0.036697281,0.018906968,0.031390104,-0.076923077,0,0,0.010543399,0.05277973,-0.001989106,0.027522995,-0.048780514,0,0.056451559,-0.076923006,0.063004824,-0.031377902,0.050613487,-0.003894096,0.056603783,-0.005124204,0.007722275,0.005847948,0.018018087,0.076923098,0,-0.054054109,0.070866138,-0.017118453,0.076460797,0.042270579,0.031077852
-0.024630615,0.004189932,0.004008501,-0.000884929,0.012177681,-0.039130398,-0.041666667,-0.076923077,0,0.002407683,0.018181826,-0.017438983,-0.019345222,0.025641079,-0.008717989,0,0.044444367,0.055623128,-0.08450703,0.008759139,-0.017200959,-0.03698979,0.008320166,0.009852329,-0.040697704,0.061946855,-0.142857094,0,-0.028571403,-0.009803912,-0.020319284,0.009925548,-0.025492499,0.107211044
0.003928247,0,0.004696944,0.002657138,-0.006302175,0.031674177,0.043478261,0,0,-0.025220143,-0.000787883,-0.011663263,-0.083459704,0.012499988,-0.006725303,0.091603061,-0.03723404,-0.062050133,-0.073846157,-0.012783377,0.021479751,-0.007947075,0.007858501,0.021679975,-0.012121201,-0.016666624,0.24999995,0,-0.029411737,-0.012376226,-0.044444473,0.028562662,-0.023781191,0.063749151
-0.022917878,-0.023643907,-0.028283993,-0.019434549,-0.017295927,-0.013157882,-0.041666667,0.083333333,0,-0.000821374,-0.018528201,-0.01539247,-0.071192104,0.024691334,-0.015624985,-0.055944005,0.121546965,-0.009976985,-0.003322256,0.013926208,-0.035825548,-0.146862475,-0.031578927,-0.059416247,0.006134963,-0.06779665,0.066666683,0,-0.060606062,-0.030075219,-0.032558146,-0.058823563,-0.040194875,-0.033689695
0.008009309,0.035612481,0.006735319,0.030630566,0.021120589,-0.00444444,0,0.179487179,0,0.01027538,0.068416126,0.032829554,0.005347575,0.072289161,0.095238068,0.0074074,0.024630592,0.119379846,-0.060000022,0.008433698,0.024232648,-0.089593077,0.081723055,0.006768266,0.01219511,-0.063636375,-0.125000028,-0.125000075,0.064516131,-0.005167954,0.041666705,0.04441617,0.096446728,0.002681861
0.009648111,0.035763467,0.006451624,0.052447558,0.015512817,-0.008928563,0.130434783,0.260869565,0.142857143,0.051261197,0.013784442,0.043390546,0.040780119,-0.022471889,0.202898594,0.014705868,0.076923088,0.102493112,0,0.024611771,0.005520481,0.012892103,-0.017491671,-0.01120468,0.048192798,0.019417488,0.057142889,0.14285724,0.121212125,0.062337728,0.016923097,0.120899258,0.082175927,0.073888301
0.020798218,0.039840589,0.018993329,0.030730923,-0.005657686,0.099099111,0.061538462,-0.051724138,0,-0.017027884,-0.032756508,-0.014023255,0.100511097,-0.011494242,-0.096385546,0.072463786,0.035714224,-0.029397011,-0.010638288,0.026585806,0.018823511,0.045820956,0.05606059,0.03796043,0.005747121,0.009523785,-0.110810833,0,0.243243223,0.009779941,-0.075642964,0.000270957,0.009625582,0.004670035
-0.007158653,-0.015325628,0.082013328,-0.007252228,0.017354035,-0.008196713,0.086956522,0.254545455,0,0.015354382,0.003322711,-0.001961697,-0.097523269,-0.011627896,0.191111141,-0.033783832,0.090517235,0.123479225,-0.019713286,-0.032712372,0.014626677,-0.005679489,0.035868007,-0.017467518,0,-0.056603751,0.139817642,-0.125000075,-0.130434745,0.029055662,-0.004910018,0.040097522,0.014830546,0.081499877
-0.007210162,-0.020752253,-0.014427214,-0.04220776,0.006431811,-0.020661235,-0.1,0,0,-0.026754576,0.004458011,-0.010810871,0.022298522,0.023529389,-0.048507504,0,-0.055335965,0.093317908,-0.049360145,0.05495529,0.045523476,0.017135866,-0.028047074,0.037778183,-0.051428591,0.040000025,-0.066666683,0,0.024999975,0,-0.013157882,-0.008856477,0.028183764,-0.016618963
0.004469222,-0.00927154,0.006554418,0.031355957,0.025562831,-0.059071676,-0.022222222,-0.144927536,0,-0.017131486,0.016611686,0.014903187,-0.03355696,-0.022988484,-0.062745039,0.034965086,0.175732205,0.037934733,0.007692301,0.068566384,0.023947745,0.056959489,-0.014962596,0.016595047,-0.030120454,0.02884608,0.142857179,0.14285724,0.243902396,0.030588262,0.076666673,0.014717513,0.016243639,0.057983732
0.001112414,0.029411725,0.002821856,0.01889891,0.00189632,0,0.060606061,0,0,0.017835449,-0.003617325,0.006852638,0.088541528,0.023529389,-0.046025158,0.135135085,0.035587262,0.035532935,0.07824434,-0.017916679,0.002834866,0.099051183,0.033634731,0.16113747,0.006211174,0.045794433,-0.099999978,-0.375000025,0.313725509,0.006849254,-0.086687297,0.027195007,0.007992,0.013770311
-0.000555643,-0.015584435,0.018830992,0.02177423,0.015954708,-0.031390104,0,0,0,0.015531636,0.001502288,0.055420486,0.116427406,0.057471278,0.021929804,-0.047619004,-0.106529269,-0.101960782,-0.023008869,0.049639376,-0.003533515,0.006560792,0.05808257,0.071655337,-0.024691334,-0.124218055,0.319444375,0.199999968,-0.104477631,0.015873055,0.150847433,0.046394356,0.036669958,0.012224856
0.002779223,0.007915609,0.023157086,-0.004735679,0.001863225,-0.00925925,0,-0.237288136,0,0.180784338,0.012374973,0.013357942,-0.01285717,0.021739109,-0.008583683,0.006249994,-0.065384578,0.064410498,-0.0344203,-0.005254614,0.002127641,-0.015780415,-0.03406087,0.068980236,0.056961969,0.030612232,0.31578949,0.166666645,-0.133333342,-0.004464281,0.033873346,-0.003855418,-0.077437898,0.027375215
-0.001108608,-0.032722527,0.011420331,-0.029341741,-0.025504919,-0.014018789,0.071428571,-0.111111111,0,0.037196908,0.010742101,-0.020000024,-0.008683039,-0.053191502,0.155844218,0.018633522,0.053497989,-0.001025665,0.106941872,-0.000812696,-0.013446605,-0.038340898,-0.013351571,-0.0023754,-0.065868274,-0.034653441,0,-0.142857127,0.153846166,-0.008968601,-0.035612536,-0.006047412,0.108808314,-0.036833853
0.001109839,0.010825431,0.021350854,-0.017973781,0.016357625,-0.004739332,-0.066666667,-0.175,0,-0.01056676,0.006840918,0.02411876,-0.026277356,-0.022471889,0.101123585,-0.085365846,-0.039062519,0.052361421,-0.030508526,-0.00772674,0.035150699,0.044581353,0.019777922,-0.005555517,0.012820577,-0.042051266,-0.007999992,0,0.783333402,0.097285027,-0.017725242,-0.022389924,0.094392546,0.001356095
0.004989163,0.01740294,0.023517415,0.006655451,0.015826208,0.038095317,-0.107142857,0,0,0.015857598,0.034214993,0.030344206,0.03298352,0,0.07482994,0,0.008130037,-0.035121918,0.013986085,0.065573787,0,0.093684968,-0.179993165,0.012370363,0,-0.079229164,-0.153225851,0.166666645,-0.1588785,0.179381423,0.031578953,0.424446199,0.203245099,0.004875415
0.004412313,-0.053947367,-0.003338506,-0.001652842,0.006865588,0,0,0,0.125,0.02612296,0.005396517,0.036043943,-0.024673452,0,-0.012658291,-0.053333362,0.088709738,0.044489339,0.068965449,0.048461547,-0.006237017,-0.031091356,-0.015767679,0.016949029,-0.006329108,0.011627952,-0.190476131,0,-0.288888917,-0.036713211,0.007288588,0.026564146,-0.09723207,0.028840963
-0.01647441,-0.013908145,-0.016748595,-0.01158945,0.028324218,-0.045871624,-0.04,0.212121212,0,0.006830215,-0.025787622,0.053457796,-0.043154787,-0.034482794,-0.035256378,-0.007042247,0.085185189,0.000968076,-0.051612856,-0.047322117,0.013946988,-0.002292128,0.001264784,-0.010852639,0.019108261,0.039080477,0.117647013,0.14285724,0.046875018,0.010889281,-0.015918909,0.005958435,-0.073899412,-0.009431407
-0.026286223,-0.04936539,-0.033266685,-0.058626457,-0.020402879,-0.096153815,0.166666667,0.25,-0.111111111,-0.024668552,-0.039286128,-0.053966982,-0.015552099,-0.071428576,-0.049833919,-0.056737536,-0.068259419,-0.051160568,-0.061224511,-0.03581049,-0.061210478,-0.028224441,-0.039157908,0.041927863,-0.02500005,-0.061946912,0,0,-0.134328349,-0.066427352,-0.052941195,-0.064816413,-0.001697751,-0.049457886
-0.035611602,-0.04154296,-0.055348202,-0.045373742,-0.006508802,-0.058510646,0,0,0,-0.059437218,-0.039396535,0.005534315,-0.071089965,-0.064102505,0,-0.052631617,-0.117216136,-0.091835698,-0.277173909,-0.036341922,-0.018315019,-0.123606882,-0.085013171,-0.048138418,-0.057692255,0.00235847,-0.021052612,0,0.017241363,-0.071153827,-0.076086994,-0.078899691,-0.085884372,-0.10767944
-0.007742707,-0.017027916,-0.001097212,-0.025163049,-0.017557627,-0.067796614,0,-0.1,0,-0.016470581,-0.005970236,-0.001270139,0.003401293,-0.013698617,-0.094405591,-0.011904751,0.016597544,-0.081930365,0.020050166,-0.004558587,0.008209001,0.013487417,-0.076149344,-0.012643192,-0.054421797,0.035294103,-0.3010753,-0.125000075,-0.016949137,-0.016563131,0.033613495,0.019056923,-0.000930254,-0.075148109
-0.034814052,-0.097637779,-0.050087788,-0.063097347,-0.06134989,-0.109090879,-0.071428571,0,-0.5,-0.053656859,0.035513792,-0.046206026,-0.111864447,-0.055555583,-0.088803099,-0.012048181,-0.089795916,0.079462053,0.019656,-0.027060766,-0.059955618,-0.033460045,-0.01762572,-0.156862742,0.057553988,-0.036363602,0.030769294,0,-0.172413765,-0.149473692,-0.061788636,-0.059957599,-0.14618247,-0.034052604
-0.04415425,0.013961595,-0.029895683,0.016326327,-0.03523713,0.115646227,-0.038461538,0,1.75,-0.022751934,0.050687232,0.001777818,-0.038167844,-0.117647033,-0.038135559,-0.073170758,-0.170403595,0.064552627,-0.009638545,0.015832217,0.01023623,-0.026357202,-0.037467069,-0.043663898,-0.068027226,0.167452836,0.119402957,-0.142857127,0.041666625,0.074257474,0.062391704,0.004306868,-0.010905167,0.032111696
0.02797657,0.018932933,0.043716874,0.054216962,0.08011768,-0.06707318,0.04,-0.111111111,-0.181818182,0.057649719,-0.03192132,0.020408122,0.009920731,0.0333333,0.096916313,0.035087686,0.081081083,0.037234085,-0.02919711,-0.023167618,0.0444271,-0.005656541,-0.025767507,0.08982616,-0.014598526,-0.131313179,-0.013333321,0,-0.039999962,0.00460829,0.021207196,0.049622223,-0.022050696,-0.045654393
-0.025949401,-0.062499959,0.005264487,-0.040952418,-0.005181194,-0.058823474,0.076923077,0,0,0.014325641,-0.022685036,-0.02173913,0.029469348,0.032258034,-0.032128483,-0.033898274,0.249999981,0.046153827,-0.037594009,0.003018529,-0.03955222,0.040633888,-0.028700068,-0.034608455,0.059259202,-0.069767414,0.270270251,0,0.062499938,0.034403691,-0.067092661,0.018871544,0.047350629,-0.076895823
-0.005198074,0.030630484,0.063752331,0.037735849,0.031524225,-0.083333333,-0.071428571,0,0,0.023079575,0.005327319,0.029333327,0.062977172,0.12500007,-0.004149373,0.021929804,0.116000056,-0.019607825,0.046875018,0.044711909,0.01942502,0.04139006,0.012746194,-0.001414974,0.069930089,0.050000032,-0.074468078,0,0.274509859,0.05543237,0.184931489,0.021004436,0.086114122,0
-0.06923585,-0.045454449,-0.044734671,-0.044019182,-0.039596322,-0.037878841,0.153846154,0,0,-0.029966373,-0.037093141,-0.027202036,-0.087971301,-0.069444458,0.04999995,0.098712458,-0.032258075,0.2,-0.012437799,-0.059670737,-0.068597532,-0.075740549,-0.101830651,-0.116202229,-0.045751591,-0.100000015,-0.137931039,0,-0.123076925,-0.046218541,0.031791877,0.060220635,0.010901849,-0.122840651
-0.045613995,-0.051282142,0.002016557,-0.056055993,-0.008577518,-0.322834624,-0.08,0.125,-0.111111111,-0.083651506,-0.042321847,-0.046160714,-0.011810984,-0.104477599,-0.011904751,-0.007812493,-0.051851844,0.017500003,-0.06801007,-0.056455181,-0.064648113,-0.059229173,-0.089171951,-0.063067712,-0.054794549,-0.019841303,0,0,-0.052631597,-0.046255515,-0.061624659,-0.064208846,-0.100980368,0.046389473
-0.15147065,-0.10231654,-0.024821133,-0.127253454,-0.105219177,-0.616279061,-0.130434783,0,0,-0.12840907,-0.100697679,-0.035830641,-0.115537718,-0.1,-0.084337364,-0.149606253,-0.140625045,-0.199017223,-0.148648634,-0.183209599,-0.143482091,-0.202673594,-0.225174841,-0.161235062,-0.108695635,-0.15384616,-0.333333333,0,-0.055555576,-0.092378721,-0.083582083,-0.182280835,-0.07197381,-0.145545779
0.04506077,0.036559176,0.013987855,0.093560108,0.043668145,0.242424182,0,0,-0.125,0.031725317,0.022972683,-0.059845551,0.12387373,0.074074,0.030701725,-0.00925925,-0.04545457,0.041922276,0.015873,0.045428689,0.041879453,-0.084910747,0.060469321,0.068847932,0.186991883,0.084529516,0.600000024,-0.5,0,0.053435063,0.032573337,0.050945114,0.054054057,0.127263844
-0.06467665,-0.068464837,-0.07327018,-0.097777696,-0.073520728,-0.048780514,-0.083333333,-0.088888889,0.142857143,-0.085088478,-0.071386071,-0.045174496,-0.092184317,-0.120689646,-0.097872353,-0.056074822,0.014285744,-0.142787045,-0.106250046,-0.073329733,-0.100980368,-0.24290778,-0.062127621,-0.155612252,-0.171232872,0.205882394,-0.062500014,0.333333422,0.039215728,-0.086956499,-0.072555209,-0.084667703,-0.147157205,-0.139817678
-0.068262436,-0.095768346,-0.168618873,-0.116995125,-0.166451607,-0.051282004,-0.090909091,0,0.25,-0.203499089,-0.14205636,-0.139247317,-0.103752761,-0.254901956,-0.160377327,-0.279207929,-0.244131461,-0.10246131,-0.125874094,-0.141266115,-0.128680512,-0.202966456,-0.260435637,-0.16842895,-0.049586827,-0.204878083,0,0,-0.150943399,-0.134920633,-0.224489821,-0.208722722,-0.151634027,-0.221100418
0.033301581,0.199507375,0.081009788,0.050209289,-0.038312597,1.702702668,0.25,0,0,-0.009248547,0.078402105,0.011242992,0.064039469,0.36842102,0.073033706,-0.010988952,0.161490734,0.052295898,0.131999969,-0.045051185,0.0112641,-0.030362431,0.071165638,0.009082601,-0.008695644,-0.018404842,0,0,-0.06666669,0.033639185,0.046052641,-0.004845543,-0.05701077,0.00259235
-0.174033086,-0.182751468,-0.18408914,-0.171314823,-0.206841036,-0.580000013,-0.12,0.097560976,0,-0.198366379,-0.285615369,-0.121062441,-0.243055722,-0.115384567,-0.183246089,-0.086111158,-0.310160488,-0.151515152,-0.091872791,-0.195139356,-0.279702942,-0.292929266,-0.195876249,-0.213321316,-0.18421051,-0.151562486,-0.199999968,-0.25000005,-0.119047601,-0.183431983,-0.203354305,-0.16463785,-0.132352934,-0.447963813
0.095875108,0.03517582,0.009650654,0.038461604,-0.00304417,0,-0.090909091,0,0,-0.003639024,0.083838116,0.270555201,0.11009183,0.304347854,0.032051329,0.136778168,0.08527138,0.065714291,0.042801609,0.018650092,0.123711301,0.011428561,-0.159544144,-0.075514843,0.096774165,-0.044198967,-0.1666667,0.333333422,0,0.188405791,0.12368422,0.066666662,-0.231638424,-0.141686188
-0.178026542,-0.242718437,-0.167435764,-0.180555553,-0.161832135,-0.166666655,0,0.311111111,0,-0.245434606,-0.116923756,-0.05254429,-0.11294766,-0.20000005,-0.186335446,-0.131016105,-0.285714278,-0.148793583,-0.108208938,-0.160418493,-0.111620799,-0.192090416,-0.306779646,-0.105198016,-0.127450978,-0.094412289,-0.254000008,-0.25000005,-0.189189221,-0.137195138,-0.126463692,-0.180669426,-0.247549022,-0.383356067
0.113861481,0.089743598,0.11005554,0.080979175,0.109896977,0.22857147,0,-0.237288136,-0.2,0.165537275,0.012658228,-0.050788031,0.009316739,0.187500012,0.091603061,0.081538515,0.420000025,0.088188969,0.083681925,0.170301176,0.170395914,0.323426652,0.151589208,0.228215799,8.842697045,0,0.581769384,0,0.333333422,0.102473488,0.142091208,0.09420593,0.423452762,0.347345172
0.012222197,-0.061764675,-0.077746106,-0.038327537,-0.044310704,-0.046511652,-0.1,0,-0.98,-0.036544816,-0.047749996,0.004305024,-0.144615404,0,-0.013986001,0.002844914,0.197183072,-0.014471767,-0.1003861,-0.023070117,-0.088235348,0.033025098,0.407643325,-0.051801895,-0.187214646,-0.027659598,-0.525423706,0,0,0.064102582,-0.082159654,-0.00952381,-0.066361549,0.295566448
-0.018660889,-0.0376176,-0.087780423,-0.023550708,0.054951175,-0.073170735,-0.055555556,0,0,0.031034452,0.050406883,-0.069810187,0.017985611,-0.14035085,0,-0.051063765,-0.258823525,0.046989747,0.034334835,0,-0.112903199,-0.116368325,0.11312217,-0.013064071,0.060393302,-0.037199141,0.607142808,0,-0.05000005,0.030120526,0.005115085,0.058076932,-0.046568584,0.242078626
0.140939629,0.149837137,0.102162044,0.296846107,0.115029828,0,0,0,0,0.35451511,0.157460718,0.094799185,0.194346366,0.163265269,0.09219858,0.192825027,0.238095244,0.086956504,0.211618246,0.340599448,0.109090892,0.384949335,0.222222265,0.200962676,0.05165561,10.25000016,0.133333342,0.333333422,0,0.090643256,0.086513972,0.24827335,0.444730009,0.347959161
0.023529492,0.059490125,0.081538471,0.037195964,-0.008272455,-0.026315765,0.058823529,0,0,0.120987592,0.131289092,-0.003006569,0.047337287,0.017543843,0.097402662,-0.031328292,0.070512771,0.032258065,0.047945159,-0.012195142,0.139344249,0.174503671,0.152993247,0.1733468,0.031486086,-0.549494939,-0.411764672,-0.25000005,-0.026315765,0.029490588,0.021077319,0.071927816,-0.051601418,0.102195335
0.181034504,0.040106968,0.095305733,-0.035862041,0.021589872,-0.081081083,0.111111111,-0.222222222,0,0.034691689,0.069478897,0.05186976,0.175141179,-0.017241363,0.130177457,0.055627403,-0.095808401,0.029999971,0.071895436,-0.020576145,0.156834559,-0.079181442,0.018269283,-0.01964149,0.037851091,-0.013452937,0.699999901,0.333333422,0.027027001,-0.007812493,0,-0.018473249,0.046904316,-0.089285725
0.143552255,-0.023136306,-0.102597469,-0.113018601,-0.043227693,-0.117647033,0,0,0,-0.143693488,-0.048009971,-0.150802754,-0.057692233,-0.105263163,-0.010471194,-0.033088248,-0.059602575,-0.007281489,-0.064024402,-0.014005589,-0.159203948,-0.071497652,-0.212464586,-0.075784026,0.02705877,-0.104545478,0,-0.5,0,-0.023622025,-0.029816539,-0.10379186,-0.066308224,-0.112368005
-0.103545991,-0.042105231,0.027858213,0.006451572,0.034638584,0,-0.1,0,0,-0.00807956,0.031121107,0.141796041,0.040816333,0.03921565,-0.068783067,0.003802308,0.105633804,-0.034229853,0.01628663,0.031250038,0.071005847,-0.136316286,0.065947264,0.001885112,0.013745801,-0.167512656,0,1.499999901,-0.078947399,-0.037634437,-0.011820376,-0.011735672,0.023032607,-0.009345846
-0.013449496,0.085164817,0.036254872,0.081730831,-0.009703989,0.1666666,0.011111111,0,0,-0.033834584,-0.047636344,0.007096442,-0.019607876,0.056603835,-0.017045438,0.051767688,-0.012738879,-0.039240499,-0.064102505,0.017906286,0.012430961,-0.007228966,0.091113547,-0.062088314,-0.039548064,0.231707267,-0.411764672,-0.199999968,0.028571516,-0.011173174,0.031100507,0.009062529,-0.018761708,0.084905642
-0.149959826,-0.0379747,-0.063518999,-0.065185268,-0.110114646,-0.171428581,-0.010989011,0,0,-0.124513623,-0.106338289,-0.063417547,-0.042500019,0.017857126,-0.05202314,-0.072028814,-0.038709659,-0.032938076,-0.065068511,-0.121786213,-0.060027294,-0.154126216,-0.136082445,-0.132397316,-0.074117661,-0.163366303,0.54333327,0.24999995,0.111111111,-0.064971758,-0.055684402,-0.07804275,-0.147227529,-0.198418921
0.076414996,0,-0.028291613,0.012678361,0.004479174,0.172413839,0,0,0,0.001481515,-0.019867556,0.068965482,-0.083550931,-0.017543843,-0.01219511,0.009055588,-0.060402705,-0.051771132,0.032967001,-0.00847455,-0.017416529,-0.051649881,-0.132458248,-0.008092518,-0.013977085,-0.065088741,0.10151186,-0.199999968,-0.025000075,0.027190379,-0.046683059,0.005038617,0.112107622,-0.091716003
-0.050832544,0.005347588,-0.01829039,-0.010954585,-0.047380063,0.117647033,0,0,0,-0.011834378,-0.047079333,-0.082697886,-0.065527032,-0.017857126,-0.049382742,0.153846166,-0.057142866,0.022988484,-0.085106388,0.034188076,-0.200886283,-0.025718619,-0.192572228,-0.043123717,0.002577317,-0.094936706,-0.411764672,0,-0.051282004,-0.014705938,-0.012886647,-0.04110961,-0.034274209,0.06080352
0.051708213,0.077127713,0.12965769,0.137658147,0.153890978,-0.105263137,0.1,0,0,0.220059854,0.153247867,0.109335038,0.073170633,0.072727202,0.051948081,0.216666731,-0.053030298,0.044943845,0.135658974,0.086401171,0.083179353,0.161490676,0.275979543,0.077954043,0.132390769,0.013985978,0,0,-0.027027001,0.101492586,0.088772888,0.186824629,0.093945681,0.128966143
-0.014047457,0.012345608,0.035341782,0.055632806,0.024847927,-0.088235297,-0.04040404,-0.028571429,0,0.015337424,-0.00218161,-0.050144139,0.048295551,0.084745787,0.055555576,-0.068493192,0.120000005,-0.084677434,-0.044368639,0.040110645,0.018771272,0.021390354,-0.022696876,-0.023728906,-0.051078404,-0.027586224,0,0,0.0555555,-0.010840098,-0.007194295,0.02907494,-0.028625883,0
0.036509399,0.058536647,0.035760609,0.057971093,0.10094025,0.032258034,0,0.176470588,25.87500179,0.042296121,0.133770609,0.043689396,0.059620682,0.015624985,0.052631528,0.049019679,-0.064285738,-0.063142413,0.085714291,0.053191502,0.19933,0.24607338,0.209016417,0.135416764,0.034688992,-0.035460994,0.6333333,-0.25000005,-0.026315765,0.046575297,0.070048302,0.082477149,0.151277005,0.168631066
0.138316211,0.064516065,0.128374242,0.019925153,0.106067344,0.062500035,0.042105263,0.05,0.395348775,0.073623215,0.038043446,0.028488358,0.127877212,0.015384693,0,-0.037383251,0.236641251,0.02664578,-0.06250002,0.035984829,0.164804515,0.100840235,0.033898217,0.055045989,0.009248547,0.154411749,-0.281632671,1,0,0,0.106094873,0.003427394,0.047781523,0.079131069
-0.024905679,-0.038961003,-0.090403359,0.013431076,-0.018691622,-0.029411736,-0.090909091,0,0,-0.033477366,0.003546683,-0.047484462,0.052153941,0,-0.00555555,-0.019417458,0.191358044,0.025954137,0.133333378,-0.129189513,0.032374041,-0.040076254,-0.0109289,-0.128502533,0.05040098,0.133758031,0.107954511,0,0.027027001,0.07853402,-0.014285749,-0.007356873,-0.03257326,0.012221429
0.037151529,-0.038288305,0.070336631,0.002409681,0.055900546,-0.060606091,0.222222222,0.071428571,0,0.080446959,0.050319787,0.027893134,0.05387942,0.196969682,0.011173174,0,-0.082901566,0.026785761,0.083591325,-0.025892224,-0.058072012,0.05467189,0.111602233,0.035476752,0.004362046,-0.028089887,0,0.166666645,0,0.036407791,0.012422349,0.095817969,0.228956249,0.069602308
-0.054477452,-0.110070265,-0.060285964,-0.078124995,-0.057254769,-0.096774197,0,0,0,-0.045501606,-0.016503746,-0.038683608,-0.053169792,-0.012658291,-0.011049714,0.118811887,-0.016949187,-0.024637692,-0.060000011,-0.034482794,-0.04932178,-0.075400496,-0.041749509,-0.031049166,-0.079261726,-0.040462471,-0.446153811,0.285714367,0.157894797,-0.021077319,-0.051124746,-0.043236735,-0.102739723,-0.076361258
-0.018153244,-0.071052627,-0.015506323,-0.011734048,0.044093101,-0.035714252,0.018181818,0,0,-0.082340121,-0.066145345,-0.001801729,-0.025917736,-0.012820501,-0.039106109,0.035398196,-0.022988467,-0.026745888,-0.006079022,0.000744065,-0.035019453,-0.077471987,0,-0.023204509,-0.016509363,-0.018072243,0.527777799,0.222222183,0.02272725,0.074162669,0.021551704,-0.020701835,-0.010687049,-0.038102066
0.097266993,0.050991521,0.111179865,0.100263914,0.068127548,0.037037,0.160714286,0,0,0.083825268,0.065771118,0.055354996,0.08203981,0.077922083,0.034883687,-0.025641002,0.047058831,0.090076284,0.085626903,0.106319727,0.107526842,0.078453041,0.041493735,0.035067793,0.008393249,-0.012269985,0.136363591,1.09090915,0.266666673,0.006681562,0.080168804,0.004382526,0.054012331,0.051569475
0.022710479,-0.067385444,-0.013340872,-0.038369347,-0.002237991,-0.071428609,-0.192307692,0.377777778,0,-0.035403132,-0.000491059,-0.02793624,0.00204914,0.13253014,0.028089928,-0.035087686,0.033707849,-0.033613414,0.10140849,0.008736567,-0.059465993,-0.053278734,-0.038844656,-0.077595623,0.007134414,0.006211164,-0.213333368,-0.391304384,-0.087719352,-0.022123873,0.03515631,0.001283348,-0.004392347,-0.014214628
-0.007163228,0.054913311,-0.045070281,-0.076059877,-0.022430034,0.076923121,-0.076190476,0,0,-0.020327426,-0.059941038,-0.009384156,-0.079754437,-0.074468078,-0.027322443,-0.07272731,-0.065217361,-0.020289835,-0.084399017,-0.000666238,0.094193489,-0.015151449,-0.048704594,-0.021326758,-0.029515938,-0.018518472,0.118644162,0.07142862,-0.192307669,-0.045248933,-0.007547162,-0.089720588,-0.004411795,-0.02162943
0.014430029,0,0.008554408,0.031039167,-0.003059122,0.035714252,0.020618557,0.016129032,0,-0.002305528,0.062020862,0.014801658,-0.004444574,0.126436797,-0.022471889,0.049019679,-0.127906972,0.155325396,0.092178818,0.04399999,-0.005896137,-0.028571453,0.004357294,0.006053059,-0.026764022,-0.025157248,0,-0.066666709,0.190476199,0.026066384,0.019011388,0.07687985,0.17429835,-0.021370668
-0.120910398,0.073972596,0.026616021,0.022251262,0.010356748,1.310344952,-0.04040404,-0.047619048,0.640000025,0.077989626,0.014107622,0.016919541,0.058035665,0.102040839,-0.0034483,0.07476628,0.04666666,-0.048655585,0.035805653,0.019795685,-0.016607395,-0.009049765,0.061822091,0.016847123,0.081249952,-0.032258065,-0.303030318,-0.142857127,-0.080000003,-0.006928345,0.026119377,0.032426721,-0.003773551,0.022590376
0.077669932,-0.028061258,0.028205346,0.085787249,0.004555697,-0.08955224,0.094736842,0,0.219512176,0.031082526,0.003073417,0.005737256,0,0.02777775,-0.002306775,0.086956544,-0.05732486,-0.008075363,0.039506133,-0.006887953,-0.018094043,0.099315053,0.063329917,0.00355031,0.028901735,-0.053333367,0.43478264,-0.083333322,0.02173911,0.023255791,-0.001818223,-0.044326242,0.045454502,0.038291639
0.036036013,0.068241531,0.060958507,0.04363246,0.055933488,-0.131147608,-0.038461538,-0.066666667,0,0.058212103,0.02483472,-0.000570464,0.071729996,-0.009009,-0.023121365,-0.007999992,0.114864895,0.01628221,0.052256482,0.015762986,0.041768942,0.02596054,0.08837657,0.068396271,0.076404532,-0.021126708,-0.348484864,0,0.170212777,0.022727251,0,-0.013782149,0.022946925,0.093616997
-0.02028975,0.034398,0.013058299,0.007909363,0.020400973,0.075471743,0,0.125,-0.224999984,-0.030451907,-0.028324143,0.013698617,-0.05118106,0.0090909,0.017751462,-0.064516163,-0.024242472,-0.050734266,0.029345399,0.060831751,-0.012971658,0.205465558,0.019417499,0.152317948,-0.019832942,0,0.395348869,0,0.054545476,-0.013333321,0.096539204,0.155603361,-0.088547869,0.031776898
0.058431922,0.116389493,0.086620299,0.038116623,0.007014911,0.105263163,0.1,-0.349206349,0.032258084,0.085612997,0.06510116,0.041666653,0.004149397,0.063063002,0,0.043103511,0.012422386,0.042194052,-0.01096485,0.055588107,0.121863856,0.107472691,0.154978349,0.297892675,0.011714553,0.129496346,-0.28333335,-0.090909078,0.034482726,-0.0045045,0.058139519,0.139302365,0.033678787,0.169704638
-0.025157215,-0.068085044,-0.0381969,-0.046436227,-0.02507832,0.111111101,0,0.146341463,-0.031250019,-0.01399912,-0.009578794,-0.023783813,-0.014462828,-0.067796549,-0.017441844,0,0.08588956,0.086369819,-0.026607618,-0.028270521,0.020234246,-0.043214535,-0.054722675,-0.075276763,-0.019999956,-0.07006368,0,-0.199999968,0,-0.054298698,-0.080062757,-0.044090626,-0.038847111,-0.042450343
-0.03799293,-0.045662165,-0.035520432,-0.041902638,-0.052518661,-0.142857094,0,0.170212766,0,-0.087079901,-0.032852309,-0.054263542,-0.073375253,0.036363601,-0.005917224,-0.115702464,-0.011299458,-0.101863373,-0.120728927,-0.074158648,-0.081419597,-0.072900165,-0.114195053,-0.091779704,-0.033297573,0.041095874,-0.069767443,0.124999975,-0.033333302,-0.0622009,-0.081911264,-0.076446758,-0.041721013,-0.127946115
-0.000745168,0.031100507,0.008439732,0.028368729,0.028280495,0.04999995,0.036363636,0.090909091,0,0.028512142,0.010952359,-0.054449667,-0.049773882,-0.017543843,-0.011904751,0.046728925,0.005714297,0.034578147,0.031088116,0.028958794,0.020454471,0.023931601,0.034019706,-0.014059809,0.026666641,0.011842126,-0.099999978,0,-0.06896552,0.043367366,0.009293627,0.016878602,-0.019047601,0.004504485
-0.022371351,0.016241339,0.020796418,0.011494347,0.017968577,-0.047619003,-0.078947368,-0.083333333,0,0.017641148,0.047103217,0.188854564,-0.069047432,0.008928563,-0.006024091,0.026785689,0.022727319,0.03342246,0.010050242,0.00239515,0.003340834,-0.090984912,0.02337658,-0.059714773,0.021645002,0.072821861,0.52777775,0,0.018518501,0.019559883,0.014733039,0.008867653,0.018030529,0.007687373
-0.047292138,-0.022831028,-0.009689486,-0.023863676,0.004322733,-0.0666667,0.095238095,0,0,0.064883578,0.02114254,-0.007291734,-0.033248176,-0.026548647,-0.012121201,0.104347832,0,-0.018111238,0.146766208,-0.003584198,-0.015538328,-0.032139612,-0.060067687,-0.029384001,-0.04025415,0.018181849,0,0,-0.018181801,0,-0.023593486,0.187288744,0.073569476,0.001907227
0.037630221,0.039719531,0.012292967,0.044237487,-0.003945492,-0.035714252,0.095652174,0,0,0.053488354,0.095741621,0.008394536,0.042328116,0.036363601,0.036809854,0.212598413,0.0555555,0.014492708,-0.034707228,0.005995227,0.019165736,0.02656544,0.097209717,0.073242202,0.072847662,0.035714269,0.309090933,0.111111091,0.074074077,0.047961584,0.035315995,0.034358416,-0.003807133,0.153553302
0.047839421,0.083146152,0.014374333,0.026755792,0.072740395,0.111111111,-0.03968254,0.181818182,0,0.081677722,0.019163766,0.021331939,0.139593884,0.078947399,-0.005917224,0.201298747,0,0.022077933,0.026966375,0.116209701,0.068584058,0.134935312,0.078753082,0.089172158,0.044238615,-0.017241408,0.111111084,0,-0.034482794,0.041190002,-0.019748677,0.051202001,0.057324878,0.013751375
-0.050441752,-0.026970977,-0.015392139,-0.02497283,-0.029204558,-0.1333334,0.016528926,-0.061538462,0,0.013469385,-0.01512165,-0.015792128,-0.022271712,-0.02439022,-0.017857126,-0.140540534,0.021052675,0,0.288840185,0.026161227,-0.020703914,-0.037459287,-0.013688164,-0.04427745,0.098522171,-0.011695877,-0.49499999,0,-0.035714253,-0.052747305,0.071428546,0.040153685,0.010843392,0.012479628
-0.067855751,-0.063965925,-0.032258055,-0.034521076,-0.025933499,-0.076923064,0.016260163,0.31147541,0,-0.04309302,0.004138819,-0.013457569,-0.084282469,-0.08333335,0.115151551,0.006289302,0.072164939,0.030495524,-0.112054306,-0.058272579,-0.049682903,-0.032994873,-0.101773371,-0.11101392,-0.070852017,-0.017751509,0.633663374,-0.099999984,-0.018518501,-0.006960495,-0.035897443,-0.005203111,0.022645956,-0.048767409
-0.028286302,-0.077448676,-0.014358947,-0.03114192,-0.056798047,-0.145833322,0.064,0,0,-0.023989886,-0.018880444,-0.057187838,-0.029850766,-0.06363641,-0.059782615,0.181249973,0.124999964,-0.050554854,-0.195028676,-0.027624309,-0.078976647,-0.076115474,-0.066952769,-0.094395457,0.067567643,-0.060240965,0.024242382,0,0.0754717,-0.039719642,-0.023049582,-0.030369482,-0.085081588,-0.068168963
0.019691755,0.009876533,0.004422502,-0.013095184,-0.004516413,-0.024390221,-0.060150376,0,-0.010752729,0.023285856,0.059764141,0.00445186,-0.038461534,0,-0.034682116,0.2063492,0.162393239,0.038961065,-0.019002357,0.015340935,0.015700497,0.029356009,-0.00551973,-0.007600257,-0.014466618,-0.01282048,-0.230769258,-0.111111091,0,-0.012165496,0.0235934,-0.008526217,0.022929915,0.0713421
0.014273778,0.002444927,0.002849013,0.022918947,0.036294921,0.099999978,0.104,-0.3125,-0.04347822,0.021491793,0.026342778,0.040443295,0.015999946,0.009708729,0,-0.08771932,0.058823426,0.008749962,-0.026634414,0.005036275,0.096313964,0.024839049,0.08695648,0.01859953,0.036697301,0.077922044,-0.038461503,0.124999975,0.017543843,0.004926104,-0.030141858,0.024570052,0,0.09198652
0.079470225,0.07317078,0.045712797,0.082547401,0.107624999,0.318181787,-0.02173913,0.090909091,0,0.068069292,-0.045228069,0.067625053,0.08398965,0.048076994,0.005988018,0.052884682,0.069444485,0.048327182,-0.00497512,0.111915386,0.05314531,0.172351887,0.096170223,0.238453282,0.042477835,-0.024698786,0.24000001,0,0,0.022058861,0.043875733,0.103460038,0.038605284,0.149870778
-0.042944854,0.04772728,-0.013089666,-0.004357166,-0.021739194,-0.08620692,0.014814815,0,0,0.011973788,0.034190302,-0.012967498,0,0.009174303,-0.011904751,0.018264822,-0.116883064,0.011820376,0.080000043,0.028042133,-0.014418161,0.016845276,0.03804346,0.110147373,0.179117204,-0.011735633,-0.16129036,-0.111111091,-0.051724157,0,-0.003502624,0.040670643,-0.008393249,0.066516833
0.048878265,0.015184315,0.050300347,-0.002188327,-0.015488176,0.037735928,0.04379562,-0.083333333,0,0.049236602,0.035205059,0.029307726,0.009685157,0.027272701,0.006024091,0.134529125,0.040441092,0.086448567,0.062499993,0.004870846,0.066875691,-0.021837347,0.080777856,0.077343833,-0.02591797,0.043749968,0.211538497,0,0,0.011990339,0.019332185,-0.042810303,-0.032648179,0.12979351
-0.003055741,0.006410301,0.000952948,-0.024122813,0.010943782,-0.05454551,-0.020979021,0,0,0.000363777,-0.006704084,0.006872822,-0.002398152,-0.026548647,-0.011976037,-0.079051403,0.042402809,-0.036559155,0.063180817,0.005332071,0.000979454,-0.010007707,-0.005536327,-0.042784724,-0.002217275,-0.03592813,-0.174603199,0.124999975,0.018181801,-0.011848274,0.006896545,-0.066074458,-0.008750021,0.105930631
0.005376263,-0.006369471,0.070221424,-0.017977631,-0.003382868,-0.019230752,-0.035714286,0,0,0.071999983,0,0.020965397,-0.007211396,0,0.012121201,-0.038626574,-0.027118599,0.011160757,-0.038934437,-0.01108966,-0.03228962,0.054432409,-0.004175328,0.014393997,0.044444473,0.006211164,0.076923121,-0.111111091,0,-0.014388475,-0.003424654,-0.058568365,-0.001261003,0.024620558
0.051184154,0.061965806,-0.01000895,0.059496638,0.009504453,0.03921565,0.037037037,0,0,0.008819547,-0.008589974,0.021489916,-0.012106594,-0.036363709,0.005988018,-0.129464268,0.073170724,-0.023178811,0.004264388,0.025841086,0.108190056,0.100294957,0.044025097,0.083644482,0.039716273,0.006172902,0.253571462,0,-0.071428576,0.026763906,0.049828171,0.035625704,0.029040346,-0.035878811
0.051598773,0.094567462,0.011682851,0.00323985,0.012104951,-0.037735815,-0.071428571,0.109090909,0,0.010423654,0.002846834,0.007012694,0.080882376,0.009434066,0.000595266,0.087179402,0.032467502,-0.016949216,-0.016985122,0.014733814,0.096715366,0.14611262,0.099732314,0.090971774,0.009549819,-0.024539892,-0.088319137,-0.125000075,0.019230828,0.026066384,0.022913235,-0.009755257,0.02331295,0.105838115
-0.033863119,-0.051470626,-0.004219378,-0.021528595,-0.003322311,-0.058823533,-0.038461538,0.31147541,0,-0.022961685,-0.017279609,-0.00835656,-0.036281239,-0.028037466,-0.01249258,0.042452904,0.081761081,-0.057471266,-0.060475206,-0.027166272,-0.059900186,-0.063742698,-0.037127243,-0.083386001,-0.020270283,-0.025157248,0.250000047,0,0.094339606,-0.018475733,-0.030400009,-0.035603203,-0.032374155,-0.025007702
-0.031473577,0.011627896,-0.009161987,-0.002200153,-0.032999964,-0.041666628,0.016,-0.2625,-0.045454609,0.021457737,0.018337089,0.004681576,-0.051764665,0.009615376,0.018072344,-0.031674177,0.104651111,-0.026829243,0.032183878,-0.000962949,-0.013274387,0.021236736,-0.005689011,-0.001378365,-0.040689666,-0.006451596,0.124999953,0.14285724,-0.017241363,-0.009411756,0.059405963,0.042831531,-0.004956625,0.038948748
0.021418143,0.019157162,0.018944465,0.02976841,0.05239569,0.086956502,-0.05511811,0,-0.107142817,-0.013671219,0.020226928,0.046132419,0.004962803,-0.028571403,0.047337231,0.060747603,0.100000047,0.028822057,0.097995563,0.017349427,0.010762407,-0.00856277,0.02987929,-0.003450736,-0.030194111,-0.019480552,0,-0.125000075,0.087719282,0.016627119,0.031152618,0.025605804,0.046077198,0.010362699
-0.005061522,0.052631527,0.011066881,0.043897221,-0.050114634,0.059999943,-0.016666667,0,0,0.052062235,0.063829772,-0.009799609,0.004938295,0,0.005649712,0.105726877,-0.105263154,-0.003654048,0.020284054,0.004737019,0.044365571,0.07896365,0.002469074,-0.013850339,0.01334324,0.019867584,0.133333342,-0.142857127,0.080645148,-0.030373857,0.036253815,-0.04574396,-0.049999955,-0.057616943
0.047965147,0.035714337,0.027583024,0.040000067,0.049310351,0.075471743,-0.06779661,-0.050847458,0,0.046593792,0.04511365,0.006747621,0.066339137,-0.019607825,0.061797762,-0.0398406,-0.064171171,-0.015892434,0.123260409,0.012729867,0.012744232,-0.007432771,0.148399007,0.109550593,0.023408902,0.032467532,-0.117647066,-0.166666645,0.313432894,0.004819272,0.319241985,-0.063740141,-0.026315794,0.047055036
0.047850129,0.02241373,0.009160767,0.005917074,-0.034176756,-0.017543843,-0.99,0.017857143,0.066666667,0.027018762,-0.04621072,-0.003127779,0.011520621,0.019999981,0.145502634,0.091286316,-0.057142804,0.012422289,0.053097294,0.032355666,0.007550348,0.274769492,0.014477237,0.044936826,-0.014295912,0,-0.244444416,0,-0.045454591,0.199040745,-0.046408847,-0.031507883,0.029601032,0.142464078
0.119126477,0.09274877,0.032087759,0.064705898,0.026879814,1.249999973,80.81818004,0.192982456,0,0.040956619,0.025193788,0.056476928,-0.002277859,0.029411737,0.016166322,-0.011406923,0.033333264,0.035582819,0.137815159,0.00969561,0.026644437,0.166290124,0.040697698,0.061780743,-0.00290065,0.069182373,0.323529363,0,0.273809549,-0.023999977,0.104287324,0.057126274,0.017500043,-0.035589993
0.037847437,0.089506161,-0.007568077,0.035911574,0.013253753,0.619047601,0.222222222,-0.969999999,0,0.003733517,-0.003447098,-0.039032672,0.091324182,-0.009523801,0,-0.011538451,0.085044032,-0.050947793,0,0.009379232,0.038929481,0.03448281,0.003555089,0.045636008,-0.014545441,-0.029411765,-0.111111074,-0.199999968,0.205607427,0.081967231,0.102833213,-0.030958026,0.052825471,-0.048279735
-0.019942936,-0.032577907,0.000618453,0.001777809,-0.023217716,-0.230392117,0.068999967,29.88235221,0,-0.031759673,-0.001004284,0.010154505,-0.025104721,0.009615376,-0.05909096,0.019455235,-0.0135135,0.051185997,-0.042836036,-0.005309772,-0.021857976,0.035955021,-0.042004044,-0.032733246,0.107749079,0.315151484,0.17499998,0,0.085271301,-0.034090966,-0.053282627,-0.024952735,-0.019836649,-0.052769609
-0.060465293,-0.035139059,-0.004531515,0.017746287,-0.009039184,-0.229299365,0.020494972,0,0,0.004137098,0.026583323,-0.027972002,-0.0729612,-0.028571403,0.135265691,0.183206122,-0.008219235,-0.036817152,-0.049382742,-0.040925271,-0.043894669,-0.044830072,-0.115161134,-0.127467633,-0.029313826,-0.156681984,0.595744685,0.24999995,-0.014285701,0.109803912,-0.045226112,-0.043233875,0.222619158,-0.033548846
-0.150061894,-0.150227652,-0.098903386,-0.136007027,-0.054729818,-0.190082654,-0.020833333,0,0,-0.056209531,-0.063322893,-0.071492813,-0.097222334,-0.03921565,-0.025531892,-0.29677415,0.005524873,-0.053020943,-0.134740251,-0.04962893,-0.05091817,-0.259651801,-0.189253736,-0.100840302,-0.068634181,-0.169398958,-0.026666641,-0.199999968,-0.144927518,-0.160777363,-0.092631591,-0.034245161,-0.153846232,-0.112738823
0.060793646,0.128571478,0.028243327,0.05852671,0.010364689,0.204081556,-0.063829787,0,0,0.021359569,0.00731798,0.007748177,0.017948741,0.020408143,-0.017467233,0.050458666,0.098901138,0.001302113,0.031894949,0.035627113,0.030782796,0.070552204,0.122238576,0.06038824,-0.037582851,0.032894738,0.616438242,0.24999995,0.093220318,0.065263146,0.088167081,0.020352523,0.011507524,0.064249784
0.032944417,-0.030063299,0.047119292,-0.00190652,0.042094022,-0.008474569,0.090818162,0,0,0.043810029,0.049354229,0.020663158,0.057934352,-0.00999999,0.053333282,0.008733616,0.027500018,-0.00130042,0.041818185,0.029689024,0.118600628,0.138968471,0.028215244,-0.009491563,0.071975463,0.038216627,-0.152542335,0,0.100775285,0.029644288,0.054371026,0.03742545,0.029579093,0.064080932
0.013953469,0.071778148,0.053103114,0.029608331,0.007128306,0.051282106,-0.08334028,0,0,0.023691179,0.041098878,0.061205328,-0.004761811,0.010101,0.016877722,0.017316001,0.143552271,0.028645869,0.006980796,0.038443942,0.026697208,0.106498908,0.006381645,0.071184073,0.118571418,0.085889505,0.059999943,0,-0.014084605,0.046065215,0.053589455,0.04578786,0.006629775,0.005071311
-0.047837445,-0.019786927,-0.022681209,-0.007421193,-0.038422592,-0.073170758,-0.004454931,0.157142892,-0.002499998,-0.009142848,0.024171427,-0.014197054,0.011961721,-0.019999981,0.004149373,-0.034042522,0.053191502,-0.069620276,-0.022530349,-0.024680536,-0.004457683,-0.049261056,0.001902329,0.001280539,-0.010217104,-0.039547995,0.141509532,0,-0.007142794,-0.029357771,-0.01919384,-0.260045448,-0.032930763,0.023651846
0.001376479,-0.080745338,0.034811338,-0.013083986,0.032246814,-0.026315765,0.043835644,0.234567864,0,0.049307932,0.012779531,0.015301537,-0.023640544,-0.020408204,-0.012396682,-0.035242257,0.204040424,-0.053061207,0.021276661,0.014911881,-0.014179074,-0.043443609,0.04050635,0.00767249,0.005806461,-0.094117632,0.066115637,-0.199999968,-0.014388475,0.018903574,-0.010763269,0.171106561,0.031782034,-0.022489204
-0.013745741,-0.054054082,-0.011413714,-0.005681827,-0.009507748,-0.099099111,-0.077865278,-0.053333321,0,0.02555648,-0.002950985,0.018173753,-0.024213129,-0.020833314,0.050209155,-0.036529753,0.107382565,-0.007183935,0.02777775,0.001780985,-0.009841038,-0.028750022,-0.013990355,-0.03997459,0.039127685,-0.00649349,0.201550386,1,-0.131386906,0.016697617,0.026706278,0.021872265,0.037403757,0.012921521
-0.000696806,0.019642881,0.01276079,0.027618941,-0.014398347,-0.00999999,0.020872836,0.042253495,0,0.029206864,0.063686443,0.036569446,-0.017369749,0.053191502,0.151394468,0.189573514,0.069696882,0.005788707,-0.047297332,0.004000007,0.009938847,-0.00943798,0.003084587,0.003304774,0.0296296,0,0.116129079,-0.125000075,-0.058823541,0.016423385,0.0635838,-0.024828763,-0.038176097,-0.022090824
0.006624773,-0.001751354,0.000400149,0.026876725,-0.006260856,-0.030303061,-0.000185842,0,0,0.03319452,0.005085385,0.083998322,-0.030303113,-0.030303061,-0.079584779,0.03585654,0.042492964,0.215827344,0.152482297,-0.006197405,-0.005298993,0.025985291,0.031365327,0.008563882,0.011990339,0.026143723,0.011560682,0,0.017857197,0.154398497,0.020833378,-0.001536429,-0.005512595,0.171492184
-0.051610705,-0.050877188,-0.038184726,-0.046028789,-0.034651765,-0.187500012,-0.001487299,-0.155405395,0,-0.04044348,-0.036945134,0.013173195,-0.026041601,-0.052083285,-0.041353432,-0.088461549,-0.130434804,-0.023076887,-0.135384633,-0.028507852,-0.073059362,-0.035458005,-0.078712022,-0.047681254,-0.00296204,-0.089171913,0.485714231,0,0.017543843,0.177293993,-0.023070117,0.026159564,-0.002217346,-0.093427449
0.040175315,0.016635888,0.011224142,0.048249662,0.032269738,0.076923083,-0.04580151,0,-0.245614039,0.06118692,0.03865981,0.026003836,0.024064155,0.010989,0.066666698,-0.016877622,0.110937564,0.027256139,-0.023131693,0.011921148,0.046798003,-0.037199141,-0.04854369,-0.061728325,-0.015448617,0,0.115384693,0,0.06896552,-0.029062122,0.067211604,-0.018851779,-0.059999996,-0.050329546
-0.070926965,-0.038181825,-0.056320539,-0.026173274,-0.044608225,-0.047619004,0.033170747,0.16,0,-0.039841639,-0.004580986,0.020499413,-0.023498679,-0.065217393,0.110294099,-0.05579394,-0.004219439,0.034198223,-0.051001775,-0.006343425,-0.054117614,-0.054999958,-0.035374116,-0.076754504,0.025347018,-0.041958112,-0.120689701,0,-0.016129017,-0.070748298,0.005106419,-0.010917031,-0.08037823,-0.033123064
0.065381717,0.020793976,0.039860367,0.023169612,0.036396942,0,0.038715755,0,0.063122943,0.014433025,-0.005944417,-0.0025566,0.013368982,0.046511583,0.327814654,-0.027272701,-0.110169504,-0.001140277,0.009596966,0.070679399,0.022388018,0.118807081,0.074047899,0.064924748,-0.020011781,-0.007299252,0.031372613,0,-0.204918028,0.169838925,0.005080395,0.047461403,0.056555276,-0.028384957
0.029443155,0.022222201,0.034771912,0.048007272,0.009577951,-0.062500014,-0.049181851,0,0,0.064786565,0.012152798,0.017209858,-0.015831146,-0.022222202,0.416458729,0.03738314,0.034920659,0.138127855,0.043726147,-0.004684783,0.008921302,0.005588958,0.015101806,0.030483292,-0.009609601,-0.080882336,0.159695749,0,-0.103092846,0.027534452,0.058972183,0.002528955,0.323600944,0.025520491
-0.044796711,-0.02717393,-0.002024345,-0.006914473,0.004267467,0.026666641,-0.020938855,0,0,-0.005010715,0.104440622,0.050755933,-0.021447693,0.022727251,-0.147887271,0.054054002,-0.013803686,-0.070210611,-0.056466294,-0.017116025,-0.03938905,-0.061137253,0.045278125,-0.032467567,-0.020618566,-0.025599976,0.344262285,-0.142857127,0.057471303,0.08038975,0.008751043,0.031322297,-0.036764758,0.044859165
0.013708474,0.005586631,-0.009939107,0.000870463,0.004957357,-0.025974002,0.000976548,0.034482759,0.406249979,0.005995204,-0.021656619,-0.033915716,0.002739739,-0.022222202,0.0909091,-0.021367502,0.020217747,-0.066882504,0.028957548,0.062255131,-0.014225948,0.000910768,0.005569316,-0.01491418,0.004953556,0.001641969,-0.193902404,0.166666645,0.195652161,0.025930158,0.018138765,-0.004076656,-0.012404501,-0.030711362
0.010676151,0.033333301,0.001229163,0.108695689,0.019379939,-0.026666641,-0.009756098,0,0,0.010488644,0.049210705,0.040070891,-0.005464507,0.04545457,0.590908955,0.039301377,0.051829236,0.154913319,0.052532873,-0.00286884,0.005093414,-0.015923585,0.013538419,0.036336084,-0.004312982,0.032786907,-0.152798821,-0.142857127,0.036363674,0.0967032,0.04027889,0.026606615,0.1410628,-0.037180718
-0.010563375,-0.048387094,-0.024350341,-0.001568806,-0.010715529,-0.027397315,-0.01773402,0.163333284,0.022222201,-0.04718094,0.055728311,0.002045669,-0.013736262,-0.010869555,-0.155357129,-0.037815188,0.081159412,0.010010048,0.028520471,-0.027949047,-0.022804092,-0.010633359,-0.017000534,-0.056245384,-0.011138633,0,0.042857188,0,0.14035088,-0.064128198,-0.051377552,0.009569369,-0.038950044,-0.039623918
-0.009608523,-0.030131798,0.017617401,0.007069926,0.051712207,0,-0.007021033,-0.134670472,0,0.032186166,0.061703883,-0.025518885,-0.011142115,0.032967001,0.064129727,0.109170307,0.300268149,0.210109004,0.3656846,0.056659627,0.042350971,0.041588846,0.025324264,0.028637773,0.032540705,-0.03968254,0.027397233,-0.166666645,-0.007692361,0.017130604,0.004709609,0.084715659,0.103964697,0.009440575
-0.038447708,-0.031068024,-0.027617387,0.005460278,-0.016279037,-0.084507048,0.054040389,0.158940426,0,-0.037418988,-0.029696337,-0.027932935,-0.014084506,-0.06382979,-0.006622542,-0.070866169,0.309278292,-0.004914039,0.020304549,-0.035614222,-0.014925398,-0.056078957,0.007228851,-0.103837514,-0.018787846,-0.024793326,-0.119000038,0,-0.085271301,-0.057894757,0.004687458,0.015656301,0.038308101,0.033945255
0.047085205,0.150300608,0.018440041,0.006206397,0.00844298,0.061538497,0.030186886,0,0,-0.074507889,-0.010356259,0.025502841,0.00857147,0.022727251,-0.05600001,-0.012711853,0.364566981,-0.046090492,-0.068407984,-0.006638998,0.013468,0.02804174,0.022727338,-0.052056969,-0.011735672,0.008474554,0.286417041,0,0.016949137,0.039106189,0.027993827,-0.00645278,0.054573407,-0.014070354
0.034261183,-0.013937269,-0.05036416,0.003855081,0.004688537,-0.02898548,-0.055999969,0,0,-0.034194951,-0.073408835,-0.009106772,-0.016997179,-0.022222202,-0.153954825,-0.064377623,-0.232544713,-0.139775657,-0.012015978,0.005430207,-0.009966768,-0.067036473,-0.040350908,-0.015943395,0,0.033613466,0.191176493,-0.199999968,0.058333345,-0.106451586,-0.074130142,-0.056106812,-0.117346981,-0.026503591
0.00069014,0.061837525,0.041420041,0.036866345,0.057333391,0.014925359,-0.039318145,0,-0.343478251,-0.009199833,0.021828877,0.014139258,-0.005763646,0.022727251,-0.018363883,0.03211006,-0.127819602,0.102306868,0.027027001,0.071042834,0.0218121,0.015361718,-0.053016447,-0.038703815,-0.113125026,0.016260121,-0.017283992,0.499999901,-0.023622025,0.040914462,0.034313732,0.06804284,0.080924899,0.017102959
0.049310356,0.001663852,0.030934297,0.002222155,0.053278715,0.088235297,0,0,0,0.048958858,0.007918171,0.001045618,0.002898493,0.011111167,-0.020408143,0.00444444,0.275862122,0.090991813,0.010526306,0.023661702,0.058292284,0.049780404,0.041827579,0.029962433,0.112050754,0.04799998,0.035175846,0.833333355,0,0.045086747,0.021327051,0.037043659,0.34835748,0.180851083
0.029904752,-0.03322256,0.009185595,-0.004434526,-0.031128511,-0.027027001,0.051389909,0,-0.082781457,0.000268298,-0.018412439,0.012186643,-0.005780375,0.043956001,0.029513818,-0.017699098,0.061486459,-0.032527056,0.013020883,-0.005305017,-0.012412785,0.051139022,0.024088905,0,0.013941716,-0.007633569,-0.041262098,0.272727233,-0.008064508,0.00221244,-0.016241302,-0.003623798,-0.033427771,0.015693139
-0.013401384,-0.020618618,-0.009708777,0.00816619,0.030892883,-0.055555583,-0.04887807,-0.285714286,0,0.039957035,0.006502763,0.020295843,-0.008720901,0.042105286,0.089376092,0.0045045,-0.077020964,0.068103443,-0.019280217,0.051428586,0.039277299,-0.019018147,-0.046441466,0.022727306,-0.017499983,0,0.012658216,-0.071428507,0.02439022,-0.007726341,0.004716939,0.027190849,-0.004103148,-0.035765378
-0.012936706,-0.00877188,-0.007761345,-0.011045604,-0.010188942,-0.014705868,0.012924425,0,0,0.041774183,0.063447327,-0.002360071,-0.008797624,0.050505002,-0.021671806,0.013452902,-0.103448338,0.077481841,0.22280469,0.034782575,-0.016628822,-0.008115433,-0.030993087,-0.014222127,0.017811688,0,0.002500057,-0.076923124,-0.071428567,-0.043381468,0.039123631,0.071320173,-0.022366049,-0.003857598
0.041284472,0.042477835,0.009880649,-0.003722967,0.031789344,0.104477599,0.053164557,0,0,-0.020049538,-0.010904288,0.007772881,0.00887571,-0.019230752,-0.034810168,0.017699098,-0.107692301,-0.008239746,-0.040728844,0.010154094,0.00614911,-0.010909081,0.037859004,0.0324615,0.000625014,-0.015384576,-0.004987586,0.166666645,0,0.055813898,-0.033132499,-0.038401045,0.028898225,0.072683904
-0.005034614,-0.016977913,0.015083389,0.017937178,0.016725503,-0.0135135,-0.057692308,0.2,0,0.039403924,0.017245412,-0.03085178,0.005865131,0.009803912,0.140983631,0.017391288,0.178448296,0.005287058,0.157541886,-0.0117851,0.023682159,0.053308816,0.025157209,0.007860472,-0.000624624,0,-0.025062633,0.14285724,0.017094001,-0.014317193,-0.021028073,0.016039335,0.094792213,-0.00222155
0.018975322,-0.006908456,-0.012449728,-0.022026398,-0.010678434,-0.027397315,0.066326531,0,0,0.013122651,-0.048382046,-0.007612433,0.014577258,-0.019417458,0.018678177,-0.021367502,0.024140448,0.150262955,-0.136100376,-0.007015109,-0.005223858,-0.023996476,-0.068711594,0.020797002,-0.038124979,-0.015625059,-0.038560435,0.062499938,-0.016806707,-0.046927384,-0.016706447,-0.00660444,-0.060929954,-0.058168665
-0.010242092,-0.017391288,-0.010980098,-0.015015064,-0.021003479,-0.014084494,-0.013875569,0,0,-0.034780451,-0.012364733,-0.020571832,0.005747083,0,-0.050775758,-0.030567657,-0.024999977,-0.032005272,0.060335193,-0.023313312,-0.009002242,-0.032186017,0.127799769,-0.042444643,-0.012995501,-0.007936488,-0.064171125,0.058823568,-0.068376071,-0.001172248,-0.013754052,-0.032754933,-0.037564022,0.027777737
-0.005957993,0.042477835,0.027343819,0.033536667,0.024135983,-0.028571402,-0.039301338,0.329999951,0,0.080765404,0.035746612,0.020291908,0.028571427,0.079207964,0.049034164,0.189189221,0.032967001,-0.027665307,0.030558479,-0.006509957,0.020439024,0.004157051,0.022196212,0.005319091,-0.025016404,-0.04,-0.04285717,0.111111091,0.064220196,-0.01995306,0.030352818,0.043084654,-0.04080429,-0.05520409
-0.003154492,-0.040746991,-0.015009056,-0.024336394,0.002909591,-0.014705868,-0.005656541,-0.125313288,0,-0.091975163,-0.017813104,-0.017445918,0,-0.055045927,0.028328653,0.049242375,0,-0.108952097,0.041922276,-0.020021815,0.040801202,-0.016099374,-0.014857156,0.01146382,-0.036461846,0.075000021,0.044776149,-0.300000032,0.034482726,-0.034730533,-0.035828085,-0.080199318,-0.075832281,0.010346931
0.102531622,0.028318557,0.013815591,0.005291063,0.014505173,0.074626882,-0.015644056,0,0,0.050645731,0.040806419,0.015625019,-0.011111028,-0.038834915,0.325068813,-0.00722021,0.028368852,0.059190048,0.115799838,-0.037890061,0.029935858,0.220663925,0.07482604,0.104620632,-0.071478656,-0.046511607,0.137142863,0.07142862,0.008333392,0.016128927,0.033856384,0.033024627,-0.14209474,0.127108353
-0.005166428,-0.024096363,-0.004809638,-0.027067643,-0.004003424,-0.055555583,0.021671811,-0.057306593,0,0.035671234,0.004511877,-0.014685317,-0.011236078,0.020202001,0.29833679,-0.07272729,-0.020689717,0.060294094,0.11433599,0.003474909,0.105882336,-0.06396017,-0.01457099,0.040252706,0.057358508,0.016260121,-0.045226147,0.200000021,-0.32231406,-0.026862003,0.067092585,0.000338303,-0.021772919,-0.016301358
-0.018465203,-0.086419796,-0.013290293,-0.001545548,0.005742214,-0.05882356,0.03030303,0.209726521,-0.061371869,-0.032348135,0.005575786,-0.01774308,-0.005681776,-0.039603923,-0.115292202,0.035294178,0,-0.016643535,0.228097895,-0.015775292,0.021902402,-0.046644897,-0.037787542,-0.083459788,0.014989296,0.04799998,0.052631592,0.055555502,0.268292617,-0.032622303,0.038922191,0.020629037,-0.033386334,-0.080413007
0.021164056,0.04440155,0.035918169,0.013931911,0.010562485,0.015624985,-0.058823529,0,-0.015384601,-0.02104377,0.038120883,0.020953754,0.037142897,0.051546341,-0.046153866,0.325757523,0.007042247,0.036671332,0.349614359,0.03362004,0.094917284,0.057939932,0.063745069,-0.003311276,-0.02953587,0.007633569,-0.004999995,-0.052631531,0.019230828,0.188067419,0.072046109,0.014082148,0.123355265,0.066469722
-0.002302739,0.011090563,-0.033293991,-0.011450473,0.02627115,0.046153896,0.021041632,-0.24623117,0,0.016336987,0.015059338,0.092002844,0.269972396,0.019607825,0.080645198,-0.028571401,0.010489584,-0.005442172,-0.224761872,0.050302568,0.013982104,0.02312372,0.00428036,0.048172692,0.010869537,0.196969782,0.005025121,0.166666681,-0.037735887,-0.00327508,0.044354828,0.126449893,0.033674967,0.03656509
0.030582734,0.036563125,0.016710937,0.078764537,0.015138911,0.117647033,-0.024688821,0,0,0.011119239,0.071037061,-0.027867809,-0.06290655,0.009615376,0.106233538,0.179411799,-0.010380695,-0.02667581,0.044226,0.045732821,0.025372367,0.017843012,0.026638252,0.017432739,0.007168486,0.02531639,-0.037500024,0,0.039215728,0.021905784,0.04826261,0.087599727,-0.007790344,0.025922001
0.012877883,-0.019400376,0.063539876,0.042233311,-0.002440358,-0.078947373,-0.002092018,-0.003333321,0,0.037054726,0.05083587,-0.015999985,-0.009259302,-0.019047602,-0.033730173,0.059850314,-0.038461503,-0.052002797,0.005882375,-0.022382972,-0.018289411,0.036229073,0.039439554,0.012460975,0.020640566,-0.166666641,0.024415611,-0.095238153,-0.04716984,0.150053551,0.305708979,-0.048273039,-0.074232687,0.142485056
0.037036963,-0.014388476,0.045985631,-0.04120886,0.039956543,-0.028571402,0.016771472,0.013377939,0,0.007146094,-0.044025966,0.027777767,0.095794327,0,-0.026694029,-0.112941181,-0.026909048,-0.057820589,0.126315778,0.014793945,-0.014794546,-0.03421052,-0.02596108,0.063076889,0.056485318,-0.029629648,0.02434076,-0.052631531,0.069306944,0.051258175,0.062059223,0.020596799,-0.033153454,0.117191047
0.038912754,0.100364998,-0.015495587,0.030086012,0.02561417,0.05882356,0.010309278,0,0,-0.045548133,-0.053525369,0.015161473,0.087419988,-0.029126187,-0.066666661,0.095490752,0.041106088,0.050354079,0.025441317,0.064560939,0.043381574,0.059166933,0.035878977,0.052098548,0.021782174,0,-0.039603923,0,-0.046296326,0.067375908,0.020362952,-0.013728721,0.039074942,-0.073877529
0.002565351,-0.004975159,0.017935646,-0.029207282,-0.0382262,0.02777775,-0.07551022,-0.372937309,0,0.027338114,-0.007822566,-0.00909087,0.007843079,-0.029999971,-0.089511816,-0.123486735,-0.052404848,-0.077153607,-0.171139198,-0.036354736,0.009594899,-0.037486166,0.000494816,0.138239335,-0.03423771,-0.030534371,0,-0.111111091,0,-0.060631191,-0.003036863,-0.063195901,-0.017651539,0.026884032
-0.004605993,-0.001666705,0.06094933,0.000716448,0.061208253,0.040540501,0,0.673684249,0,0.009337104,0.005569651,0.024574049,0.066147991,0.041237073,0.138033802,-0.022099427,-0.166666682,0.036526037,-0.196701347,0.026222284,-0.002111981,0.05001907,0.020771518,0.015105587,0.014715737,-0.031495984,-0.020618598,0.062499938,-0.029126187,-0.060123809,0.050913842,0.05780088,0.032031238,0.067811158
-0.005141353,0,-0.023385847,-0.012884774,-0.040948805,-0.038961003,0,0.003144584,0,0.006938002,0.02999567,0.019827276,-0.034671653,-0.009900981,-0.038830689,0.019773993,-0.08181821,0.018010927,0.045627407,0.095285239,-0.034920628,0.041818168,0.00484498,-0.02023809,0.015820684,-0.008130164,-0.002631576,-0.058823474,-0.029999971,0.068673522,0.038923418,0.051833048,0.090840258,0.072146308
-0.00671833,0.023372345,-0.013014099,-0.000725211,0.005207011,-0.0135135,0.078697627,-0.131661425,0,-0.007349556,-0.008589955,-0.026340551,0.041588012,0.00999999,0.003631408,0.047091435,0.075247501,-0.00307692,-0.020363617,-0.000903148,0.001644775,-0.004188444,-0.01108966,0.02004871,-0.023361432,-0.049180309,-0.044854902,0.124999975,-0.010309268,0.003521124,-0.013551222,-0.022970001,-0.016655085,-0.016307384
0.001040595,0.052202233,0.001758134,0.023222054,0.025382078,-0.013698617,-0.048398682,0.119133604,0,0.013651091,0.074105301,-0.000322007,0.016333882,0.019801962,-0.044776108,0.097883631,0.068139966,-0.031635791,-0.110616236,-0.036456738,-0.020251824,0.20259378,0.003900533,-0.006551553,-0.003322272,-0.017241336,-0.019336999,0.055555502,-0.010416739,0.070175458,0.046464631,0.025970391,0.005645725,0.01695883
-0.020789977,-0.006201545,0.030712499,0.02198583,-0.041929781,-0.041666708,-0.00010755,-0.048387097,0.257812539,-0.003423911,-0.009443878,-0.011275785,-0.032142749,-0.029126187,-0.031250082,-0.026506056,0.043103511,-0.030278893,0.002504231,0.000938048,-0.044692696,-0.031769167,0.0126275,-0.034172728,-0.000666682,-0.026315834,0.011267595,-0.052631531,-0.042105224,0.046721365,0.027027057,0.001332349,0.192982456,0.037661648
0.034501076,0,0.005618932,0.036779965,0.026891618,0,0.016023288,0,0,0.037562973,-0.004435899,0.018572815,-0.014760217,0.039999962,-0.076246312,-0.086633641,0.041322273,0.050123225,-0.064945934,0.002811626,0.033918123,0.013244991,-0.044124703,0.034760966,0.004002696,0,0.125348206,0.111111091,0.032967001,0.068911443,0.042857119,0.004390556,-0.006470624,-0.011737117
0.00667007,-0.001560024,-0.024720718,-0.016064221,0.069062835,-0.057971046,0.005503775,0,0.009316761,0.037969123,0.03650998,-0.011836239,-0.028089976,0.048076994,-0.159788337,0.081300799,0.035714252,-0.040688538,-0.031166469,-0.014018657,-0.026583779,-0.004753412,0.001505207,-0.02399487,0.00664448,0.009008986,-0.212871263,-0.099999984,-0.031914864,0.001465235,0.014419597,-0.031792311,-0.031379443,0.033802344
0.001528876,-0.042187496,-0.007986083,-0.023129204,-0.009846514,-0.076923006,-0.005263158,0,0,0.00893233,-0.004876136,-0.010035593,-0.001926744,-0.036697321,-0.143576808,-0.066416066,-0.080459697,-0.028548155,-0.080882363,-0.005055287,-0.002905243,0.026268689,-0.006512984,0.007990089,0.001320162,-0.026785647,0.084905653,0.055555502,-0.010989,-0.054133121,-0.003553606,0.00068413,0.042787215,-0.017320667
0.017302818,0.030995115,0.004375301,0.013927555,0.015037802,0.0333333,0.111111111,0,0,-0.020236069,-0.021341152,0.019293661,-0.017374364,0.009523801,0.186764628,-0.0255033,-0.137500062,-0.058774124,0.035000038,0.008891734,0.078088588,-0.002036059,0.011094267,0.009755797,-0.013843114,0.009174288,-0.072463767,0.052631614,-0.05555559,-0.045630328,-0.083452214,0.003007947,-0.042203947,0.002518043
0.050525312,0.014240455,0.001568199,-0.006868121,0.01218637,0.032258034,-0.024380929,0,-0.092307678,0.004302942,0.021147683,0.097208876,0.031433946,0.01886802,-0.040892185,-0.013774157,-0.01449274,-0.020517439,0.025120702,-0.01384956,0.001621659,-0.029437543,-0.007481278,0.027777929,0.003342259,0,0.046874955,0.050000032,0.058823568,0.041329029,-0.046303521,0.035032711,-0.002448036,0.007893768
-0.043333229,0.00468022,-0.0156575,0.038035936,-0.022899051,-0.031249971,-0.014057032,-0.06779661,0,0.00599826,-0.008128997,-0.010233985,-0.043809412,0.00925925,-0.047803604,-0.047485989,-0.009803912,0.206739577,-0.087653099,-0.012767304,-0.007015708,0.012612672,0.04623116,0.05816672,-0.003997363,-0.036363659,-0.053731294,-0.047619076,-0.022222201,0.015564187,-0.034271732,-0.009087349,-0.00429446,-0.017799929
0.007217466,-0.018633522,-0.010781268,-0.007328481,0.010147552,-0.032258034,-0.009009937,0,0.203389795,-0.012989792,0.012163361,-0.028360388,-0.015936331,0.018348606,-0.040705525,-0.041055748,0.00495049,-0.011320726,-0.064049573,0.002909801,-0.026630423,-0.026393812,0.014889504,0.023320504,0.0073579,-0.037735814,0.041009424,-0.050000032,0.056818125,-0.004597733,-0.040980115,-0.023923385,0.011090592,-0.000724917
0.024956638,0.025316431,0.003930561,0.050335593,0.014111401,0,-0.010890163,0.072727273,0.126760579,0.042287011,0.002056372,-0.006384892,0.032388722,0.036036001,0.032531827,0.097859307,0.024630519,0.007633544,0.049668851,0.012894894,0.018983817,0.013706882,0.040227185,0.059685508,0.009296108,0,0.039393975,0,0.064516154,0.006158578,0.05638761,0.035403028,-0.006093869,-0.025752597
0.069431171,0.015432084,-0.011051643,-0.002555894,0.001415132,-0.0666667,0.004949473,0,0,-0.015317774,0.023279709,0.044675614,-0.009803824,0,-0.036986298,-0.025069615,0.096153873,0.049999989,-0.033648858,-0.022597103,0.004383557,-0.058894205,-0.058689674,-0.020993451,0.003289486,-0.029411752,0.011661796,0,0.050505002,-0.00688601,0.008757339,0.01564969,-0.039852829,-0.048771457
0.016681641,0.02735567,0.039653915,0.036515116,0.012482338,-0.053571484,-0.035179416,0,0,0.050872441,0.044497407,0.021968366,-0.047524879,0,0.076813648,0.071428571,0,0.040404072,0.031556036,0.011071318,0.046917655,0.087803321,0.04059933,0.018305234,-0.016393443,-0.002020248,0.074927951,-0.105263145,-0.009615376,0.08859789,0.112443127,0.019163481,0.050447058,0.133659531
0.042128612,0.007396407,0.017163706,0.005562432,-0.006513037,0.037735928,0.042816967,0,0,0.021204191,-0.022680899,-0.102321575,-0.024947942,-0.017391288,-0.037648655,-0.085333316,-0.026315765,-0.056172012,-0.008438811,0.009017736,0.021886403,0.005283249,-0.007895962,0.030816808,0.009999975,-0.084008091,-0.077747979,0.17647061,-0.067961102,-0.070063678,-0.020066853,-0.021471255,0.001823634,-0.006904912
-0.01148934,-0.044052822,-0.04209983,-0.04363863,-0.051276232,-0.0181818,-0.025974011,0,-0.25,-0.068364308,-0.061517706,-0.028416328,-0.017057651,-0.035398196,-0.073438553,-0.078717194,-0.045045109,-0.074944859,-0.049999929,-0.059687228,-0.046404886,-0.024817474,-0.101591761,0,-0.001320099,-0.170165709,-0.011627896,-0.050000032,0.041666625,-0.121004575,-0.085324229,-0.119709088,-0.046116462,-0.062749882
0.021120686,0.012288774,-0.012989391,0.029562948,-0.002961481,-0.018518611,0.02553844,-0.06779661,0.016666651,-0.05067283,-0.042326319,-0.015116694,0.028199543,-0.018348606,-0.051851838,-0.015822845,0,-0.074662472,-0.051511761,-0.039035969,-0.018181826,-0.12574852,0.007295434,0.052316975,-0.025776625,-0.070572575,0.014705868,0.052631614,-0.029999971,0.018181821,-0.025704843,-0.02418878,-0.083333359,0.004265641
-0.046010916,-0.057663142,-0.009374389,-0.018726563,-0.018069342,-0.056603723,0.040104033,-0.054545455,0,-0.003986718,-0.049730165,-0.011678294,0.008438963,-0.037383251,0.009374991,-0.093247579,-0.047169769,0.095279025,-0.024793392,-0.047333104,0.082244018,-0.018493182,-0.028453142,0.002367346,-0.029172277,0.044412621,-0.043478288,-0.099999984,-0.051546423,-0.002551079,-0.000851083,-0.016777517,-0.060374732,0.021421973
0.013716768,0.004830875,0.033666827,0.026717418,0.056465837,-0.079999983,-0.028846154,0,0,0.068490059,0.036661678,0.017555656,-0.002092111,0.038835031,0.026315801,0.046099332,0.019801962,0.050940408,0.054479394,0.052651098,0.034725647,0.081995827,0.02076674,-0.03401039,0.030747699,0.013717386,-0.048484803,-0.05555559,0.010869555,0.034100647,0.067717214,0.040891559,0.069423898,0.051346955
0.009166337,-0.020833276,-0.003344942,-0.022924313,-0.018611234,-0.108695676,0.009801959,-0.019230769,-0.016393427,0.045993738,-0.021773797,-0.011944217,0.044025111,-0.028037466,-0.034690802,-0.047457662,-0.009708729,-0.0574198,-0.033295059,-0.010567074,-0.011186748,-0.04643665,0.003129863,-0.004401095,0.004745742,0.059539905,-0.036624206,0.117647042,-0.010752678,-0.000824421,-0.003988847,-0.023777886,-0.047651906,0.074118615
0.002595142,-0.004910018,0.0010598,0.031705844,-0.021881837,-0.073170735,-0.019511696,0,0,-0.037803378,-0.025661092,-0.037273357,0.044176723,-0.019230752,-0.053125023,0.03558724,0,-0.070411418,-0.021377708,-0.034531837,0.005410753,0.037199878,-0.013520553,0,-0.002024274,0.021711376,0.074380131,-0.052631531,-0.02173911,-0.033828371,-0.030836947,-0.015128593,-0.023205199,-0.052353514
0.038826612,0.041118422,0.048350146,0.005531544,0.030077012,0.052631608,0,0,0,0.022539292,0.05056382,0.021276617,0.100000009,0.088235328,0.10561054,0.03780065,-0.029411737,0.030638269,-0.004854364,0.007374589,0.04598819,0.039452204,0.39325257,-0.021161412,-0.000676148,0.023749987,0.107692278,-0.05555559,0.055555502,0.045260438,0.045867714,0.067434708,0.086117285,0.107281677
-0.009136189,0.014218034,-0.009426119,0.003056318,0.010617754,0.299999933,-0.03,0,0.416666667,0.051567223,0.069944644,0.028346991,0.052447633,-0.009009,-0.0014925,-0.00662251,-0.080808063,0.164327067,-0.045121938,0.026354364,0.004209549,-0.034190661,0.146802842,0.013574631,-0.012855182,0.050061032,-0.027777752,0.058823568,0.01052639,0.023692808,0.132753879,0.038422879,-0.010936421,0.041043674
0.014249739,-0.006230524,0.013763896,0.022547186,-0.026026626,0.076923121,0.030927835,0.078431373,-0.056470534,-0.014423077,-0.022330077,0.022251746,0.101328771,0.100000011,0.001494731,0.016666651,0.065934067,-0.006382989,0.058748409,-0.004636272,0.017233388,0.030204559,0.019465528,0.001984228,0.004112369,0,0.079999992,-0.05555559,-0.031250052,0.032721457,0.124171589,0.009284897,0.030407711,-0.005716063
0.002066078,0.047021898,-0.006872378,0.014898867,-0.034322263,-0.053571484,-0.000500031,0,-0.002493823,-0.035121936,-0.035815979,0.002599088,0.024132773,0.033057819,0.135820948,-0.016393427,-0.061855671,-0.084225574,-0.024125429,-0.0662845,-0.021062316,-0.025851189,-0.001618098,-0.037623687,-0.012286645,-0.019767377,0.031746065,-0.058823474,0.010752678,-0.007727931,0.003723206,-0.081834394,-0.024144846,0.076061379
0.078762909,0.04041916,-0.012489375,-0.0017616,-0.005839049,-0.07547163,-0.000500204,-0.090909091,-0.0625,-0.071385289,-0.004325768,-0.016850306,0.038291645,0.031999969,0.102496741,0.016666651,-0.021978066,0.007794262,-0.04573552,0.023407545,0.015902721,-0.048867322,0.068395419,0.015431997,0.010366248,-0.039145972,-0.020512862,0,0,0.056074786,0.013601313,0.020936053,0.184192393,-0.032876733
-0.063837916,-0.109352485,-0.038967708,-0.079411941,-0.009448312,-0.102040839,0.001000986,0.18,0,-0.009581852,0.042135031,-0.029663797,-0.110638338,-0.186046525,-0.052443446,-0.039344225,-0.066292153,-0.013147724,0.020725431,-0.012748412,-0.026243081,-0.011228307,0.03003646,-0.047619145,-0.008207927,-0.049382671,-0.044502576,0,0.031914948,-0.014749318,-0.002439824,0.035886988,0.040046463,-0.007365392
-0.013883169,-0.017770619,0.05495284,0.001916936,0.016241165,-0.068181821,-0.025,0,0,0.033421294,0.029579151,0.021059746,-0.00318973,0.009523801,0.133333389,0,-0.052948221,-0.040752386,0.049492429,-0.015191782,-0.030732843,0.05918793,-0.005301923,0.055319324,-0.041379337,-0.012987062,-0.109589064,0.187499913,0.041237073,-0.032185581,-0.016508741,0.02135184,-0.057477717,0.06107304
-0.013250577,-0.03453948,-0.023095004,-0.058035608,-0.037797915,-0.097560956,-0.005538471,0,0,-0.038085126,-0.038562891,0.002328666,-0.022400028,-0.094339594,-0.143174296,-0.112628039,-0.121982231,-0.107843114,-0.122128195,-0.047821047,0.024390244,-0.063677744,-0.098312101,-0.091229798,-0.017266171,-0.026315723,0.046153875,0.052631614,0.009900981,-0.06573862,0.015542432,-0.027135631,-0.097690922,-0.072081772
-0.003357068,-0.027257215,-0.004831768,0.041299911,0.014764009,0.054054002,0.005569316,0,-0.120000013,0.026985208,0.018183042,0.011948245,-0.013093192,0.052083347,-0.002590671,0.034615445,-0.010130202,0.025641001,0.012396649,0.040097195,-0.009047644,0.032963247,0.076518816,0.03272315,0.033674967,-0.040540608,-0.058823542,-0.050000032,-0.029411737,-0.069536437,-0.072849629,-0.012238409,-0.041338591,-0.07275363
0.002105225,0.029772342,0.003988227,-0.005201652,0.027539624,0.051282081,0.022564071,0,0,0.023691546,0.035519688,0.041653016,0.016583744,-0.009900981,0.106493593,-0.003717468,0.023391773,0.026785732,0.057142868,0.032710286,0.005766499,-0.018810929,0.080536897,-0.024704539,-0.018413614,0.04929583,-0.031250044,0,0.151515166,0.036476855,0.00297122,0.060654068,0.038329941,0.091747405
0.052521019,0.115646227,0.042659774,0.03921569,0.034892357,0,-0.022066169,-0.023728788,0,0.024616074,0.019274621,0.029911803,0.094616522,0.00999999,0.072769936,0.022388038,0.30000006,0.033043488,-0.001286969,0.046757155,0.07023408,0.109551553,0.035855464,0.06883246,-0.007936483,0.069798633,-0.083870967,0.052631614,0.771929768,0.133047231,0.022053986,0.061396312,0.112722418,0.043951321
0.029540962,0.001524425,0.008116482,-0.036477969,0.023210441,0,0,0,0,0.021355255,0.025192854,0.022928769,0.055141588,0.029702942,0.092997746,0.007299263,-0.109890133,-0.015151541,0.050257652,0.014048969,-0.00714285,-0.048133276,-0.047151802,0.004636873,0.018181818,0.00627351,0.05633806,-0.050000032,-0.217821813,-0.0030303,0.063768103,0.034041511,0,-0.048134868
-0.017836446,-0.022831064,0.025961322,0.020887722,0.00931233,-0.317073162,0.0246154,0,0.060606076,0.003819836,-0.013712727,-0.001793113,0.036723132,-0.038461503,0.032032098,-0.02173911,-0.049382742,0.039316243,-0.019631884,0.028774404,0.003597119,0.054132903,-0.001430184,0.046153739,-0.012857165,-0.029925159,0.00333333,0,-0.145569539,0.018996961,-0.00877981,0.022153381,0.064573472,0.047399411
0.02684577,0.043613665,0.033311996,-0.005754424,0.027903663,-0.250000027,-0.009009024,0,0,0.058682161,0.036542617,0.002694615,0.074931873,0,0.034917521,-0.018518501,0.115584479,0.025493456,0.0112641,0.024861921,0.037634416,0.061193045,0.030363832,-0.014215613,-0.010130202,0.028277628,0.029900304,0.052631614,0.022222141,0.043997029,0.075137415,0.083787457,-0.038397254,0.018844605
0.034217469,0.049253793,-0.023248675,0.025080303,0.001856145,-0.190476157,-0.024747444,0,0,-0.001891833,0.00664725,0.00447888,0.11533602,-0.019999981,0.017806896,-0.018867996,0.067520334,0.20208496,0,-0.016846361,0.031088053,0.040567998,0.014178435,0.019393419,-0.005117006,-0.006249984,0.29032262,-0.050000032,0.01449274,0.010000025,-0.023295445,0.010278161,-0.075810206,-0.017820976
0.099256469,0.058321456,0.031418557,0.023839338,0.019685064,0.05882356,0.009839429,-0.027777803,0,0.015163061,0.066682374,0.056183098,-0.031818331,0.020408143,0.023020259,0.023076994,0.264994517,0.163442348,0.007425795,0.065113077,0.00293139,-0.031746015,-0.000822335,0.09121943,0.028655426,0.006289292,0.125,0.052631614,-0.035714197,0.113154129,0.034904035,0.084264102,0.108328144,-0.031065321
-0.035847037,-0.029569928,0.010307825,-0.036764594,0.002498237,-0.055555583,-0.041025641,0,0,-0.010268914,-0.030842372,0.016887203,-0.086854362,-0.00999999,-0.027902743,-0.033834643,-0.120689646,-0.118692694,-0.027027059,0.009009031,-0.018789175,-0.034800088,-0.044718821,0.008940572,0,-0.022500038,0.044444402,0.150000016,-0.044444518,0.031130863,-0.000281117,0.005303382,0.103389822,-0.03617528
0.053665423,0.066481999,0.024059547,0.073791369,0.025147208,0,0.058823529,0,0,0.020184938,0.027603493,0.030722407,-0.003856091,0.080808123,-0.04444449,0.035019516,0.058823591,0.072869219,0.077020158,0.117984716,-0.005106419,0.037246721,-0.011774838,0.024811686,0.007142884,0.025575465,0.048936176,0,-0.069767439,0.123228593,0.02698901,0.09384194,0.1075268,0.007506542
0.028295472,0.0025974,0.009814381,-0.00473942,-0.001546861,0,0,0,0,-0.007581428,0.01842606,-0.011009662,0.154838753,-0.009345896,-0.065891412,0.101503749,-0.037037111,-0.007883515,0.233294348,-0.028522532,0.014970077,0.066647504,0.013658856,0.06528315,0.002836877,0.04613469,-0.026369096,0,-0.041666628,-0.019199144,-0.019709757,-0.021517341,-0.04669433,-0.040321324
-0.004532166,-0.022020674,0.022971461,0.02559532,0.014165537,-0.05882356,0,0,0,0.021613633,0.020599448,0.025794105,-0.060335317,-0.028301861,0.01244812,0.056313979,0.010576959,0.032396012,-0.015209201,0.043159053,0.019806204,-0.015890119,-0.037557378,-0.009334386,-0.007779392,-0.022645995,0.043750006,0.043478219,0.060869575,0.030760692,0.017313569,0.034881519,0.111542151,-0.01507087
0.018536609,-0.007947075,0.029077215,-0.02437624,0.000872937,-0.374999977,-0.003030334,-0.007142831,0,0.001276668,-0.011266556,0.006352612,0.038050009,-0.009708729,-0.060450834,0.130856209,-0.000951519,-0.066903446,0.183397745,-0.016042773,-0.021487622,-0.015051977,-0.005063991,0.000819221,0.004989355,0.03658535,0.047904144,0.041666694,0.17213111,-0.042864943,0.051331291,-0.043506137,-0.043630017,0.003400328
-0.004789307,-0.028037325,-0.005455308,0.000595038,-0.008504033,0.199999955,-0.007092168,0,0,-0.008014616,0.028622364,0.007364513,-0.003436302,-0.009803912,0.008724092,-0.03714289,-0.029523715,-0.005710669,0.00815656,0.002288382,0.010979739,-0.01111424,0.025149704,0.000409393,0.009929034,0.087058797,0.036190487,0.480000051,0.006993056,-0.03061219,0.039947849,0.021258271,-0.033759114,0.046364791
0.016682761,0.01923075,-0.002953678,0.007134376,0.015394718,-0.083333318,0.010204082,0,0,0.022218125,-0.015645486,0.009660547,0.006896528,0.009900981,0.079999975,-0.026706207,-0.082433804,-0.053605625,0.041262156,0.005136995,0.002088523,-0.02360214,0.011974294,-0.002864029,0.01615172,0.043290072,0.156249981,0.027026957,0.006944382,0.011695839,0.034396155,0.021753396,-0.021246495,-0.008243744
0.026191185,0.009433921,0.004655058,0.015938519,-0.00476497,0,-0.103535354,0,0,-0.069696378,0.005920319,0.036721025,0.068493025,-0.009803912,-0.064064004,0.036585404,-0.053475948,0.086311577,0.003108,-0.008801856,0.020425168,0.016978422,0.020490593,0.004513622,-0.008293012,-0.082987538,0.017488098,0.289473711,-0.055172362,-0.015606853,-0.075242773,0.015967678,-0.079594774,0.029241406
-0.007072513,0.016021411,-0.004212076,-0.003486351,-0.008922824,0,0.048112638,0,0,-0.065456639,-0.01193001,0.016462954,-0.010683865,-0.019801962,0.044919792,-0.085294174,0.073446326,-0.035381789,0.178931096,-0.004296807,-0.011846365,-0.004810469,0.003959259,-0.04084972,-0.008362428,-0.057692333,-0.021874979,-0.204081635,0.087591154,-0.04462714,0.007611573,0.001174214,-0.011530362,0.02264216
-0.008671506,0.03153742,-0.007755146,-0.000583017,-0.028107201,0.090909072,0.010535405,-0.100719448,0,0.005991675,0.003273413,0.009570537,-0.0075593,-0.030303061,-0.056294797,0.061093268,-0.031578918,-0.037966548,0.006570265,-0.001438413,-0.019016163,-0.017628631,-0.040563342,0.014480413,-0.023190438,-0.111644619,0.0638977,0.025641042,0.073825596,0.007375472,-0.051054939,0.034734809,-0.028632073,-0.085742512
0.024367433,-0.008917159,-0.006395029,0.027421357,0.011748784,0.083333318,0,0.176000015,0,-0.027315631,-0.006525466,0.034759366,0.071817273,0.010416719,0.00108452,0.072727277,-0.043478283,-0.016722408,0.00326372,0.006914482,0.02191321,-0.00520985,-0.0052848,0.020990789,-0.019424425,0.0324324,0.114114151,-0.025000016,0.112499988,-0.006101188,-0.009058518,0.012642749,-0.008187752,-0.002776497
-0.03171697,0.026992231,-0.041046754,0.006246206,-0.006475887,0,-0.018085074,0,0,-0.046663831,-0.042640239,-0.011745361,-0.022335082,-0.01030933,-0.071505946,0.124293803,0.026136366,0.142857106,0.011060513,-0.060658051,-0.054845358,-0.047134099,-0.009445091,0.006167802,0.009537793,0.047120415,-0.057008067,-0.051282003,-0.039325849,-0.087783989,-0.052354556,-0.125796458,-0.097413343,-0.023511221
0.037165353,0.035043892,-0.017300646,0.035553219,0.002697009,0,0.01300105,0.017006803,0,0.015946786,-0.010628808,-0.011647204,-0.03530625,-0.020833314,0.00466744,0.018844173,0.025470656,-0.059523755,0.061132549,-0.007614986,-0.034903981,-0.053435115,0.015196612,0.000817291,0.017441844,0.161250035,0.073317135,-0.08108113,-0.017543889,0.006729501,-0.039462102,0.019009163,0.012804939,0.009028983
0.023686479,0.048367545,0.00561556,0.00054489,-0.006500741,-0.076923064,0.043850251,-0.006689,0,-0.019838672,0.004774692,0.027898023,0.007534887,0,-0.001161356,-0.035758261,0.010799126,0.02183546,0.083687149,0.028852013,0.048824588,0.054838734,0.022600542,0.03348304,0.028571401,-0.085037702,-0.000665794,0,-0.011904751,0.004679124,0.030127749,-0.001256498,-0.010836863,-0.014128752
0.002669873,-0.017300994,-0.028524005,-0.054466252,-0.029106463,-0.083333318,-0.016393427,0.010101035,0,-0.022464376,-0.038920658,-0.075573309,-0.077991331,-0.031914863,-0.069767483,-0.015345315,-0.059829054,-0.011458682,0.008953544,-0.015214861,-0.03922413,0.009174288,-0.051664731,-0.025286375,0.008333392,-0.007058835,0.032644888,-0.058823474,0.078313226,-0.037924132,-0.063220073,0.003290393,-0.04625686,-0.033757945
0.032544468,-0.018779436,0.004039009,0.020737252,0.008366288,0.090909072,0,0,0,-0.015699714,0.006651391,0.004808971,0.061413421,0.010989,0.004999995,0.044155865,0.012499975,-0.031328321,-0.017748286,0.005755906,-0.011215791,-0.016060569,-0.038438269,0.014187334,0,-0.063981001,-0.085806447,0.187499913,0.016759805,0.022821571,-0.006937853,-0.04861581,-0.015954052,-0.048286096
-0.018338192,-0.045454504,-0.012687439,-0.047968301,-0.005761698,0,-0.010520856,-0.003333321,0,0.018030574,-0.022745874,-0.04634761,-0.06441045,-0.108695676,-0.072139294,-0.12935323,-0.068462392,-0.041397176,-0.002823221,-0.035241023,0.012704118,0.005543588,-0.027069581,-0.061950565,-0.015151533,0.006329098,-0.005786858,-0.052631531,-0.032967001,0.000676148,-0.046363896,0.042380619,-0.053177671,-0.020086577
0.074430927,0.040100272,0.026328009,0.036158732,-0.002086239,0,0.026423857,0,0,0.019527716,0.016334564,0.027997822,-0.007001029,0.073170735,0.076407465,0.014285701,-0.012048182,0.099865018,-0.022083771,0.005932015,-0.05376339,0.021133188,0.019411206,-0.027268775,0.018181834,-0.006289292,-0.105621798,-0.083333385,-0.005681858,0.000675691,0.061605009,-0.00291796,0.00821917,-0.015020295
0.012768183,-0.002409694,-0.031455051,-0.008009021,-0.02787461,-0.083333318,-0.025641026,0,0,-0.069710489,-0.088190249,-0.013617647,-0.035252639,-0.022727251,-0.03362385,-0.078873232,-0.01219511,-0.018404862,-0.133757983,0.027932889,-0.001893983,-0.047390519,0.01174227,-0.062636922,-0.008241816,0.012658195,-0.126984153,0.181818208,-0.034285682,-0.054692802,-0.101003745,-0.0431178,-0.14130434,-0.031575208
0.019045253,0.002415514,0.0695253,0.05190309,0.050418114,0,-0.052631579,0,0,0.029207594,0.002259755,0.006251672,0.031668548,0,0.057989664,0.006116202,-0.012345667,-0.001250029,0.072860909,0.052838166,0.033206867,0.077770759,0.042660055,0.01728975,-0.010387786,-0.012499968,0.043636322,0.153846173,-0.005917201,0.105000019,0.068388032,0.058517746,0.027689827,-0.017599125
0.037378117,-0.002409694,0.028301921,0.029057031,-0.009554058,0.090909072,0.011111111,0,0,0.010932714,0.019197391,0.126326615,0.053128863,0.046511583,0.114494467,0.0638298,0.006249994,0.043804805,0.075389473,0,0.014233217,0.076541016,0.058363373,0.055121717,0.007697667,0.012658195,0.045296209,0.066666638,0.041666675,0.095669067,0.119203119,0.00886062,0.117782965,0.05713752
-0.032732874,-0.068840545,-0.007310644,-0.041022943,-0.01699586,0,-0.010989011,0,0,0.089967785,0.082674837,-0.111928272,-0.005605435,-0.011111101,-0.024043642,0.014285701,0.009937908,0.043165426,0.022016174,-0.040149061,0.033046606,0.031750394,0.002273963,0.040052196,0.002777775,-0.037499984,-0.015000025,0.291666727,-0.057142893,-0.020059005,0.088415487,0.01374704,-0.049586794,0.065465538
0.06899277,0.070038905,-0.024548683,0.045555562,0.063084077,-0.083333318,0.022222222,-0.006689,0,0.009288631,0.023001942,0.086438929,0.038331361,0.022471956,0.085106299,0.056338042,0.008610048,0.120114954,0.096371929,0.118613602,0.026730965,0.005260409,-0.003970488,0.04143992,0.028393408,0.090909106,-0.098138738,-0.08064516,0.024242498,0.13425644,0.12225205,0.132498346,0.115941986,0.09526199
-0.028220908,0.013333292,-0.02723909,0.015940516,0.037582389,-0.090909072,0.032608696,0,0,-0.056473555,0.130400084,0.024297296,0.01302938,-0.010989066,0.02683181,-0.026666641,0.040243893,-0.046690603,-0.020165428,0.107906011,0.019206097,-0.057038206,0.025056979,-0.040192896,0,-0.011904807,-0.061913683,-0.122807037,0,0.001061595,0.010511195,0.018875741,-0.049999969,-0.023845882
0.031565566,0.021531138,-0.056003727,0.035041833,-0.003812766,-0.099999978,0.032105295,0,0,-0.129017948,-0.070678513,0.004186054,0.08145774,0.022222268,-0.067336692,-0.041095915,-0.02696366,-0.02206673,-0.155672857,-0.055689523,-0.036850887,-0.01859051,-0.034722222,0.134422179,-0.004713848,-0.01927709,0,0.080000051,0.011834308,0.076882227,-0.136170176,-0.044478879,0.061517403,-0.015972447
0.057282811,-0.025761156,0.02950194,0.00151592,0.01509688,0,-0.0469149,0,0,-0.001272569,-0.065623651,0.007410831,0.165510389,0.076086947,0.022629315,-0.014285701,0.015662665,0.010456826,-0.19312501,-0.027827327,0.048260896,0.027707084,-0.041151088,0.030269457,-0.014884934,-0.027027021,0,-0.018518588,-0.035087778,-0.014771012,-0.070333871,-0.065681605,0.002575658,0.016549983
-0.010650527,0.003605852,0.026307634,-0.014631677,0.05299527,0.888888834,0.016586443,0,0,0.07747189,0.066395338,0.01770116,0.031462589,0.080808123,0.075869366,0.043478219,-0.003558744,0.021786471,0.003872982,0.078256287,0.005806694,0.036588773,0.021308496,-0.070225662,-0.013736316,0.051767657,0.096000004,-0.018867877,-0.024242402,0.149425274,0.049749737,0.100923311,0.098265942,-0.004383259
-0.014509752,-0.015568875,-0.040280957,-0.000512066,-0.013327958,-0.29411767,0.063157895,0,0,0.033585668,-0.026769184,-0.014456729,-0.11459196,-0.046729037,0.022526889,0.027777818,-0.035714253,-0.008528776,0.047067875,0.007062764,-0.007422693,-0.006104022,-0.020863917,-0.032370111,0.027158799,0.824729848,-0.045620438,0.01923072,0.031055921,0.019565251,0.004206437,-0.026737534,0,-0.01147798
0.03015914,0.034063227,0.01526246,0.031762316,0.003024179,0,0.01980198,0,0,-0.017391353,-0.0073945,-0.011460004,0.054003664,-0.029411737,-0.070881207,0.075675667,0.012345667,0.014516153,0.082534997,-0.034582838,0.018695503,0.064352465,0.026110412,0.009159745,0.014237291,-0.197368428,0.175908236,0,-0.024096362,-0.000852898,0.040770707,-0.005289675,0.055555487,0.033879451
0.044259962,0.058823529,0.003444944,0.042701133,0.040602889,0.083333318,0.001165075,0,0.214285714,0.036795572,0.011118016,0.004868979,0.172261519,0.020202001,0.256701012,0.030150725,0.097560956,0.16693161,0.048332203,0.00150304,0.039967354,0.032864966,0.029540865,0.028018896,0.004010723,-0.139344226,0.003252029,-0.018867877,0.030864216,0.067008095,-0.016903704,0.028647432,0.060941852,-0.005538471
0.007726298,0.010000017,0.006554329,0.001428574,0.013135038,-0.076923064,0.049262937,0,-0.004705878,-0.016621781,0.048783155,-0.003461041,0.13036931,-0.049504963,0.160787539,0.484146385,-0.056666667,-0.029064545,0.118181801,-0.011005469,0.001176498,-0.043478192,0.011647723,0.012284181,0.05193074,-0.009523785,-0.027552686,-0.211538469,-0.029940137,-0.080800018,0.003548064,0.043275264,0.006266362,0.012066813
-0.022343884,-0.016501713,0.004496007,-0.015216444,-0.006482298,0,0.109057333,0,-0.172576836,-0.040657808,-0.012559876,0.000231585,-0.03066665,0,0.044522977,-0.137222684,0.015312146,-0.07015903,0.188734038,-0.007334368,0,-0.002285428,0.003089037,0.035267364,0.010126572,-0.009615421,0.018833319,0.414634093,-0.080246982,0.010443854,-0.027468102,-0.001598502,-0.039439554,0.02675023
-0.011875512,-0.005592756,0.027319129,0.019314405,0.009019434,0,0.020833333,0,0.071428571,0.030476161,0.032984858,0.009027763,0.015130645,0,0.240866068,0.142857143,0.001160078,0.089537262,0.183683457,-0.004076429,-0.003133565,-0.014762072,0.10162366,-0.016849902,0.002506263,0.030097098,0.045313259,0.017241445,-0.060402683,0.024547873,0.049776361,0.03178035,0.013506213,0.049575732
-0.008390079,0.038245128,0.030949615,0.006631909,-0.006086029,257.3333391,-0.004081633,0,0,0.013401152,0.022487726,-0.004817598,-0.047425535,0.020833376,0.236095959,-0.000833352,0.076477458,0.168051681,0.021048297,-0.007418801,-0.015717152,-0.025833119,-0.015501825,0.002235441,0.012500048,-0.019792622,-0.029733969,0.084745759,0.064285713,0.023959633,0.070591307,0.005430964,-0.004797449,-0.008794365
0.026526475,0.07583974,-0.000437268,0.031058876,0.00172224,0.026451603,0.004098361,0,0,0.03670772,0.060264313,0.036191786,0.055476624,0.010204072,0.483017151,0.20600503,0.205597396,0.390909079,0.218269995,0.030670167,0.032734596,0.055688208,0.01987601,-0.022304831,0.02654311,0.124999924,-0.064516069,0.203124972,0.046979877,0.103037774,0.031848784,0.037348534,0.182645947,0.030194629
0.026732038,0.092648545,0.040093278,0.054769426,0.03648505,0.021370217,-8.17E-05,-0.010100973,0.266666667,0.00153947,-0.023486403,0.00222466,-0.173854382,0.040404001,-0.163593048,-0.058091297,-0.089285735,-0.089514005,0.008626418,-0.028507206,0.039041295,-0.000502398,0.011895754,0.082889736,-0.037883295,-0.042735045,0,0.129870128,0.038461605,-0.005582491,-0.087292082,0.011827804,0.133152199,0.017780231
-0.025818979,0.030414738,-0.006167699,0.018606724,0.018614169,0.049846121,0.003347242,0,0,0.028546316,0.049383956,-0.015094347,0.088906891,0.077669947,-0.100995735,0.039647575,0.029411737,-0.031210985,0.237171088,0.030630695,0.01153279,0.041970297,-0.028764325,-0.023174128,-0.011874974,-0.017857098,0,0.091954007,-0.012345667,-0.020958064,0.029326305,0.022423195,0.097521926,-0.012146846
-0.013808501,0.009838967,-0.00451326,-0.000849592,-0.01176051,0.000293146,-0.015459736,0,-0.052631579,0.040990567,-0.001878611,-0.003155271,0.005243452,-0.036036001,0.107594907,-0.117231629,-0.028571403,0.13885301,-0.019143877,0.040709221,-0.006252301,-0.021225212,0.014164286,0.013299808,-0.051865947,0.045454545,0,0.126315736,0.162499938,0.003058101,0.03747431,0.010713958,-0.066642388,0.012572585
-0.070734499,-0.024800685,-0.010498081,-0.005527329,0.000732367,0.002050973,0.032975189,0,-0.164444447,-0.017842473,-0.007340474,0.007234902,-0.039493282,-0.009345896,-0.098214286,0.351999969,-0.044117606,-0.031117356,-0.127947989,-0.034557204,-0.013323486,-0.01601778,-0.053326618,0.046825122,0.00667114,-0.026087001,0.040517181,0.084112177,0.370967778,0.005716449,0.112815477,-0.028386385,-0.043308574,-0.044890174
0.021644032,0.07720249,0.013046623,0.010688374,-0.008049785,0.008771907,0.060084825,0,0,0.039256653,-0.037732302,0.007182934,-0.028704426,-0.009433954,-0.122376244,0.042603623,0.013333284,-0.117664254,-0.135529964,0.09097688,-0.006001495,-0.033558731,-0.005633023,-0.010166044,0.027833007,-0.053571408,0.072079528,-0.129310348,-0.070588229,-0.072754836,-0.009115159,-0.056527794,0.004078319,0.000428554
0.024517968,0.050590253,0.012595613,0.018612526,0.001106655,0.026956531,0,0,0.005319144,-0.003415752,-0.004926108,-0.008914592,0.037539939,0.028571516,0.037906144,-0.034052233,-0.026315753,-0.021839837,0.17583608,0.030986572,0.01207546,-0.021767301,-0.004855687,-0.054433398,-0.008381696,0.018867997,0.149922766,-0.069306882,-0.046413491,-0.016346532,-0.078976901,-0.00714013,-0.014622283,0.025846032
0.005576126,-0.037720728,0.051991596,0.012873803,-0.028555691,0.031893905,-0.018867925,0,0,0.032258112,0.017475241,-0.008095359,0.007698228,0.0185185,-0.013043445,0.135135087,0.003118463,-0.04465493,0.019571846,-0.059668525,-0.002609981,0.026754922,0.013011644,0.028240317,0.042262716,-0.009259353,0.075806404,0.159574464,0.035398195,-0.00913998,0.028258218,-0.002032378,-0.002473185,-0.001531083
0.015480711,0.046705624,0.026039362,0.027470268,0.003034396,0.04403711,0.05692303,0,0,0.003124997,0.012747507,-0.013602409,0.069518655,0.100000011,0.054185,0.035196704,0.017616601,0.027620421,-0.053989179,-0.023031717,0.001495361,-0.011351874,0.013112167,0.002464813,-0.000623845,0.018691661,-0.039230343,-0.03669727,-0.05128207,0.041928721,0.017531431,0.021853283,0.154132208,-0.013383615
-0.026848746,0.003187248,-0.015408303,-0.019154062,0.022877717,0.021744875,0.018922898,0,-0.074074067,0.022390921,0.021282768,0.0018387,0.020714404,0.181818101,0.127455044,0.063000011,-0.034623197,0.128876561,0.054216837,0.012027905,0.010824897,0.021137823,0.037770742,-0.016157375,0.026841466,-0.009174288,0.078023394,0,-0.009009001,-0.00402416,0.008847522,-0.008738305,-0.010741179,0.022325871
-0.018470881,0.035742637,0.023408687,-0.004475243,0.024214331,0.005897424,0.000142888,0,0,0.048562238,0.002022733,0.029823336,0.007697572,0.034965086,0.088213533,-0.071495787,0.011603352,0.141330931,0.067669173,0.03185168,0.011078258,-0.023511422,0.02010692,0,0.008510601,0.009259235,0.02653803,-0.095238095,-0.090909078,0.161212112,0.015231937,0.041911521,0.10712997,0.088735291
-0.013577854,-0.029141113,0.021716828,-0.000408612,-0.010828317,-0.023451394,0.018425952,0,0,0.017072259,-0.02802686,-0.060147044,0.018750006,-0.060810833,-0.073910083,-0.103343416,-0.040667336,-0.07996785,-0.057183064,-0.045381277,-0.012782998,-0.053912526,0.008981956,-0.009639393,0.049427347,-0.027522982,0.02350174,-0.115789447,-0.00999999,-0.069589423,-0.058422446,-0.055514347,-0.18241255,-0.052050256
0.026080642,0.116903674,-0.030310581,0.016353362,0.007115469,0.01644472,-0.028751795,0.013605455,0,0.047321456,0.049314176,0.005214535,0.096796149,0.071942464,0.06068406,0.055367203,0.032608664,-0.005232567,0.12966836,-0.013996092,0.023677372,-0.030152147,0.029920943,0.019826974,-0.002297473,-0.009433938,0.043628027,-0.023809538,0.045454542,0.01682875,0.03042014,0.031038854,0.029988005,0.011651303
0.032242864,-0.038896759,-0.051362007,-0.010056357,0.025181145,-0.010785778,-0.007220217,0,0.00285714,0.0179028,-0.003037992,0.029238427,0.094468647,0.006711403,-0.055478515,-0.072805171,-0.031578918,0.007597847,0.008463361,-0.005384269,-0.006505251,-0.035938451,-0.034093684,0.03075296,-0.000575718,-0.019047631,0.015401473,-0.048780518,0.048309209,-0.015446858,0.02038423,0.066305895,-0.041925463,-0.014826618
0.043319555,-0.035320124,0.000136749,-0.032913503,-0.005124615,-0.024662532,0.003636364,0,0,0.077219376,-0.003370404,0.020389447,-0.021578725,0.066666683,-0.043318661,0.05542731,-0.050000003,-0.019721587,-0.028848735,0.070620054,-0.0036377,-0.016567975,-0.039025596,-0.035370871,0.006336331,-0.019417488,-0.065655469,0.025641042,-0.009216654,-0.039970104,0.077611966,0.036880877,-0.013776343,0.061677023
0.045236127,0.032799414,0.033902825,0.021008412,0.041918263,0.003194009,0.007246377,0,0,0.055512359,0.019132794,0.068477754,0.084736143,0.124999953,0.08403686,0.11378555,0.012585787,0.133136098,-0.01998374,0.013560105,0.050383392,0.041817067,0.053026364,0.13207542,0.041786003,0,-0.093228138,0,-0.023255755,0.107782042,0.023226084,0.106086707,0.085456036,0.051638958
0.020698262,0.005908414,0.005553434,0.00370371,0.007500874,0.010878213,0.039712261,-0.013422831,0.099715073,0.071744298,0.03222872,-0.018701395,-0.000535114,-0.049999954,0.118938075,0.056974451,0.016949137,0.022193272,0.082667399,0.028117953,0.032325349,-0.014727176,0.010071232,0.007547241,0.153846105,-0.018811872,0,0.050000032,0.285714307,-0.000351255,0.014993778,0.017761378,-0.020439096,0.067878292
0.022531719,0.022026446,0.024589154,0.013530079,0.00524533,0.01312336,-0.031691127,0,0,0.050171842,0.016117684,0.050321166,0.025695844,0.076023387,0.11388796,-0.033921911,-0.029999946,-0.00076635,-0.003817804,0.029333878,0.009764276,0.052168894,0.000486392,0.088951214,0.083333333,0.039354191,0.070332443,-0.023809538,0.214814776,0.074139166,0.097045535,0.001285939,0.017387974,0.03166908
-0.007411859,-0.031609234,0.021688858,-0.003640783,0.020535314,0.00155444,0.000428738,-0.061224514,0,0.002094189,0.020412548,0.017940899,0.060020849,-0.016304397,0.032093187,-0.033189057,0.130584146,0.133691198,0.086101149,0.084422597,0.000333452,0.010863492,-0.010208998,-0.011751177,0.028571412,0.067961178,0.075268832,-0.03658535,0.448170709,0.0346745,0.074247191,0.005442755,-0.000759607,0.004369691
0.012310881,0.027448134,0.005150066,0.009338352,0.018142853,0.007501317,0.042857143,0.072463769,0,0.025731469,-0.008282,0.023432769,0.020679594,-0.049723711,0.035222861,0.098507438,-0.047619039,0.136414955,-0.017642908,0.058486446,0.010333316,-0.00606231,-0.027259346,0.003480228,0.018803442,0.018181772,0.021111064,0,0.705263104,0.023395504,0.018279998,0.038744571,0.047130361,0.00848378
-0.046052659,-0.001444076,0.021244661,-0.024537474,0.035639047,-0.011553293,0.025684932,0,0,0.045587698,0.034603862,0.041487335,-0.030873183,-0.046511652,0.288942133,0.326539901,-0.001063816,-0.005357152,0.141522991,0.087548976,0.003959117,0.023288055,0.048977496,-0.00057799,0.048657711,0,0.153427733,-0.063291137,0.629629618,0.102564097,0.020858221,0.03800214,0.100544484,0.032355478
0.027795138,0.026753426,-0.001835489,0.025154707,0.023150314,-0.016103868,0.001669449,-0.003378366,0,-0.045426907,-0.045119667,-0.02743335,0.062717755,0.06707318,-0.097339679,-0.050187818,0.086261948,0.051067175,-0.025802383,-0.025060061,0.017088414,-0.035762658,0.021419962,0.155292099,0.06,0.098214381,-0.037735902,0.216216174,-0.181818112,0.012608596,-0.047730674,0.01720541,0.008905028,0.00386539
-0.021146758,-0.00352114,-0.001103356,-0.002815953,0.004456819,-0.013727572,0.000666707,0,0,-0.004210184,-0.010403997,-0.045788234,-0.015924975,0.00571428,0.130911571,-0.056793671,-0.03921565,0.049724859,-0.060723509,-0.02922535,-0.011308574,0.016296657,0.001178206,-0.006257811,0.086037762,0,-0.088235258,-0.044444473,0.083333235,-0.015495229,0.030249757,0.005933851,-0.00228832,-0.014881806
0.00913998,-0.03462896,0.00859091,-0.006454175,-0.013769921,0.000535344,0.015323036,0,0,-0.058808505,-0.021640102,0.044138496,0.000951956,0.073863634,-0.052525222,0.192835347,0.005102036,0.193093405,-0.074736323,-0.02303229,-0.02058827,-0.0215648,-0.034831803,0.004785809,0.052119526,0.048780465,0.08064516,0.209302391,0.324786382,-0.056492469,-0.050187818,-0.032526567,-0.076343378,-0.062856585
-0.054549139,0.006588591,0.002068721,0.004466158,-0.032578356,-0.000802638,0.040026288,0,0,-0.01524643,-0.041819631,-0.014155508,-0.033285916,-0.031746002,-0.138486195,0.008945709,-0.034517806,0.032580718,-0.010901943,-0.038240163,-0.00166831,-0.001412807,-0.015849738,0.004512536,0.055482112,-0.080620126,-0.022885621,-0.038461562,-0.096774194,-0.033065255,-0.049784337,-0.030144216,-0.013125251,-0.00496001
0.015022786,0.056727253,0.011171874,0.07235256,0.031269959,-0.003480516,0.037791833,0,0,-0.02032062,0.032897165,0.018882751,0.012297218,0.010928951,0.119663483,0.093096914,0.01682443,-0.002788413,0.066132348,0.005983354,0.021056122,-0.033955879,0.030971258,-0.013975594,0.123592017,0.239460264,0.036659941,-0.020000013,0.031428564,0.053296352,0.075468163,0.016039928,0.02120777,-0.013368079
