SMTI,SCWO,CMCL,OMEX,MED,FSI,EPM,ENSV,CLWT,CRK,PLX,DGX,CPSS,NVO,IOR,ASGN,WWW,MAT,RGR,DCO
0,0.66666626,0,0,0,0,0,0.201923041,0,-0.023255749,0,-0.002083534,0.04,-0.004646763,0,-0.017241379,0,0.009569108,-0.006993061,-0.086705158
0,-0.199999561,0,0,0,0,0.235294009,0,0,0.095238055,0,-0.008350955,0.076923077,-0.018673711,0.022222336,0.01754386,-0.024242583,-0.033175401,-0.01408444,0.031645552
0,0,0,0,0,0,1.952381236,0,0,0.065217419,0,0.004210598,-0.035714286,0.016174999,0,-0.004310345,0,0.024510127,0,0.030675025
0,0.249999313,0,0,0.090909044,0,-0.396774285,0,0,-0.081632619,0,0.039832546,0.148148148,0.02621669,-0.02173924,0.004329004,0.024844887,-0.028708273,0.049999967,-0.023809583
0,0,0,0,0,0,0,-0.167999975,0,-0.022222302,0,0.018145145,0.032258065,0.08211696,0.066666604,0.010775862,0.04242395,0.024630234,0.047618506,0.012195153
1,0,0.500000156,0,0.083333389,0,-0.165775163,0,-0.051282133,-0.022727283,0,-0.001980468,-0.125,-0.016863124,-0.020833505,-0.023454158,-0.034883653,0.028846442,0.02597424,-0.006024015
0,0,-0.333333403,-0.24000001,-0.076923124,0,0.198717607,0.201923041,-0.081080816,-0.046511574,0,-0.003968243,0.071428571,0.003430329,0,-0.030567686,-0.030120436,-0.014018795,0.037974883,-0.006060717
-0.25,0,0.500000156,0,0.750000308,0,-0.165775163,0,0,0.024390254,0,0.037848775,0.05,-0.013675127,0,-0.009009009,0.018633736,0.042654145,0.012195218,-0.024390306
0.666666667,0.100000513,-0.333333403,0,0.142856942,0,0,0,0,0,0,-0.044145778,0,-0.048527124,-0.021276257,0.063636364,-0.00609744,-0.059090828,-0.02409627,-0.024999965
0.6,0.272727212,0,0,0,0,0,0,0.470588086,0.142857044,-0.857142857,0.018072353,-0.111111111,-0.022768619,0,0.021367521,-0.012270248,-0.019323743,0.037036597,0.019230818
0.5,2.142856769,0,0,-0.083333294,0,0.089743435,0,0.040000059,0.02083341,5,-0.005917494,0,-0.015843143,-0.02173924,-0.016736402,0.031055852,-0.014778643,0.005952827,0.044025167
-0.083333333,0.09090903,0,0,-0.22727292,0,-0.047058881,0,-0.153846088,-0.020408237,-0.333333333,0.00595272,-0.035714286,0.024620839,0,-0.027659574,0.048192734,-0.01999994,-0.059171851,0.048192603
0.454545455,0.125,0.500000156,0,0,0,-0.074073962,-0.167999975,0.454545169,0.166666812,0,0,-0.037037037,-0.001848043,0,0.002188184,-0.034482603,-0.030612043,-0.050314231,0
0.5,0,-0.333333403,0,-0.058823246,0,0.246666411,0.099358958,0.031250126,-0.017857264,0,0.00197242,-0.038461538,-0.022222244,0,-0.03930131,-0.053571448,-0.073684456,-0.033112725,0.005747233
0.041666667,0.111111111,0.500000156,-0.31578949,0,0,-0.304812636,0.093294444,0.287878523,-0.036363595,0,0.009842292,0.12,-0.015151644,-0.022222404,0.022727273,0.037735958,-0.062499995,0.013698622,-0.01714281
-0.16,0.033333374,-0.333333403,0,0.06249968,0,0,-0.133333343,-0.152941077,0,0,0.122807621,-0.107142857,-0.003846389,0,-0.004444444,-0.042424041,0.072727227,0.006756696,-0.011627936
0.047619048,0,0.500000156,0,-0.058823246,0,0,0.076923164,0.041666661,-0.037735926,0,-0.083333454,0.08,-0.01737402,0,0.026785714,-0.069620671,-0.005649681,0.013423037,0.035293926
-0.090909091,-0.161290395,0,0,-0.062499893,0,0.676923117,0.428571429,0.120000116,0.019607916,0,0.018939254,-0.055555556,-0.018664388,-0.02272691,0.02173913,0,-0.01136324,0,0
0,-0.230769242,-0.333333403,0.438461564,0.066666545,0,0,0,-0.142857227,0,0,0.011152158,-0.039215686,-0.008008198,0,0.063829787,-0.006801973,-0.040230014,-0.013245245,-0.01704541
-0.05,-0.19999989,0,0.336898421,0,0,0,-0.3,0.111111142,0.019230778,0,-0.014705838,0.081632653,0.02219983,0,-0.048,-0.006850207,-0.005988323,-0.00671135,-0.028901535
-0.105263158,0,0.500000156,0,0,0,0,0,0,0.018868054,0,0.001865629,-0.169811321,0.018756285,0,0.012605042,0.013793251,0.138554428,-0.020270654,-0.00595249
-0.117647059,0,0,0,-0.187500036,0,0,0.428571429,-0.025000099,0.018518345,0,0.026070834,0.068181818,0.036821811,0,0.058091286,0.074830414,-0.07936485,0.027586548,-0.017964023
0,0.249999828,0,0,-0.076923124,0,0,0,-0.128204951,-0.036363595,0,0.021778228,0.021276596,-0.02990624,0,0.01372549,0.221518652,-0.011494499,-0.00671135,0.006097674
0,0.300000018,0.333333194,-0.480000019,0.166666682,0,0,-0.3,-0.058823683,-0.018867933,0,0.007104918,0.125,0.017340882,-0.023256,-0.011605416,-0.046632374,-0.011627994,0.006756696,0.018181766
0,-0.346153862,0,0,0.214285447,0,-0.403669739,0.228571338,0.156250087,0,0,0.008818563,-0.037037037,0.022727296,0,-0.115459883,-0.032608142,-0.017646859,0.013423037,-0.047619165
0,0,0,0,0.117647161,0,0.053845975,0,-0.297297267,-0.038461431,0,0.010489478,0.115384615,0.018518315,0.047618858,0.185840708,-0.056180087,0.029940001,0.019866926,0.025000065
0,0,0.500000156,0.438461564,0,0,-0.087591187,0,0.230769085,-0.040000142,0,0.006920256,0,0.016363601,-0.02272691,0,-0.011904886,-0.046511565,-0.032467149,-0.067073243
-0.133333333,0,-0.333333403,-0.278074851,0,1.500000136,0,-0.069767373,0.062500174,0.02083341,0,-0.029209641,0,-0.038461559,0,0.01119403,-0.030120436,0.042682639,-0.020134162,-0.026143755
0.076923077,0.411764807,0.25000036,0.385185155,0,0,0,0,-0.147058954,0.020408237,0,-0.019468724,0.017241379,0.019534713,-0.023256,0.033210332,0.186335485,0.06432765,0.013698622,0.006711427
0,0.083333282,0,-0.304812847,-0.210526061,-0.666666658,0,0.25,0.034482812,0.099999839,0,0.007219691,-0.118644068,0.011861577,0.023809719,0.014285714,-0.005235578,-0.038461362,0.040540066,0.013333367
-0.142857143,0,0,0.200000031,0,0,0,0,-0.033333383,0.127272787,-0.25,0.008960657,0.076923077,0.0532009,-0.023256,-0.014084507,-0.031579196,0.011428251,0.012987229,-0.013157928
-0.166666667,0,0,0,0.133332863,1,0,0,-0.310344792,0.064516156,0,0.00355253,-0.071428571,-0.078767126,0.023809719,0.028571429,0.016304521,-0.028248404,-0.019230495,0.053333257
0,0.076923174,0,0,-0.176470407,0,0.744000233,0.039999958,0.399999852,-0.03030314,0,-0.021238736,0.076923077,0.027881246,-0.023256,-0.020833333,-0.053475771,-0.029069656,0,0.012658261
0,0.28571423,0,0.19871794,0.214285447,0,0,-0.159615375,0.250000044,-0.046875024,0,0.019891404,0.017857143,0.037070594,0,-0.007092199,0,0,0,-0.024999965
0.2,0,0.19999978,0,0,0,0,0,-0.028571261,-0.065573699,0,0.007092248,-0.052631579,-0.000871762,0.047618858,-0.021428571,0.016949157,-0.011976306,0.013072106,0.019230818
-0.166666667,-0.111111145,0,0,-0.058823246,0,0,0.167048065,-0.029411805,0,0,-0.012324292,0.037037037,-0.042757486,0.068181766,-0.012773723,-0.016666671,-0.030302746,-0.032258416,-0.03144662
0.1,0,-0.166666514,-0.165775395,0.249999432,0,0,0,-0.030303148,-0.017543754,0,-0.001782207,0,-0.022789587,0.010638679,0.009242144,0.011299381,-0.031250141,0.039999871,-0.012986943
1.090909091,-0.156249968,0,0,-0.299999739,0,0,0,0.125000039,0.071428481,0,-0.02500021,0,-0.055970218,0,0.054945055,-0.039106382,0.006451661,-0.00523543,0
-0.043478261,0.203703749,0,0,0.714285691,-0.75,0,0.22549017,0,0.116666717,0,0.005494381,-0.071428571,0.000988055,-0.021052801,0.038194444,0.069767393,-0.012820517,0.026315889,-0.019736892
0.090909091,0.046153844,0.19999978,1,-0.33333327,0,0,0,-0.111111142,0.029850661,0,0.045537329,0.057692308,0.018756285,-0.032258035,0.026755853,-0.016304194,-0.006493739,0.006409886,0.013422746
0.041666667,0.058823491,-0.166666514,0.20192309,0,0,0,-0.120000047,0.031250126,-0.043478188,0,0.003485213,0.018181818,0.054263635,0.033333302,0,-0.027624433,-0.00653572,-0.01910781,-0.013244963
0.04,0,0,-0.253333357,0.312500107,0,0.146788837,0,0.242424138,0.030302847,0,0.024305262,-0.035714286,0.023897253,0,0.022801303,0,0.078947398,0.00649345,0
0.384615385,0.555555522,0.39999986,0,-0.142857212,0,0,0.136363697,-0.146341503,-0.014705701,0,0.045762935,0,-0.035009201,0.053763588,-0.035031847,0.005682135,-0.030487772,0,0.033557026
-0.083333333,-0.071428529,0.142856928,0.560714322,0.27777743,0,0.500000045,-0.120000047,0.085714419,0.194029829,0,-0.043760334,-0.074074074,-0.02139546,0,0.00990099,-0.016949412,-0.044025216,-0.032258419,-0.012986943
-0.151515152,0.038461514,0.25000036,0,0,0,0.146666396,0.078182031,0,-0.025000091,0,0.00847411,0.04,0.003802629,-0.040816656,0.049019608,0.005747101,-0.030286966,-0.006666393,0
0.035714286,0.055555556,0.09999974,0.716247153,0,0,0,0,2.473683718,-0.025640956,0,0.010084206,-0.076923077,-0.023674295,-0.021276257,0.049844237,-0.01142809,0,0,-0.006579069
-0.206896552,-0.105263158,0,0.166666667,-0.217391092,0,0,0.053962749,-0.113636318,0.013157815,0,-0.019966531,0.083333333,0.026188049,0.108695603,0.022255193,-0.00578084,-0.006849218,0,0
0.260869565,0.117647059,0.090909149,0,0,0,-0.465116146,0,-0.059829066,0.025974123,0,-0.003395643,0.057692308,0.027410155,0.00401582,0.008708273,-0.023255623,0.131034264,-0.053691145,-0.019867602
-0.034482759,-0.105263158,-0.249999896,0.070857184,0.055555335,0,0.630434761,-0.100799982,-0.118181819,-0.037974699,0,-0.025553686,-0.054545455,-0.010119691,0,0.021582734,0.035714119,-0.036585451,0.014183809,0.027027207
-0.178571429,-0.058823529,0,-0.066168659,-0.157894561,3,-0.360000155,0,0.072164855,0,0,0.01223762,-0.076923077,-0.007434508,0.059999981,0.011267606,0.011494201,0.037974776,-0.006992721,0
0.217391304,-0.166666641,0.222221987,0.106285731,0.125,0,-0.041666422,0,-0.019230705,-0.026315801,0,0.084628732,0.041666667,0.058052205,-0.056603757,-0.050139276,0.011364185,0.018292854,0.007041963,-0.02631596
-0.178571429,-0.299999991,-0.090908876,0.15702474,-0.111111111,0,0.043477994,0,-0.11764695,0.094594549,0,0.011146622,0.04,-0.012389341,0,-0.046920821,0.146066856,0.047904099,0.055944747,0.027027207
0,0.28571423,0,0.249999982,0.06249968,0,0,0,-0.066666762,-0.012345605,-0.416666667,-0.042519898,0,0.0107527,0.040000304,0.036923077,0.044117817,-0.005714125,-0.059602993,-0.02631596
0.086956522,-0.222222188,-0.10000004,-0.196428535,-0.117646693,0,0.041666888,0.067615682,-0.357142874,0.012499924,0,-0.059210356,0.038461538,0.018616855,0.09615375,0.019287834,-0.014084441,-0.022988662,0.028169238,0
-0.12,0.142857049,-0.111111327,-0.275555575,0.133332863,0,-0.127999883,0.041666623,-0.037037095,0.049382819,0,0.036713209,0.037037037,0.007832725,0.017543885,0.024745269,-0.004761524,-0.029411845,-0.020548441,-0.054053984
-0.227272727,-0.124999928,-0.124999836,-0.233128813,0,0,0,0,0.144230907,0.035294055,0,-0.008431644,-0.107142857,-0.006908265,0.017241199,-0.009943182,0,0.018182074,-0.027971915,0.02857139
-0.117647059,0,0,0.299200058,-0.117646693,0,0,-0.100799982,0.210084015,0,-0.428571429,-0.025509957,0.2,0.648093912,0,-0.015781923,-0.023924043,0,0.021582909,0
0,0,0,-0.15394088,0.066666545,0,0.10091705,0,0,-0.011363568,0,-0.010471656,-0.1,-0.005338155,0,-0.014577259,-0.049019461,0.005952296,0.007041963,0.013888926
0,0,-0.142857214,-0.090247501,0,0.150000029,-0.220833304,0,0.166666644,-0.034482771,0,0.063492585,0.111111111,0.012522308,0,0.00887574,-0.010309541,0.017751393,-0.020978736,-0.013698666
0,0,0,0.049600029,-0.125000071,-0.565217402,0.165775761,0.055160273,-0.047619003,0,0,-0.018242359,-0.133333333,-0.02826854,0,-0.002932551,0,-0.034883963,0.021428274,0
0,0,0,0.143292651,0.142857236,0,0.431192627,0,-0.037500117,0.047618989,0,-0.001689419,0.230769231,-0.024545452,-0.016948979,0.039705882,-0.007520745,-0.006023928,-0.020978736,0
-0.2,-0.035714328,-0.166666514,-0.042666647,-0.125000071,1.300000057,-0.198718037,0.053962749,-0.025974068,0,0,0.076142419,-0.0625,0.023298977,0.017241199,0.018387553,-0.073684279,0.018182074,0,0.020833278
0,0.037037082,0.19999978,0,0.035714106,0,0,0,0,-0.034090851,1,0.001571853,0,-0.022768494,-0.016948979,0.015277778,0.085227212,0.041666489,0.014285711,0.020408327
-0.083333333,-0.035714328,-0.166666514,0.044568224,0,0,0.371999714,0,-0.253333289,-0.047058917,-0.625,-0.036106436,-0.066666667,0.068033746,-0.034483013,0.094391245,-0.020942599,-0.039999836,-0.007041963,-0.026666735
-0.272727273,0.037037082,0.19999978,-0.125333309,-0.034482591,0,-0.090378719,0,0,-0.07407403,0,0.045602405,-0.053571429,0.02443264,0.053571519,-0.045,0,0.130952348,0.014183809,0
0.375,-0.214285705,-0.166666514,0,0,0,0,-0.150399932,-0.124999934,0.053333356,0,0.03271053,0,0.001703986,-0.016948979,0.020942408,0.064171157,0.042105254,0.013986244,0.034246556
0,0.09090903,0,0,0,0,0,0,-0.020408295,-0.012658315,1.666666667,0.01357471,0.056603774,-0.013605552,-0.017241404,-0.007692308,-0.045225852,0,0.048276023,-0.019867602
-0.090909091,-0.166666718,0,0,-0.142857154,0,0,0,0,-0.012820519,0,-0.011904844,-0.017857143,-0.037931406,0,-0.023255814,0.010526134,-0.030303095,0.046052994,0
-0.2,0,0,-0.047256124,0,0,0,0,0,-0.012986936,0,0.010541627,-0.018181818,-0.013440576,0,0.013227513,0.02604212,0,-0.025157422,0
0.25,0.100000128,0,0.099200058,0,0,0,0,-0.041666426,0.026315716,0,0.004471373,0.037037037,0.011807238,0,0.044386423,0.076142128,0.005208186,-0.019354988,-0.013513442
-0.2,-0.136363629,-0.20000023,-0.090247501,-0.166666967,0,-0.198718037,0,-0.043478429,0.012820602,0,0.013353343,-0.071428571,-0.010772084,-0.017544094,-0.0875,-0.094340019,-0.025906445,0.032894457,-0.027397332
0.125,-0.10526328,0,0.099200058,0,0,-0.127999883,0,-0.136363514,-0.139240645,0.5,0.042459866,-0.230769231,-0.070780133,-0.017856855,-0.024657534,-0.041666891,-0.053191324,0.006369166,0.014084545
-0.222222222,-0.05882339,0.25000036,-0.090247501,-0.199999636,0,0.146788837,-0.039548079,-0.210526357,0.029411876,0,0.129213511,0.125,0.036132572,-0.036363903,0.011235955,-0.010869137,0.011235555,-0.012657608,0.013888926
0.428571429,0.062499843,-0.20000023,0,0.249999432,0,-0.127999883,0,0.183333111,0.028571534,0,0.114427388,-0.066666667,0.00942505,0,0.072222222,0.005494534,0.044444675,0.012819877,0.020547999
-0.2,0,0,0,0.200000432,0,0,0,-0.042253244,0.041666592,0,-0.016741268,0.119047619,-0.014939237,0,0.03626943,0.005464017,-0.005319147,0,-0.05369152
-0.125,-0.176470601,0,0,0,0,0,0,-0.058823683,0,0,-0.026106063,0.106382979,0.009478584,-0.01886762,0.01,0.032609124,-0.026738185,-0.018986672,0.042553312
0,0,0,0,-0.33333327,0,0,-0.274509779,0.062500174,-0.053333356,0,0.002330948,-0.076923077,-0.007511801,0,0.183168317,-0.010526529,-0.005494505,0.006451557,0.020408327
0,0,0,0.8,-0.250000071,-0.130434804,-0.215596365,0.432432326,0.176470468,-0.014084513,0,0.06511579,-0.020833333,0.033112581,0.038461363,-0.037656904,0,0.082872767,0.012819877,0.060000047
0,0,0,-0.055999968,0,0,0.315789395,0,-0.100000025,0.028571534,0,0.030567948,-0.106382979,-0.000915384,-0.018518657,0.004347826,-0.021276791,-0.005102113,0.006329997,0.069182363
0.285714286,-0.214285733,0,-0.058380446,1,0,-0.306666611,-0.301886741,-0.055555433,-0.013888984,0,0,0,-0.012832468,0,0.112554113,0.005434895,0.010256916,0.006288737,0
-0.222222222,-0.090908879,0,-0.031999985,-0.416666659,0.249999939,0,0,0,0.070422567,0,-0.01377125,-0.047619048,0.010213427,0,-0.023346304,0.037837965,0,0,-0.005882368
0.285714286,-0.10000011,0,-0.064049623,0,0,0,0.351351332,0.058823393,0.092105302,0,0.015037678,0,0.025735318,0,-0.005976096,-0.031250012,-0.015228706,0.006250767,0.035502955
-0.444444444,0,0,0.0342164,0,0,0,0,0.138888893,0.036144515,0,-0.013756846,0,0.016129202,0,-0.03006012,-0.005376454,-0.015463916,0,0.005714118
0,0,0,-0.066168659,0,0,0,-0.250000053,-0.02439022,0,0,-0.033261602,0,0.063492156,0,-0.061983471,0,-0.015706585,0,-0.011363577
0,0.222222087,0,0,0,0,0,0,0,0.023255824,0,0.007769188,-0.05,-0.001658654,0,0.039647577,0.021621822,-0.015957591,-0.006211938,-0.0114941
0,0,0,0.035428547,0.142857236,0,0.198717607,0,0.024999975,0.147727338,0,0.050660594,-0.052631579,-0.009966745,0,-0.033898305,0.005291113,0.010810961,0.018750152,0.034883623
0,0,0,-0.172185411,0,0,0,0,0.121951343,-0.059405963,0,-0.004192944,0.111111111,-0.004194502,0,0.004385965,-0.031579349,0.016042701,0,0.022471879
0,0,-0.249999922,0,0,0,0,0,0.065217267,0.052631668,0,0.014736926,0,0.000842422,0,0.052401747,0.038043774,-0.021052775,0,0.00549452
0,-0.181818091,0.666666973,-0.125333309,-0.125000071,0,0,0.066666742,-0.142857056,-0.030000074,0,-0.022821635,-0.1,-0.003366852,0,0.012448133,-0.041884648,-0.026881718,0,-0.016393485
0,0.111111247,-0.20000023,0.237804899,0.142857236,0,-0.165775163,0.092499968,0.095238112,0,0,0.054140122,0,-0.008446106,-0.037735688,-0.024590164,-0.005464509,-0.0110498,-0.006134918,-0.022222281
0.6,0,0,0.15394088,-0.125000071,0,-0.198718037,0.215103056,-0.086956536,0.092783476,0,0.079557135,0.055555556,0.035775036,0,-0.027310924,0.01648319,-0.039106067,-0.030864441,-0.045454307
0,0,0,-0.033084372,0,0,0,0,0.083333216,0.047169953,0,-0.007462812,0,0.020559401,0.039215513,-0.023758099,-0.027026608,0.017441859,0.019108331,0
-0.125,0,0,0.310154597,0,0,0,-0.177024537,-0.032967083,-0.036036163,-0.333333333,0.048871888,-0.105263158,0.012892707,-0.01886762,-0.008849558,0.033333002,0.028571426,0.006250767,0.023809488
0,1.099999744,0,-0.026116307,0.142857236,0,0,0,0,0.084112125,0,-0.026881328,-0.352941176,0.022275504,0,0.015625,-0.032257755,0.133333323,-0.006211938,0.058139402
0,0.142857143,0,0.05363325,-0.125000071,0,0,0,0.125000084,-0.017241387,0,-0.043278301,1.045454545,-0.009338765,0,0.008791209,-0.016667002,0.024510078,-0.006249436,-0.016483647
0.571428571,-0.208333282,0,0.026272566,0,0,0,0,-0.111111178,0.078947461,-0.75,-0.051010233,-0.244444444,-0.003927721,0.019230453,0.010893246,-0.01694916,-0.038277835,0.025156804,0
0.181818182,0,0,-0.350399971,-0.142857154,0,0.495999738,0,-0.068181757,0,0,-0.009128346,0.058823529,0.012618291,0,0,-0.011494315,-0.014925164,-0.006134918,-0.00558643
-0.307692308,0.052631447,0,-0.076354721,0,0,0,0,-0.158536764,-0.016260064,0,-0.006140866,-0.055555556,0.011682328,-0.01886762,-0.010775862,0,0.050504898,-0.006172281,-0.028089961
0.111111111,0.050000064,0,0,0,0,-0.331550685,0,0.043478479,-0.008264625,0,0.118434636,0.176470588,-0.00230942,0,-0.02832244,-0.011627535,0.052884882,0.031055416,0.017340995
0.3,0,0,0.166666667,0.500000142,0,0,0,0,-0.008333391,0,0.020257949,-0.125,0.006944296,0,-0.004484305,0.029411385,0.009132289,-0.006024341,-0.005681653
0,0,0,0,0,0,0,0,-0.041666867,0.016806948,0,0.023465378,-0.085714286,0.054406142,0,-0.072072072,0.01714338,-0.018099798,-0.006060258,0.005714118
0,0,0,-0.142857143,-0.333333396,0,-0.255999901,0,-0.072463606,-0.016529143,0,-0.03350971,0.03125,-0.010174376,0.019230453,-0.004854369,-0.011236264,0,0.001243998,0
-0.153846154,0,0,0,0,0,0,0,0,0.00840342,0,-0.020072827,-0.03030303,-0.034507936,0,0.014634146,0.022727478,0,-0.006211563,0.01704541
0,0,0,0.039999962,0,0,0.677419316,0,0.062500174,0.050000022,0,0.024208679,-0.0625,-0.012927878,0.075471937,0.038461538,-0.022222419,0.036866556,0,0.011173304
0.181818182,0,0,0.361538558,0,0,-0.198718037,0,0,-0.007936562,0,-0.029090746,0.2,0.036209845,0,-0.055555556,0.005681678,0.026666601,-0.01875026,-0.022099418
0,0,0.25000036,-0.235404888,0,0,0,0,-0.058823683,-0.056000078,0,-0.050561893,-0.111111111,0.00594758,-0.035087666,0.056372549,-0.011299496,0.012987073,0.006369619,0.062146965
-0.230769231,-0.047619106,-0.20000023,-0.076354721,1.666666919,0,0,0,-0.031250048,0.016949271,1,-0.024655166,0,-0.03030288,0,0.023201856,-0.034285731,-0.017093835,-0.012657997,0.031914805
0,0,0.25000036,-0.042666647,-0.125000071,0,0,0,0.032258116,-0.016666781,0,-0.013144412,0.0625,0.024390013,0.01818152,-0.015873016,0.023669214,0.021738818,0,0
0.3,-0.19999989,0,0.044568224,-0.142857154,0,0,0,0,0.008474636,0,-0.009221386,0,-0.02752964,0.035714558,-0.02764977,0,0.021276596,-0.025641274,0.010309388
-0.230769231,0.749999943,-0.20000023,0,0,0,0,0,0.125000039,0,0,0.01861434,-0.029411765,0.00688607,0,0.047393365,-0.005780896,-0.029166433,0.013157761,0.015305998
0.4,0.178571377,0,0.166666667,0.166666682,0,0,0,0,0.050420193,0,-0.029441556,0.212121212,-0.025836002,-0.025862004,-0.158371041,-0.017441869,-0.004292206,0.006493807,-0.015075257
0,-0.090909091,0,-0.142857143,-0.428571382,0,0,0,-0.111111142,0.008000055,0,0.020920438,-0.1,0.029641411,-0.023508272,0.021505376,-0.029585518,0,-0.038709796,0.005101972
0,0.133333374,0,0,0.125,0,0,0,0,0.039682607,0,0.043032453,0,-0.015151695,0.018518594,0.110526316,0.006097593,-0.012930673,0.020134185,0
-0.285714286,-0.0294118,0,0,0,0,0.248000137,0.144164793,0,0.015267082,0,0.015717206,0,0.01461544,-0.38181813,0.030805687,0.042423917,-0.021834117,0,0
0,-0.090909091,0,0,0,0.080000063,0,0,0.062500174,0.037593953,0.25,0,0,0.017437586,-0.235294445,0.082758621,-0.04651136,-0.020488961,-0.006578722,0.005076236
0,0,0,0,0,0,-0.40384614,-0.126000025,0,-0.079710135,0,0.081238376,0.055555556,0.013412848,0.230769231,0.012738854,0.006097593,-0.032109975,-0.026490217,-0.025252588
0,0.266666626,0,-0.083999952,0,0,0,0,-0.058823683,0.023622211,0,0.065742318,-0.026315789,0.003676462,0,-0.006289308,0,-0.01895736,-0.013605631,0
0.2,0.052631645,0,0,0,0,0,0,0,0,0,-0.011330279,0.027027027,-0.013187053,0,0.012658228,0,0.019323686,0,0.010362638
0.166666667,-0.175000025,0,0,0,0,0.344085842,-0.141876466,-0.062499942,-0.030769339,0,-0.033956021,-0.052631579,0.009651331,0,0.002083333,-0.042424008,-0.01421807,-0.027585709,0
-0.071428571,0.257575795,0,0,-0.111111111,0,0,0,-0.050000074,0.01587292,0,-0.015817211,0.111111111,-0.018382413,0.500000363,-0.014553015,-0.037975251,0.019230852,-0.028368951,-0.005128219
0.230769231,-0.2048193,0,0,0,0,0,0,0,0.093750047,0,0.012499856,-0.05,-0.017228488,-0.031250008,0.046413502,0.019737149,-0.009434331,0.036496148,-0.005154571
0.0625,0.060606024,-0.249999922,-0.090247501,0,0,-0.255999901,0.165333382,0.192982671,0.007142999,0,-0.001763488,-0.052631579,0.034298484,0.032258073,0.032258065,0.019355134,0.019048238,-0.021126715,-0.005181278
0.117647059,0,0,-0.100800006,0,0,0,0,-0.176470759,-0.02127674,0,0.023852134,0,-0.000736624,0.041666475,0.072265625,0.050632496,-0.026869494,0.035971375,-0.020833385
-0.052631579,0,0,0,0.499999858,0,0,-0.141876466,0.107142851,0.043478375,0,0.000862277,-0.083333333,-0.002950035,0.170000266,-0.087431694,-0.032881155,-0.006002326,-0.041666792,0.02127665
-0.055555556,0,0,0,0,0,0,0,-0.096774188,-0.111111241,0,0.031035007,0,0,-0.008546944,-0.025948104,-0.012499313,0.019323686,0.028985443,-0.005208429
-0.058823529,-0.057142824,0,0.112099651,0,0,0,0.165333382,0.178571624,0.046875124,0,-0.00836174,0,0.057692247,0.017241148,0.008196721,0.018986711,0.014218268,0.035211305,0.020942379
0.375,0,0.333333194,0,0,0,0,-0.070938203,0.121212069,-0.014925379,0,0.022765447,0.151515152,0.050349983,-0.033898153,-0.032520325,-0.006211256,-0.018692185,-0.027211153,-0.005128219
-0.272727273,0,-0.249999922,0,0,0,0,0,0,-0.022727331,0,0.024732098,0.184210526,0.013315357,0,0.018907563,0.006250077,0.004762259,0.041958299,0.05670118
0.3125,0.075757613,0,0,0,0,0,0,0,0.031007766,0,0.012872367,-0.066666667,0.006570475,0.035087556,-0.003608247,0,0.042654011,-0.026845795,0.024390149
-0.238095238,-0.154929607,0,-0.086399968,0,0,0.677419316,0.076354665,-0.243243334,-0.030075201,0,0.029387947,0,0.019582199,-0.050847476,0.026383859,0.192546437,0.00454541,0,0.019047668
0.0625,0.3,0,-0.015761861,0,0,0,0,0.178571624,0.069767423,0,0.148148116,-0.047619048,0.0294491,0.035714542,-0.024193548,-0.13020831,-0.018099625,0.00689676,0.018691487
0,-0.05128202,0,0.032028482,-0.33333327,0,-0.198718037,-0.141876466,-0.030303148,-0.014492854,0,0.049731076,0.05,-0.021766126,-0.034482997,-0.012396694,0.065868451,-0.004607994,0.03424672,-0.004587241
0,-0.054054118,0,0,0,0,0,0,-0.062499942,-0.029411592,0,0.012804421,-0.047619048,-0.032421984,-0.017856907,0.0041841,-0.011236008,-0.009259168,0.019867184,-0.009216541
-0.058823529,-0.02857136,0.333333194,-0.084482732,0,0,0.040000115,0,-0.066666766,-0.007575712,0,0.051201127,0.05,-0.021025146,0,-0.008333333,0,0.018691207,-0.012986883,0.009302276
0,0.029411692,-0.249999922,-0.177024517,0,-0.074074128,0.2,0.165333382,0.250000044,-0.007633541,0,0.029464602,0.238095238,-0.001341935,0,0.008403361,-0.005681973,-0.004587176,-0.013157656,0.013824922
0.0625,0.142857218,0,0,0,0,0,0,-0.057142734,0.06923074,0,-0.037966684,0,0.006048354,0,-0.052083333,-0.005714015,-0.004607994,0.006666651,0
0.117647059,0.124999966,0,0,0,0,0,0,0.060605922,-0.079136856,0,-0.020643838,-0.019230769,-0.020040034,0.027272731,-0.032967033,-0.01149465,-0.027778278,0,-0.004545394
-0.210526316,0.088888916,0,-0.141876423,0,0,-0.198718037,-0.141876466,-0.085714278,-0.039062368,2.2,0.011778552,0.137254902,0.004089795,-0.026548676,0.036363636,0.023256105,-0.028571227,0.026490004,-0.013698666
0,-0.081632676,0,0.082666715,0,0,0.248000137,0,0,-0.032520442,0,-0.017768991,-0.103448276,-0.019687456,0,-0.078947368,-0.017044898,-0.024509638,-0.025806393,0.009259284
0,-0.222222249,0,0.076354623,0,0,0,0,0,-0.159663727,0.875,0.014347892,0.019230769,0.001384979,-0.009091157,-0.023809524,0.023120533,0,-0.013245215,0.036697271
0,0,0,0,0,0,-0.166666667,0,-0.125000039,0.05999989,0,-0.028905047,-0.037735849,-0.008990651,0,0.012195122,-0.00564945,-0.035175957,-0.046979872,0
0,0.142857218,0,0,-0.250000071,0,0,0,0.142857193,0.075471669,0,0.033564851,0,0.032798497,0.018348809,0.031325301,0.01136369,-0.036458344,-0.014084251,0
0.2,0.099999936,0,-0.070938166,0.500000142,0,0,0,0,-0.008771764,0,0.004289632,-0.039215686,0.019594436,0,-0.009345794,-0.005618298,0.005405353,0.01428545,-0.022123811
-0.166666667,-0.181818159,0,0,0,0,0,0,-0.031250048,0.017699006,0,-0.012812472,-0.020408163,0.015904804,-0.027027033,-0.054245283,0,-0.0537636,-0.028168954,-0.013574767
0,-0.055555522,0,-0.211822713,0,0,0,0,-0.225806493,-0.03478251,0,-0.001854221,0,0.003261571,0,0.099750623,-0.045197376,0.005681844,0.014492954,-0.018348526
0,0,0,0,-0.111111111,0,0.307692122,0,0.083333574,0.054053953,0,0.047677789,0,0.05461652,0,-0.006235828,-0.011834552,0,-0.028571819,0
-0.066666667,0,0,0,0,0,-0.264705859,0,-0.076923282,0.02564098,0,-0.054372854,-0.166666667,-0.002466156,0.203703568,0.019965773,-0.005988098,-0.01129917,0,-0.018691636
0.071428571,-0.0294118,0,0,-0.187500036,0,0,0,0,0.050000022,0,0.029999597,0.025,0.00988857,0.046153861,0.03803132,-0.018071883,0,0.014706089,0
-0.066666667,0.090909091,0,0,-0.230769547,-0.119999963,0,0,0.166666735,0.031746147,0,0.040048347,0,0.013463898,-0.014705687,-0.045258621,0,0.03428562,0.007246361,0.009523758
0.142857143,0,0,0,0,0,0.248000137,0,-0.124999934,0.061538281,0,0.081680089,0.024390244,-0.004226906,0.022388062,-0.042889391,-0.012270178,-0.005524732,-0.021582918,0
-0.1875,0.055555522,0,-0.024999989,0,0,-0.198718037,0,0,-0.043478188,0,-0.019956635,-0.047619048,-0.017586358,0,0.004716981,0,-0.027777817,-0.007352926,0
0,-0.026315726,0,0,0,0,0,0.165333382,0,0.022727331,-0.666666667,-0.020363099,-0.05,0.008641761,0.065693438,0.004694836,0.012422606,-0.03999993,-0.022222177,-0.01415083
-0.230769231,0.02702696,-0.333333403,0,0.100000443,0.136363589,0,0,0.020408194,0.059259183,0,-0.020224791,-0.052631579,0.003672329,-0.013698764,-0.028037383,-0.018405221,0.005952323,0.01515191,0.014353951
0,0.026315822,0.500000156,0,0.272727235,0,0,0,0,-0.013985929,0,-0.027523127,0.111111111,0.020121866,0,0.076923077,0.024999841,0.005917102,0.022387945,0.028301886
0.7,0,0,0,-0.214285691,0,0,0,0,-0.028368803,0.1,0.009433936,0.25,0.071129517,0.02777765,-0.002232143,0,0.029411808,0.007299136,0
-0.411764706,-0.102564134,0,0,0,0,-0.200000125,-0.141876466,-0.040000158,-0.043795635,0,0.000583983,0.12,-0.001674072,-0.027026906,-0.085011186,-0.030487456,0.011428301,-0.03623227,0
0,-0.085714289,-0.333333403,0,0,0,0.250000196,0,0.083333574,0.038167706,0,-0.002918767,-0.035714286,-0.012856363,0.111111003,0.017114914,0.02515735,-0.005649743,0,0.036697271
0.8,-0.124999928,0.500000156,0.20192309,0.272727235,0,-0.040000204,0,0,0.058823753,0,0.009368215,-0.037037037,-0.01755377,0,0.076923077,0.02453953,-0.028409219,-0.007518542,-0.01327423
0.055555556,-0.035714328,0,0,0,-0.279999958,0.041666888,0.165333382,-0.076923282,0,0,0.020156313,0,-0.042075045,0.012500125,-0.020089286,-0.011976017,0.023392248,0,0.004484245
-0.210526316,0,-0.333333403,-0.085333294,-0.214285691,1.333333212,-0.192000138,0,0,0.055555486,0,0.016631129,-0.076923077,-0.012635454,0,0.034168565,0.006060499,-0.01714293,0.007575499,-0.008928665
0,0,1,0,0,-0.16666668,0.237623974,0,0,0.013157815,0,0.017337611,0.041666667,-0.031078476,-0.024691315,0,-0.018071883,-0.011627876,0,0.013513693
0,0.037037082,-0.249999922,0,0,0.314285824,0,0,0,0.006493635,0,0.036833837,0.08,-0.008804994,0.012658058,0.026431718,0.012269627,-0.011764592,-0.015037386,-0.013333508
0,-0.035714328,0,0,0,0.969565132,0,-0.070938203,-0.083333059,0.025806378,0,-0.034994945,-0.037037037,0.050761306,0.025000178,-0.015021459,0.01212118,-0.005952406,0,-0.009009033
0.266666667,0.18518514,0,0,0,0.048565136,0,0,0.090908764,0,0,0.043955915,0,0.014492963,-0.012195171,0.010893246,-0.011976017,0.023951611,0.015266961,0.009090933
0.210526316,-0.124999928,0,0.093294414,0,-0.105263201,-0.200000125,-0.07635473,0.020833471,0.044025217,0,0.056842155,-0.076923077,0.00476186,-0.037037045,-0.017241379,0.006060499,-0.046783354,0.007519448,0.009009105
-0.304347826,0,0,0,0,-0.10588234,0.10000019,0.165333382,-0.102040668,-0.012048197,0,-0.043824338,0.208333333,-0.010071185,-0.01282064,0.004385965,0.012048613,0.036809977,0.022387945,0
-0.0625,0,0,0.165333324,0,-0.096052644,0.136363618,0,-0.090909213,-0.018292729,0,0.015624929,-0.034482759,-0.008976726,0,0,-0.011905172,-0.011834287,-0.005979152,-0.008928665
0,0.464285607,0,-0.141876423,0,0,0,0.144164793,0.100000148,-0.012422366,0,0.01538422,0,-0.01932375,-0.012986841,0.043668122,0.054216911,-0.052395303,0,0.045045236
0,0,0,-0.085333294,0,0.273653582,0.399999982,0,0.18181809,0,0,0.04141461,-0.017857143,0.013546893,0.019736846,0,0.022857255,0.042653726,0,0.008620574
0.533333333,0.024390274,0.333333194,0,0.272727235,-0.091428493,0.428571447,-0.064000038,-0.153846088,0.031446596,0,0.006789097,0.018181818,-0.001822475,-0.019354842,-0.046025105,0.011173154,-0.018181732,0.00751869,0.008547031
-0.347826087,-0.047619019,0,0.183673472,-0.214285691,0.021383537,0,0,-0.045454607,0.024390254,0,0.004335603,0,-0.031040725,0,0.006578947,0.027624154,0.002740587,0,0.006355847
0,-0.100000027,0,0,0.272727235,0,-0.252000131,0,-0.023809616,0.071428599,0,-0.023021892,0,-0.017587952,0,0.02832244,0.069892621,0.074534439,0,0.010526377
0.266666667,0,0,0,0,-0.11330043,0.33689863,0.134615474,0.024390341,-0.027777895,0,0.003927255,0,0.000638856,0,-0.063559322,-0.236180734,0,-0.007462581,0.025000065
0.157894737,0,0,-0.155172415,0.142857236,0.013888876,0.399999982,0,0.333333098,0.022857228,0,-0.016136768,-0.035714286,-0.006389401,0.013157719,-0.047511312,0.013158054,-0.023121574,0,0
-0.318181818,0,0,0.183673472,1,0,0.028571575,0,-0.28571421,-0.011173261,0,-0.015904685,0.037037037,-0.012861616,-0.006493383,-0.013064133,0.019480072,-0.005917127,0,-0.024390306
0,0,0,-0.076354721,0,0,1.083333126,0,0,0,-0.272727273,-0.038383692,-0.071428571,0.012377617,0,0.010830325,0.050955473,0.005952348,-0.007518926,-0.024999998
0.2,0,0,0,-0.187500036,-0.054794561,-0.291999983,-0.118644137,0.100000148,0.079096156,0,0.007878327,-0.076923077,0.00128731,0,0.052380952,0.01212118,0.082840103,0.015151539,-0.07692314
0.111111111,0.027777812,0,-0.168000009,0,0.176811576,0.177024314,0,0.272726966,0.099476511,0,-0.034393076,0.0625,0.019922758,0.009296235,-0.013574661,-0.029940132,-0.03825146,0.007462581,0.013888926
-0.25,0.054054019,0,0.099359034,0.076923037,0.022167437,-0.150399879,0.134615474,-0.28571421,-0.076190561,0,-0.146384137,-0.019607843,-0.028355143,0,-0.020642202,-0.049382311,-0.045454303,-0.029629562,0
0,-0.128205097,0,0,0,0,-0.039548062,0,0,-0.04123713,0,0.061008574,0,0.0162123,-0.013157994,0.039812646,-0.025974822,0.005952348,0.0076336,-0.013698666
0.466666667,-0.0294118,0,0,0,-0.024096288,0.286274352,0,0.124999815,-0.043010771,0,0.001042735,-0.04,-0.012125036,0.026666565,0.02027027,0.020000555,0,0.007575888,0
-0.090909091,-0.030303067,0,0,0.142857236,0,-0.190548648,-0.177024537,0.022222149,-0.044943767,0,-0.047618799,0,0.026485841,0,0.030905077,-0.026143328,0.017751381,-0.015037733,-0.018518494
0.1,-0.124999928,0,0,0,-0.151851887,-0.227871834,0,-0.21739098,0.041176372,0,0.076249759,0.083333333,0.088735053,-0.012986816,0.096359743,0.013422374,-0.023255687,0,-0.056603697
0,0.035714197,0,0,0,0,-0.085366,0,0.111110913,-0.022598808,0,0.002903603,0,0.021965236,-0.026315988,-0.134765625,-0.026489894,0.011904613,-0.015267319,0.029999997
0.136363636,-0.10344828,0,0,0,0,0.082666621,0.430205931,0,0.011560624,0,0.02953041,0.076923077,0.019230954,0,0.006772009,-0.013606013,0,0.023255975,-0.038834896
-0.12,0,0,0,-0.375000284,0,-0.014778467,0,0,0.011428577,1,0.069741765,-0.107142857,-0.01831307,0,0.085201794,-0.048275025,0.152941075,-0.022727427,0.005050357
-0.090909091,0,0,0,0,0,0.015000146,-0.300799991,0,-0.00141233,-0.5,0.002103001,0.08,-0.005087593,0,0.090909091,0.040455047,-0.051020276,0.007752073,0.085427121
0.1,0,-0.249999922,-0.090379058,0,-0.061135262,-0.137931034,0,0,0.029702991,0,-0.036594878,0,0.009091067,0,-0.049242424,0.04195787,-0.010752703,0.00769232,0.041666851
-0.181818182,0.076923174,0.333333194,0,0,0,0,-0.070938203,0,-0.021978101,0,0.033628241,0.074074074,-0.006757013,0,0.027888446,-0.013423199,-0.010869506,-0.022900799,0.004444314
-0.055555556,-0.071428656,-0.249999922,0,0,0.038759703,0,0.539408826,-0.149999913,0.005618016,0,-0.01633313,-0.068965517,0.011337925,0,-0.05620155,0.040816587,-0.010989178,-0.015624718,-0.026548742
-0.176470588,-0.076923034,0.333333194,0,0.200000432,0,-0.057142574,0,0.41176433,-0.033519566,0,0.018746842,0,-0.038116635,0,0.014373717,0.052287513,0.033333461,-0.015873099,-0.018181794
0.357142857,-0.125,-0.249999922,0,-0.33333327,-0.014925456,-0.030303244,0,0,0.040462482,0,0.027339095,0.111111111,0.013403367,0,-0.012145749,-0.006211034,-0.010752703,-0.00806497,-0.009259136
0.052631579,-0.047619106,0.333333194,0.099359034,0,0,0.093749913,0,-0.249999743,-0.005555593,0,0.019447787,0,0.003450349,0,-0.00204918,-0.043750079,0,0,0.009345669
-0.35,-0.150000009,0,-0.090379058,-0.062499893,0,-0.085714213,0.099200068,-0.055555628,0.00558663,0,-0.021084292,-0.016666667,-0.0166191,-0.040540545,0.017967146,-0.019608061,0.032608817,-0.008129459,-0.018518494
0.076923077,-0.05882339,-0.249999922,0,0.399999955,0.08787867,-0.024999958,0,0.176470468,0.055555504,-0.25,0.01538422,-0.050847458,0.006993274,0,-0.15279879,0.040000254,-0.02631586,0.024590065,-0.004717069
0,-0.062500072,0,0,0,0,0,0,0.100000148,0.010526252,0,0.046465121,-0.071428571,-0.012731566,0.014084616,-0.014285714,0,0.005405376,-0.023999906,-0.014217897
0,-0.133333252,0,-0.19871794,-0.333333442,0,0,0.181950467,-0.090909213,-0.010416604,0,-0.030405951,0,-0.045134996,0,-0.014492754,-0.006410296,-0.026881796,-0.040983657,0
0,0,0,-0.252000014,0,0,-0.301282035,-0.07635473,-0.099999839,-0.010526252,0,-0.030363135,0,0.030079983,0,0,0,-0.027624389,-0.025641125,-0.019230743
0.428571429,0.730769068,0,0,0,-0.12952637,0.146788837,0.166666714,-0.055555628,0,0,0.099589463,0,-0.036352903,0,-0.088235294,-0.025806707,-0.01136334,0.017543953,0.039215631
-0.3,-0.111111165,0,0,0.142857236,0,-0.204000164,0,0.117646785,-0.01063837,0,-0.021008423,0.038461538,0.029065966,0,-0.043010753,-0.026490039,-0.005747015,0,-0.009433912
0,-0.099999945,0,0.165775395,0.06249968,0,-0.060301479,0,0.05263173,-0.005376381,0,0.032904211,-0.074074074,0.022836715,0,0.109550562,0.03401433,0.023120934,-0.008620363,-0.019047592
0,0,0,0.146789018,-0.176470407,0,0,-0.071999986,-0.200000049,-0.010810746,0,0.010156995,0.04,0.024676913,-0.006944338,0.111392405,0.059209981,0.033898438,0.008695319,0
0,0,0,0,0,0,-0.304812636,0,0,-0.021857932,0,-0.17413168,-0.038461538,-0.037843967,0,-0.050113895,0.006211311,-0.010928978,0,-0.038834896
0.428571429,0,-0.333333403,-0.252000014,0,0.280000013,0,0,0,-0.016759819,0,-0.118428306,0.1,-0.008939362,0,-0.074340528,0.037036526,0.044199037,0,-0.040404222
0.1,0,0.500000156,0,-0.071428537,0,0,-0.307881778,0.062500174,0.028409067,0,0.057752841,-0.090909091,0.033674198,0,-0.005181347,-0.017856728,0.010582025,0,-0.010526176
-0.136363636,0,-0.333333403,0,0,0,0,0.444839868,-0.058823683,-0.066298302,0.333333333,0.00593425,0,-0.013961723,-0.013986119,-0.015625,-0.012121287,-0.005235573,0.008620701,-0.0425533
-0.210526316,0,0,0.165775395,0.076923037,0,0,0,0,0.011834324,0,-0.028908252,0.12,0.002359776,0,0.111111111,0,0.042105246,0.017093771,0.061111185
0,0.055555623,0,0,0.28571439,0,0.076922859,0,0.12500027,0.005847918,0,-0.120291706,-0.035714286,0.016480718,0,-0.00952381,0.018405479,-0.010101233,0.033613101,-0.036649226
0,-0.157894727,0,0,0,0,0.285714571,0,0,-0.029069818,0,-0.008287653,0.074074074,-0.030689359,0,-0.038461538,0.006023592,0.04081646,0.065040962,0.03804349
0,-0.125000143,0.500000156,-0.403669732,0,0,0,-0.230295587,0.055555216,-0.005987911,0,0.072424208,-0.034482759,0.015531729,0,0.0075,0.035928276,0.014706073,0.030534279,0.026178078
-0.2,0.14285733,0,-0.076923006,-0.111111111,0,-0.13333335,0,-0.157894668,0.012048197,0,-0.05519546,-0.035714286,0.007647008,0,-0.019851117,-0.034682204,0.004830757,-0.007407303,-0.015306161
0.416666667,0,0,0.041666625,0.125,0,0,0,0,0.059523756,0,0.057732407,-0.037037037,-0.023934748,0,0.02278481,0.017964093,0.019230796,0.022387977,-0.005181278
-0.117647059,0,0,0.279999971,-0.166666572,0,0.217948343,0.299200035,-0.124999807,-0.005618016,-0.375,0.005847586,0,-0.026913734,-0.035461101,0,0.023529206,0,0.021897845,-0.005208429
0,-0.062500072,0,0,0,0,-0.178947116,-0.07635473,0,-0.01129944,0,0.014858188,0,-0.005531536,0,-0.069306931,-0.017241232,0.018868211,-0.007142868,0
0.266666667,0.133333252,0,0,0,0,0,0.082666726,0.071428225,-0.039999909,0,0.054105717,0.038461538,0.011742847,0,0.031914894,0.011696066,-0.013889064,0.028776911,-0.005235699
-0.105263158,0.117647211,0,0,0,0,-0.166666667,-0.07635473,0,0.035714299,0,0.10144954,-0.037037037,0,0,0.00257732,0.069363805,-0.009389813,-0.006992909,-0.010526176
-0.058823529,0.263157814,0,0,0,0,0.038461558,0,0.066666777,0.02298844,0,0.004933725,0,0.00671935,0,-0.035989717,-0.010810719,-0.037914418,0.007042154,0.015957403
-0.0625,-0.270833282,0,-0.062500004,0,0,0.037036807,0,-0.093750145,0.056179872,0,-0.014729724,0,0.006068122,-0.01470566,-0.072,-0.027322657,0.009851683,-0.034964654,-0.020942379
0,0,0,0,0,0,0,-0.083999917,0,-0.074468111,0,-0.094684525,-0.038461538,-0.006031522,0,0.048850575,0.028090155,0.078048977,0.021738817,0
0.266666667,0,0,0,0,0,0,0.318777257,-0.103448026,0.057471212,0,0.02874613,0.04,-0.047330052,0.022388057,0.191780822,0.027322413,-0.004524737,0.00709221,0.026738036
-0.210526316,0,0,0,0,-0.050000037,0,0,0.153845898,0.059782458,0,0.065992996,0,0.007006464,0,0.002298851,-0.047872006,0.00909111,0.007042154,0
0.266666667,0,0,0,0,0,-0.071428383,0,0,-0.015384525,0,-0.028443853,0.038461538,-0.009487555,0,-0.002293578,0.011172917,-0.022523015,0,0.015624873
-0.157894737,0.428571399,0,0,0,0,0,-0.241721834,0.066666777,-0.041666619,0,-0.024110532,-0.009259259,-0.063805585,-0.036496458,-0.013793103,0.005524731,0.004608589,-0.006992909,0.015384737
0.1875,0,0,-0.199999947,0,0,0,0.273653502,0,-0.076086918,0,-0.088235589,0.018691589,-0.054407838,0,0.025641026,-0.021978242,0,-0.007042264,-0.010101035
-0.157894737,-0.200000088,0,-0.458333375,-0.066666849,0,0,0.035428595,-0.062500097,0.011764634,0,0.029032714,-0.009174312,-0.01019653,0,-0.043181818,0.0056186,-0.022935715,-0.042553258,-0.030612403
-0.125,0,0,0,0,-0.013157883,0,-0.034216358,-0.033333388,0,0,0.019435718,0.018518519,-0.028697476,0,-0.014251781,0,0,-0.037036981,0.010526512
0.071428571,0,0,0,0,0,0,0,0.103448452,0.029069743,0,0.027060438,-0.018181818,0.061363689,0,0.043373494,0.033519085,-0.009389813,0.046153798,-0.010416859
0.066666667,-0.150000009,0,0.230769248,-0.071428537,0,-0.038461644,0.035428595,-0.062500097,-0.050847372,0,0.056286849,-0.037037037,0.053532958,0,-0.057736721,0,-0.009478424,0.014706252,0.010526512
0,0,0,0,0,0,0,-0.172185483,0,-0.029761955,0,-0.043083297,0.038461538,0.00813004,-0.030302915,-0.022058824,0.010811202,-0.014354249,0.007246045,0
0.1875,0.176470601,0,0,0,-0.013333322,-0.119999986,0,0,-0.116564349,0,-0.026066411,-0.037037037,0.002688317,0.01562476,-0.010025063,0.02673765,-0.009708818,-0.013254484,0
-0.052631579,0,0,0,0,-0.013513502,-0.154545356,0,-0.099999753,-0.041666771,0,0.093673898,0,0.02680967,0,0.015189873,0.005208599,-0.009803732,-0.044776513,-0.010416859
0.111111111,0,0,0,0.076923037,0.013698618,-0.172043252,0,-0.074074176,0.028985521,0,0.021690559,0,0.036553458,0,-0.039900249,0.031087652,0,0.031250148,-0.010526176
0.25,-0.150000009,0,0,-0.071428537,0,0.298701301,0.333333427,0.279999921,0.098591503,0,0.045182833,0,0.02015106,0,-0.012987013,-0.06532623,0.050296905,-0.022727566,-0.010638325
-0.04,0,0,0,0,0,-0.199999821,-0.250000053,0,-0.051281994,0,-0.01197974,0.057692308,-0.004938014,0,0.089473684,0.118278919,0.01659122,0.031007844,-0.032258147
-0.041666667,-0.05882339,0,0.950000022,0,-0.155405401,0,0.333333427,0.031250126,-0.020270323,0,0.018450881,-0.054545455,-0.02977713,0,-0.072463768,0,0.017804097,0.00751928,0.044444562
-0.086956522,0,0,-0.358974326,0,0,0,-0.062999933,-0.030303148,0.08275875,0,-0.004141185,-0.038461538,-0.015345014,0,0.026041667,-0.004807151,-0.019679112,0,-0.015957657
0.095238095,0,-0.333333403,0,0.076923037,0,0,-0.199573219,0.031250126,0.019108246,0.2,0.027026989,-0.02,0.001298725,0.023076926,0.065989848,0.057971005,-0.002230476,0.037312836,-0.027026929
-0.086956522,-0.062500072,0,0.399999901,0,0.119999946,-0.062500035,0,0.030303073,0.062500025,0,0.011639914,-0.020408163,-0.051232376,0,0.023809524,0.03196346,0.028315894,0.028777174,-0.005555659
0.047619048,0,0.500000156,-0.071428576,-0.142857154,0,0,0,0.058823611,0.047058765,0,-0.011505986,-0.020833333,-0.003417506,0,-0.037209302,-0.013274483,-0.013043498,-0.027972213,0.005586697
-0.045454545,0.066666748,-0.333333403,-0.307692255,0,0,0,0,0.027777402,-0.005618016,0,0.021255019,0.021276596,0.012345714,0.022556394,0.016908213,-0.022421597,-0.022760592,0.035971551,0.022222281
0.142857143,0,0,0.388888834,0,0.0428572,0,0,0.027027072,0.02824871,0,-0.000991097,-0.041666667,0.020325483,0,-0.040380048,-0.013761486,-0.018783218,0.013889139,0.005434624
0,0.124999914,0,0,0,0,-0.173333422,0,0.263157867,0.005494472,0,0.011905044,0.043478261,0.012615963,0.007353166,0.047029703,-0.004651469,0.020674082,-0.013698873,-0.032432436
-0.166666667,0.055555623,0,-0.119999965,0,0.027397236,0.016128917,0,-0.208333316,0.038251346,0,-0.001961208,0,-0.003278471,0,0.016548463,0.042056492,-0.033758394,0.006944356,-0.05586572
-0.05,-0.157894727,0,0,0,-0.084000023,0.11111122,0,-0.105262939,-0.005263262,0,-0.039292468,-0.145833333,-0.026315897,0,-0.03255814,0,-0.029503321,-0.006896465,0.041419941
-0.052631579,0,0,0.363636273,0,0.179039349,0.285714571,0,0.029411805,-0.026454938,0,-0.033230873,0.073170732,-0.011486792,0,0.004807692,-0.044842727,0.004800469,0.006944356,-0.01704541
0.111111111,-0.062500072,0,0,0.083333389,-0.024691417,-0.222222395,0,-0.085714471,0.032608709,0,0.042305523,-0.113636364,-0.045796197,0,0.028708134,0,0.012738556,0,-0.005780178
-0.15,0.133333252,0,0,-0.076923124,-0.091139281,0.285714571,-0.250666631,0.062500174,0.052631668,0,0.120243416,0.128205128,0,-0.021897808,0.044186047,0.051642726,0.040880664,0,0.040697406
-0.117647059,0,0,-0.199999947,-0.166666967,0,-0.311111253,0.334519509,0.205882201,0.130000042,0,-0.051630156,-0.045454545,0.021490066,0,-0.006681514,0.040178692,0.002265788,-0.020689501,-0.011173037
0,-0.176470601,0,0.249999917,-0.099999591,0,0,0.082666726,-0.097561123,0.03982282,0,0.047755299,-0.047619048,-0.028050611,-0.029850971,0.022421525,0.085836675,0.049736146,0.049295902,0
0,0,0,-0.299999987,0,0,0,-0.07635473,-0.081080816,0.012765936,0,0.043299585,0.1,0.015151389,0,0.035087719,0.04975549,0.022971908,0.006711117,0.028248571
0,0.071428665,0,0.428571402,0,-0.043175426,0.129032241,0.24933351,-0.058823683,-0.00840342,0,-0.007426569,0.045454545,0.006396808,-0.007692191,-0.033898305,-0.079245917,0.013333493,0.006666787,-0.027472512
